Date,A,B,C,D,E,F,G,H,I,J,K,L,M,N,O,P,Q,R,S,T,U,V,W,X,Y,Z,AA,BB,CC,DD,EE,FF,GG,HH,II,JJ,KK,LL,MM,NN,OO,PP,QQ,RR,SS,TT,UU,VV,WW,XX,YY,ZZ
2000-01-01,206.31,186.98,142.65,248.31,115.85,119.59,67.43,169.09,169.56,244.4,93.66,283.91,125.66,121.3,154.97,215.95,283.38,118.72,236.78,110.96,143.37,76.97,157.76,289.16,132.66,221.95,166.02,117.8,281.18,254.26,96.23,248.83,273.66,279.05,249.21,236.11,256.53,196.84,245.24,89.71,104.9,235.4,159.34,288.34,131.71,185.35,188.47,155.31,58.71,217.3,126.66,204.72
2000-01-02,207.12,188.68,141.78,245.44,115.03,119.39,66.88,166.99,167.95,245.23,93.69,286.9,125.49,122.34,154.81,216.82,280.58,118.61,235.1,110.68,144.85,76.68,159.72,291.81,133.44,220.76,166.67,116.0,278.31,255.33,96.0,251.57,273.95,272.92,249.75,233.53,257.96,199.02,250.82,89.99,105.32,239.07,160.03,288.72,131.5,184.87,191.06,155.64,58.51,218.64,128.07,207.7
2000-01-03,207.76,186.17,139.63,247.78,115.75,117.65,66.49,164.86,166.9,248.97,93.93,289.22,125.71,123.65,159.38,215.31,279.09,119.52,233.4,110.53,146.05,77.74,157.06,291.83,135.45,218.42,166.53,116.85,274.26,252.22,95.63,252.0,276.37,277.08,247.87,235.61,260.61,199.17,250.5,89.11,105.48,238.32,160.18,288.05,131.96,185.12,191.36,155.12,58.74,217.85,128.33,207.42
2000-01-04,203.84,183.97,141.09,252.27,113.52,117.39,66.56,163.62,169.17,249.13,95.77,288.54,124.6,122.87,158.57,215.03,281.28,120.24,237.98,110.63,146.61,77.39,156.08,288.84,138.31,218.82,165.12,117.2,275.42,255.84,94.8,252.3,269.67,282.91,241.71,235.81,258.09,197.33,251.86,89.71,105.84,240.4,159.12,285.66,130.81,182.03,194.31,156.9,58.02,220.24,129.51,207.78
2000-01-05,202.35,183.61,139.42,250.49,111.59,116.33,66.66,162.57,169.17,247.83,97.32,285.82,125.16,123.49,153.88,216.55,277.53,119.54,234.63,110.51,143.82,76.77,156.66,287.53,136.99,216.04,163.85,118.0,272.94,256.81,94.73,251.37,270.01,284.04,242.05,235.02,259.58,198.67,252.99,90.97,105.9,241.54,161.35,284.82,131.74,182.46,196.61,158.35,58.32,217.87,128.76,208.71
2000-01-06,201.98,179.48,140.71,252.66,113.62,117.19,67.5,160.17,168.67,245.33,96.51,285.01,124.61,123.43,153.8,217.83,275.08,120.59,233.67,110.82,143.18,76.48,152.44,292.35,137.14,214.23,167.97,119.04,270.5,260.78,95.0,251.5,270.54,285.5,246.25,233.02,260.42,201.34,250.12,91.01,106.84,242.11,160.66,281.97,130.71,182.85,198.94,158.77,58.0,215.56,128.76,207.18
2000-01-07,198.67,177.47,140.19,256.99,113.43,116.18,69.64,162.21,170.1,243.59,95.49,282.21,122.95,123.98,154.23,222.5,276.84,119.37,232.11,109.12,145.32,76.37,154.48,288.64,136.71,215.09,164.2,116.14,273.53,257.49,95.5,252.0,270.72,286.68,244.92,233.02,256.68,199.81,253.96,90.5,105.34,239.8,161.78,283.28,131.42,184.32,199.33,158.4,58.57,218.28,126.1,210.4
2000-01-08,200.23,180.36,142.06,257.19,113.61,116.55,70.34,163.41,168.48,244.21,94.19,278.48,120.01,123.48,153.69,222.78,272.68,120.72,231.17,108.71,144.59,77.86,152.07,291.81,139.18,214.74,166.12,116.34,271.76,256.94,95.77,246.9,270.81,288.95,242.89,229.22,255.12,198.62,253.85,91.28,104.03,239.59,158.94,283.64,131.81,186.72,202.6,159.39,58.68,225.98,127.92,212.78
2000-01-09,200.44,180.49,143.79,253.44,116.08,116.64,71.24,161.67,172.71,237.85,96.18,283.86,118.5,123.95,151.91,225.51,269.28,121.34,232.63,107.97,145.76,77.59,152.59,289.75,139.5,215.95,166.3,114.92,272.53,249.98,95.82,242.05,269.7,283.49,240.68,235.8,254.0,196.98,255.24,91.73,105.08,236.91,158.09,289.02,132.37,187.62,204.7,160.17,59.49,224.58,127.42,210.7
2000-01-10,197.71,182.17,141.14,258.53,116.29,118.14,71.23,159.71,174.29,237.32,93.85,282.5,118.88,126.81,152.53,226.94,270.64,122.32,233.65,108.17,145.05,76.05,150.66,290.17,142.18,217.36,169.08,113.63,270.03,248.16,95.82,235.99,270.86,285.84,243.16,231.97,252.7,196.5,255.32,92.84,103.93,241.64,158.07,294.08,132.69,187.39,202.82,159.34,58.7,224.85,127.57,210.65
2000-01-11,195.27,180.32,140.15,260.23,116.72,117.06,71.85,157.09,176.12,237.21,92.93,284.45,120.03,127.75,153.34,226.23,274.34,121.15,233.77,106.33,145.63,76.18,151.39,292.35,142.82,219.06,169.38,112.67,272.95,246.51,95.37,236.99,271.09,289.93,242.03,232.94,251.42,195.18,256.7,90.59,104.84,241.94,156.2,300.96,130.89,185.91,202.38,157.53,59.46,224.57,129.81,210.95
2000-01-12,196.02,182.41,141.06,264.03,116.75,118.04,72.32,156.36,178.91,238.22,93.73,284.07,121.37,127.83,153.32,225.52,272.17,123.02,231.96,105.84,145.62,76.11,152.05,290.79,145.51,220.72,169.14,112.12,273.79,247.87,94.55,240.29,273.2,289.6,238.57,232.38,250.63,195.18,260.51,91.05,105.18,245.3,159.04,301.12,131.42,186.94,205.18,159.03,60.33,228.78,130.49,210.71
2000-01-13,196.65,182.89,140.49,270.36,114.48,118.63,72.22,157.11,175.37,239.04,94.18,285.8,122.41,128.72,151.34,226.26,271.08,123.66,230.04,106.56,144.99,76.51,151.75,287.8,146.7,218.39,169.31,112.75,272.64,249.54,96.31,240.89,269.36,287.39,235.73,233.24,255.41,197.74,259.84,89.93,105.24,246.33,160.5,306.27,129.7,183.41,206.73,163.03,59.7,227.04,131.38,212.34
2000-01-14,196.4,182.34,138.43,268.94,115.54,118.02,71.87,159.06,178.88,232.85,94.17,285.5,123.3,126.64,149.0,229.97,267.99,125.62,229.46,107.61,143.43,75.89,149.83,284.62,146.39,219.21,170.22,112.59,273.83,248.59,95.79,241.0,268.33,293.52,241.05,231.83,254.75,199.41,262.28,89.5,105.28,243.94,162.13,310.28,128.54,179.79,207.88,164.81,59.04,228.27,132.77,211.27
2000-01-15,199.42,182.98,137.71,275.21,114.69,116.93,72.32,157.82,177.8,232.35,93.2,288.49,123.51,123.61,150.46,229.01,269.1,125.33,227.27,107.9,142.95,76.52,149.3,285.22,144.55,221.64,171.08,112.81,275.71,247.89,96.46,240.54,266.94,298.77,241.87,233.48,254.84,198.19,263.46,88.15,105.45,240.88,162.9,314.7,128.33,179.64,207.0,166.62,59.37,228.72,132.86,210.34
2000-01-16,198.72,185.15,138.01,274.15,116.05,116.87,72.86,157.27,178.15,232.73,92.31,290.31,121.43,124.87,151.47,226.53,268.9,125.88,230.11,108.82,144.37,77.64,150.89,284.46,144.46,221.34,170.65,115.89,276.25,251.72,95.74,239.2,265.4,305.68,240.16,234.7,253.23,193.29,271.06,88.45,106.28,243.6,162.18,314.48,129.18,182.18,208.67,165.05,58.69,231.48,131.74,209.66
2000-01-17,198.37,185.65,136.38,273.5,115.64,118.45,73.37,154.97,179.32,229.0,91.05,288.62,121.56,124.29,151.46,226.42,269.75,125.6,232.54,108.2,145.05,77.94,150.55,282.56,145.77,220.85,170.32,115.84,273.52,250.88,96.93,237.95,265.8,308.68,239.34,233.42,256.08,193.82,268.52,88.21,106.46,242.55,159.69,308.98,129.36,176.72,206.12,162.34,59.38,232.18,135.27,207.49
2000-01-18,194.37,184.73,135.81,272.58,115.17,118.7,73.29,155.22,180.15,228.95,90.89,287.46,121.89,124.6,149.35,227.81,273.34,127.1,236.93,107.86,142.08,77.43,151.62,280.86,144.64,219.81,168.82,116.85,267.72,251.25,96.75,241.81,266.47,309.81,243.84,232.46,260.38,197.17,265.39,87.67,105.27,241.67,158.81,306.48,126.98,176.63,205.87,163.27,59.32,234.29,135.01,206.41
2000-01-19,190.7,182.89,136.11,272.75,112.4,115.78,74.74,155.63,178.99,232.51,90.98,288.37,121.07,121.76,147.34,228.26,276.25,127.37,238.32,107.25,142.78,77.03,149.52,281.64,146.62,213.68,168.71,120.25,270.24,253.19,96.72,240.82,267.86,312.74,242.22,231.92,259.87,196.22,268.03,87.63,105.72,239.93,160.96,301.31,126.56,173.26,205.95,164.14,58.89,236.46,135.81,209.35
2000-01-20,188.79,183.17,135.11,278.13,112.63,114.85,73.61,157.84,182.08,234.84,91.03,285.38,118.99,121.17,146.63,229.59,269.23,124.87,239.09,109.07,141.77,76.68,151.41,281.5,146.27,213.94,170.88,122.2,277.91,254.98,95.1,239.52,265.71,313.05,240.71,231.24,260.12,194.28,263.3,89.58,104.58,243.07,159.8,299.32,127.8,173.61,205.55,165.86,57.72,236.05,134.16,204.88
2000-01-21,190.44,182.22,132.72,276.24,112.54,116.64,72.86,157.05,179.75,232.38,90.32,278.03,118.11,119.14,145.13,232.23,266.11,124.01,242.63,108.87,143.11,75.82,149.89,280.08,145.96,215.14,172.42,122.53,279.78,256.52,95.12,241.36,268.44,314.34,237.94,233.19,258.91,192.94,262.94,88.41,104.7,240.97,162.41,297.27,127.27,175.04,206.24,164.29,57.67,237.66,133.88,205.46
2000-01-22,188.34,183.05,130.4,275.98,111.13,117.12,73.41,157.22,179.5,226.56,89.62,276.38,118.91,118.33,144.04,230.7,268.37,124.55,241.0,107.93,141.02,77.26,144.8,276.06,148.44,216.26,171.14,122.62,283.18,254.47,94.9,242.03,270.92,313.24,240.72,233.75,257.66,190.75,262.71,88.9,104.51,239.31,162.19,294.85,128.53,173.89,207.8,165.54,58.41,236.09,133.37,209.29
2000-01-23,187.44,182.16,131.05,270.57,111.36,116.47,72.4,156.69,180.37,228.82,88.96,274.8,118.38,118.16,145.7,230.46,268.43,126.57,245.59,106.22,142.5,77.97,147.11,274.44,148.87,213.9,168.42,124.03,286.51,249.88,95.89,240.31,269.49,305.14,242.91,235.03,256.26,189.03,263.94,87.75,104.63,244.82,162.06,294.06,130.53,176.16,207.29,168.08,58.17,243.86,135.22,209.94
2000-01-24,187.63,181.1,132.02,270.69,110.45,116.51,72.46,157.04,183.57,228.18,87.83,270.61,119.84,119.94,146.31,228.61,268.57,127.54,244.18,107.18,140.85,78.46,145.64,276.6,150.89,219.27,167.29,122.61,289.75,249.29,96.15,239.3,270.35,304.57,241.74,237.71,256.26,189.61,265.58,88.77,104.7,246.44,162.48,294.3,131.64,176.05,204.8,168.72,58.32,243.13,136.9,206.68
2000-01-25,188.03,177.81,131.81,267.62,109.59,116.46,71.78,154.14,186.14,226.49,88.41,274.66,119.26,119.5,149.06,229.29,268.03,127.21,247.42,108.89,141.41,78.4,143.09,277.84,149.66,219.8,167.5,121.99,288.42,250.76,96.97,241.32,269.55,306.33,241.43,234.79,257.45,191.0,262.31,90.38,103.24,248.56,162.56,294.94,132.64,176.27,204.82,168.6,58.44,240.84,135.8,207.28
2000-01-26,188.59,179.92,133.69,268.7,110.21,114.88,70.23,152.29,183.56,224.12,87.34,271.95,119.9,120.84,149.96,229.38,266.47,127.13,246.87,108.67,142.39,78.48,146.33,277.01,149.77,221.53,167.54,122.75,291.28,252.83,96.1,241.71,275.31,299.22,238.56,237.33,256.64,192.81,259.08,89.42,102.57,251.57,162.73,293.23,133.58,174.7,203.64,166.24,58.34,240.91,135.21,208.61
2000-01-27,188.8,181.5,132.5,269.93,109.85,114.63,70.37,153.55,183.89,221.26,86.9,270.14,122.08,119.85,150.84,234.27,262.89,127.31,247.5,108.84,141.41,78.2,149.79,273.14,151.24,222.08,168.43,122.22,289.94,256.25,96.78,244.45,277.21,298.82,235.08,235.83,257.71,196.48,258.68,90.02,101.99,256.75,159.44,293.96,131.4,172.03,206.49,165.7,58.07,241.41,138.06,207.47
2000-01-28,189.44,182.46,135.0,270.52,110.47,114.34,70.24,152.94,183.72,223.66,86.75,266.41,122.94,118.73,150.9,229.96,262.73,125.91,245.63,108.99,142.77,78.96,150.19,272.83,151.55,221.37,168.08,124.12,285.75,256.64,96.93,247.89,273.63,297.37,231.82,236.91,258.89,198.88,259.66,89.82,100.19,251.69,159.75,294.64,131.01,174.45,204.38,166.25,57.9,240.61,137.87,211.1
2000-01-29,189.12,181.97,133.56,271.22,110.67,114.21,70.57,153.58,183.44,222.9,85.88,262.57,122.71,119.26,149.23,229.03,256.67,127.5,246.83,108.29,141.54,78.46,149.91,266.3,154.49,221.14,167.0,124.91,284.89,255.9,97.71,248.43,277.0,296.27,231.84,240.64,259.04,201.86,256.0,91.38,101.86,254.05,158.21,294.21,132.44,175.61,202.92,168.25,58.16,242.27,138.17,208.84
2000-01-30,188.15,181.95,133.29,269.44,111.09,114.63,71.65,154.22,185.22,221.15,83.95,260.58,121.41,119.1,148.39,228.89,258.93,128.8,251.16,109.51,141.13,78.56,149.4,264.78,154.04,220.52,166.29,125.08,284.78,252.04,97.29,249.78,274.06,293.12,229.12,237.29,260.37,203.34,257.48,91.32,103.57,257.56,159.44,295.24,131.85,175.37,199.77,169.89,56.67,244.67,139.21,209.59
2000-01-31,190.38,182.07,133.43,268.79,109.66,114.33,72.21,152.55,184.62,222.59,84.14,253.7,119.69,119.75,150.84,229.72,259.99,128.42,247.32,111.28,139.99,78.32,148.57,262.76,153.2,221.9,168.08,124.91,284.36,250.75,95.28,247.56,275.94,291.87,228.73,235.11,261.23,204.65,252.58,90.13,102.15,258.67,161.47,294.89,131.39,172.82,201.0,170.32,56.56,246.02,137.74,210.62
2000-02-01,190.66,182.58,133.12,269.0,108.28,117.14,72.39,151.51,186.01,221.38,83.83,254.54,120.48,120.09,153.17,236.2,258.16,127.1,248.96,111.06,139.38,79.19,148.49,269.0,154.22,220.52,166.08,127.21,283.95,248.17,94.77,244.58,277.3,289.33,229.9,236.42,263.36,207.89,255.26,92.26,101.28,256.06,160.3,296.45,132.47,174.07,200.74,172.84,56.63,245.27,136.54,207.72
2000-02-02,189.42,182.72,132.65,273.0,108.1,117.21,71.41,152.02,189.43,220.7,82.18,257.06,118.98,121.05,155.89,235.11,261.52,127.05,245.21,112.4,137.82,79.65,146.6,266.39,153.87,222.81,166.94,126.53,280.22,251.1,94.67,243.9,272.69,287.4,230.52,240.63,266.46,206.24,259.23,92.32,101.9,252.77,159.4,293.14,132.54,174.35,201.13,173.74,56.32,243.23,136.64,208.69
2000-02-03,186.92,178.97,133.76,272.87,107.1,118.57,71.21,149.25,190.76,220.88,82.4,259.04,120.55,122.11,156.81,233.44,262.49,125.19,244.73,111.29,137.33,78.8,146.07,268.79,151.35,224.75,168.04,127.3,283.81,252.58,95.2,242.4,270.09,288.43,229.09,238.08,269.06,204.82,254.95,91.85,102.06,255.3,161.51,289.29,131.35,173.73,199.87,174.52,56.11,242.61,136.36,207.63
2000-02-04,186.36,179.51,135.51,272.46,105.9,119.05,71.9,150.67,186.36,221.85,81.61,254.06,120.67,120.94,156.88,233.89,258.61,124.54,243.01,111.09,135.89,78.54,144.9,267.31,150.33,226.18,166.0,128.02,284.4,249.39,94.22,244.41,267.16,287.5,223.75,238.26,268.96,207.99,261.02,91.3,102.12,255.6,165.94,288.24,132.36,172.62,202.29,173.64,55.43,239.7,136.82,208.72
2000-02-05,186.07,179.45,137.91,271.58,105.54,120.49,71.74,151.02,186.33,221.71,80.49,257.99,120.67,121.4,156.69,233.01,261.63,124.33,242.89,112.57,135.53,77.77,143.36,266.98,149.85,225.09,162.48,129.02,284.57,248.01,93.29,242.18,267.29,285.23,222.35,239.0,266.7,211.07,257.88,90.53,102.27,253.91,164.49,287.72,131.21,170.13,201.59,174.66,55.44,242.02,136.51,208.11
2000-02-06,183.82,177.55,138.22,274.37,106.56,121.2,71.9,150.05,185.76,221.33,81.92,254.97,121.97,120.38,156.22,232.86,259.71,126.21,243.96,113.09,133.44,77.49,141.3,266.75,149.6,221.65,162.17,127.16,281.68,247.87,93.33,243.71,271.74,285.64,221.11,241.13,270.16,209.42,260.16,91.14,102.1,259.56,161.35,289.41,131.97,172.32,204.23,171.29,55.86,239.65,136.0,207.16
2000-02-07,180.81,179.25,139.41,275.64,105.99,121.17,71.49,151.63,181.61,222.28,81.71,255.78,120.64,120.37,155.69,235.84,258.74,126.65,245.5,113.49,134.8,77.57,138.67,267.59,149.73,223.38,163.56,128.85,282.06,248.66,92.97,240.03,274.21,285.16,220.92,240.54,271.09,207.77,261.8,91.65,103.36,259.18,161.76,284.31,131.48,173.73,206.35,171.6,56.39,239.14,134.93,209.26
2000-02-08,180.44,178.94,138.88,276.95,104.84,119.62,71.96,151.04,182.19,228.2,80.89,257.55,119.61,120.83,157.24,234.22,255.82,125.92,244.4,112.05,136.38,78.48,140.56,265.1,151.78,220.11,161.3,129.14,282.19,250.51,91.4,235.42,275.85,284.75,223.8,241.28,272.09,207.06,258.96,93.3,103.71,259.64,164.12,286.7,130.86,175.01,205.24,172.07,56.86,243.45,134.65,207.22
2000-02-09,181.51,177.31,140.16,275.58,104.46,118.95,71.73,152.25,181.6,226.98,81.7,258.87,119.58,124.2,157.58,233.59,251.52,127.82,245.25,112.52,135.5,79.19,140.53,266.86,150.5,220.09,160.77,131.74,281.22,258.22,90.65,232.75,277.44,282.6,224.77,238.3,270.93,210.9,260.6,94.1,103.52,262.37,164.26,290.13,130.44,174.29,207.58,169.51,56.55,242.61,134.03,206.18
2000-02-10,182.33,178.4,138.97,272.52,104.82,119.11,72.23,152.74,178.21,226.34,81.95,254.75,120.86,124.5,156.61,234.12,252.55,127.4,245.18,111.03,135.95,78.9,140.96,268.68,149.56,221.48,161.04,132.25,281.89,258.41,91.02,238.2,275.24,278.26,224.09,239.34,264.76,209.56,256.39,94.83,100.47,263.15,164.55,289.69,129.79,174.75,209.24,170.41,56.64,241.62,135.55,210.7
2000-02-11,182.38,178.84,139.68,270.08,103.5,120.42,72.74,153.0,174.26,227.05,82.89,252.46,121.7,122.18,157.42,233.9,255.19,130.28,247.34,109.34,136.11,79.25,140.8,268.97,150.58,223.55,158.31,131.76,282.22,255.92,92.82,239.26,279.28,276.82,224.65,237.18,265.34,210.55,255.77,94.94,101.97,261.98,166.02,292.68,130.57,172.5,209.35,172.32,56.15,241.38,134.88,210.72
2000-02-12,182.38,180.71,138.58,264.39,103.01,120.89,73.56,153.3,174.9,223.38,82.96,252.97,119.76,123.59,157.35,233.39,255.89,128.27,250.08,109.47,138.0,80.38,143.54,269.36,149.04,225.9,158.52,132.36,285.38,253.79,94.33,240.75,278.14,276.1,225.6,235.23,267.35,206.87,256.67,94.43,103.13,258.41,165.04,294.39,130.58,170.2,209.91,169.99,56.36,241.28,130.75,211.21
2000-02-13,181.69,184.29,139.77,267.9,104.95,119.08,72.36,150.04,175.72,227.27,82.68,253.28,120.97,123.66,161.29,233.24,255.78,126.31,246.0,110.16,140.01,80.74,143.65,269.14,149.15,228.52,158.57,130.93,279.84,255.45,94.11,238.48,276.77,282.18,224.63,235.85,267.4,210.04,255.9,93.88,102.19,256.31,164.83,295.96,128.11,171.85,211.28,172.67,55.8,240.66,130.18,211.18
2000-02-14,182.53,185.88,143.37,270.39,105.33,119.17,72.65,149.59,178.47,228.61,80.79,254.84,120.85,122.93,162.46,231.05,253.78,128.21,247.21,110.77,139.08,80.71,143.54,266.49,147.67,228.61,160.41,130.89,274.98,261.21,97.35,238.02,273.21,277.99,223.25,241.17,266.86,207.78,256.73,94.89,102.9,256.64,164.4,297.94,128.29,172.57,210.66,172.34,55.91,239.26,132.72,211.07
2000-02-15,181.93,185.21,143.57,269.65,106.71,120.14,72.99,149.78,177.68,230.57,80.25,254.92,121.45,122.21,165.44,233.68,251.98,128.25,244.92,111.45,139.87,80.68,143.46,268.49,146.86,230.69,162.03,130.75,273.27,261.0,97.73,239.07,275.66,280.91,223.36,240.12,267.65,211.52,254.14,96.63,101.5,252.87,165.58,291.54,128.54,172.01,209.7,169.15,56.45,237.5,134.59,207.07
2000-02-16,182.66,183.44,143.73,266.78,107.51,120.33,72.72,148.73,179.11,229.59,80.18,254.68,121.15,122.18,166.89,234.99,249.79,127.79,241.54,112.74,139.87,80.32,141.26,268.13,145.21,228.95,163.82,130.82,280.77,264.75,99.26,238.64,279.11,282.88,224.92,235.37,266.9,209.57,251.82,97.52,101.82,249.86,164.89,291.49,129.57,172.44,208.16,168.8,56.32,237.42,135.37,206.38
2000-02-17,179.62,183.38,143.08,268.44,108.51,118.57,73.28,148.8,182.11,231.02,81.41,254.61,120.75,121.52,166.05,235.05,248.43,127.98,239.45,113.41,139.35,80.89,143.8,266.65,147.15,229.47,162.59,129.25,280.46,264.89,98.82,235.58,278.25,278.83,226.54,233.31,272.74,210.41,246.95,97.9,101.92,252.94,167.34,292.72,130.2,174.49,206.01,167.65,55.57,236.56,133.16,206.18
2000-02-18,178.8,185.29,142.24,272.3,108.09,119.3,72.33,149.95,180.81,230.86,81.13,254.95,121.19,121.62,164.79,233.19,249.6,128.34,240.31,114.98,140.67,80.51,144.13,267.98,145.93,227.71,160.09,129.91,278.8,262.08,98.34,234.78,277.77,280.27,227.36,232.7,277.79,214.31,250.21,97.01,102.38,257.48,166.75,287.87,130.56,170.37,204.82,169.09,55.58,235.83,134.19,201.54
2000-02-19,175.36,189.63,141.27,277.17,108.93,118.99,72.94,149.42,182.23,228.81,81.14,253.28,120.54,122.26,161.83,231.73,251.11,128.19,238.86,113.84,142.29,80.27,145.22,266.11,146.2,225.78,159.87,128.69,280.71,266.15,99.44,237.48,282.32,281.19,227.53,235.32,275.79,211.77,249.38,97.4,101.29,251.38,166.66,286.8,129.5,170.34,205.77,169.9,55.07,236.25,133.03,203.32
2000-02-20,171.17,192.0,140.93,272.25,109.79,118.93,72.36,149.44,179.7,226.77,81.96,258.4,119.03,119.79,161.27,232.79,248.21,130.07,239.38,113.78,141.06,80.78,146.25,271.1,146.53,231.18,161.18,129.0,284.9,269.56,100.0,241.06,281.17,284.91,225.38,234.18,280.36,209.68,250.91,98.6,99.46,252.4,167.56,288.85,129.47,170.44,206.9,169.68,55.86,233.18,135.02,201.63
2000-02-21,173.94,189.22,137.86,271.81,111.34,118.9,71.55,149.49,180.32,226.92,80.89,255.83,121.11,120.36,160.74,230.56,248.83,129.0,239.32,115.93,138.91,81.19,144.0,273.26,148.62,225.82,160.0,129.83,287.36,268.23,98.62,248.12,279.83,286.52,223.39,236.37,281.36,209.65,253.44,96.7,98.84,250.92,166.9,285.03,129.69,169.31,206.28,171.49,55.92,232.26,136.24,201.61
2000-02-22,174.5,188.44,136.23,266.06,111.29,119.32,72.67,147.53,179.2,222.94,81.14,255.98,122.83,120.35,158.35,227.02,249.65,128.44,242.13,116.84,140.07,80.49,142.69,273.39,150.41,230.07,160.48,131.54,285.88,270.14,98.64,246.68,279.7,290.03,227.2,235.49,275.77,209.59,252.35,95.42,97.92,248.06,165.58,283.84,130.99,169.46,208.38,172.3,55.61,236.79,137.38,202.59
2000-02-23,175.12,189.19,133.99,264.44,111.2,117.3,72.45,148.07,180.29,222.94,80.77,253.1,122.71,121.34,159.5,227.97,247.7,131.42,236.52,118.8,139.46,81.41,143.05,273.44,150.59,228.65,159.48,132.28,283.28,269.35,99.41,244.99,278.1,291.18,228.54,231.89,278.04,207.6,251.72,95.49,98.42,249.68,164.37,280.25,133.08,168.54,209.31,171.27,56.6,241.9,139.06,204.4
2000-02-24,174.83,189.97,131.3,266.74,108.16,117.18,72.11,149.68,181.87,222.77,81.37,250.09,121.3,123.22,160.78,229.74,248.1,132.08,238.96,118.26,139.95,79.81,142.19,276.9,149.16,229.84,158.02,132.92,285.5,268.05,98.65,245.34,282.05,296.37,225.31,234.42,278.53,204.76,246.66,96.82,99.52,248.65,163.69,282.39,133.07,168.56,209.43,171.95,56.47,242.7,136.64,198.96
2000-02-25,170.86,191.97,134.01,265.44,110.56,117.58,72.92,148.61,179.13,221.68,81.37,253.4,122.01,126.05,159.17,228.58,249.49,133.07,239.9,119.67,140.24,77.82,140.42,275.98,146.97,229.05,156.51,133.33,285.87,269.02,98.74,242.35,286.94,293.68,220.1,237.01,277.82,204.81,250.8,96.26,99.65,247.32,164.65,278.79,134.0,166.15,211.33,167.48,56.47,236.42,136.63,201.05
2000-02-26,170.96,192.21,133.88,267.0,110.6,116.88,73.11,150.31,178.15,224.68,82.45,250.01,123.94,126.0,158.08,229.13,250.05,133.9,241.7,120.19,141.87,78.24,139.19,272.97,147.25,226.34,155.56,132.92,287.38,271.18,98.74,241.51,284.79,296.81,222.16,236.91,279.58,205.38,253.09,97.05,99.02,244.77,163.28,279.95,135.2,166.14,214.46,169.22,57.11,238.09,136.58,200.64
2000-02-27,169.83,189.92,131.95,269.44,111.32,116.96,72.98,147.99,179.51,226.5,82.89,252.61,124.0,128.01,158.99,228.38,245.16,133.65,239.69,121.01,141.5,79.34,137.25,274.18,146.13,225.14,157.72,133.43,289.13,267.71,98.09,244.23,291.76,294.59,222.94,238.35,280.79,204.84,254.8,96.5,99.06,243.45,159.48,277.21,136.94,167.17,213.37,170.24,57.25,236.88,136.87,195.11
2000-02-28,171.69,190.22,132.28,265.37,110.79,114.98,72.77,150.44,178.05,223.46,83.81,250.55,123.57,126.52,156.8,229.8,244.16,131.71,239.77,121.67,141.81,79.24,135.97,274.32,145.77,218.9,156.75,131.98,286.17,268.22,96.9,240.97,292.81,292.55,222.44,237.84,276.7,203.87,252.14,95.22,98.57,245.87,158.0,275.21,137.5,166.99,211.88,169.32,57.21,237.96,137.42,196.56
2000-02-29,169.27,192.06,131.95,263.56,111.91,114.5,72.05,148.05,180.3,223.9,83.07,252.07,124.28,129.15,155.6,230.52,243.82,129.59,237.55,122.02,140.87,78.79,135.56,271.65,147.24,223.08,156.29,132.24,286.85,270.48,96.16,246.58,286.6,291.43,221.74,237.17,278.76,205.63,248.92,94.11,97.92,245.96,158.39,275.96,136.61,169.03,210.18,170.19,56.93,235.76,137.28,197.16
2000-03-01,170.19,192.6,133.32,263.28,110.29,114.78,71.71,148.78,184.34,226.45,83.44,254.02,123.36,129.6,153.3,233.85,239.66,129.96,241.17,122.19,139.54,78.32,134.51,272.86,146.17,222.22,154.42,133.05,288.18,269.7,95.64,246.49,288.03,287.72,220.4,232.15,284.0,207.39,251.4,92.41,98.28,244.06,157.92,277.35,134.59,169.54,212.79,170.06,56.76,236.48,135.41,197.17
2000-03-02,167.68,192.71,133.2,267.77,110.66,113.18,72.14,153.65,180.56,222.13,83.36,255.46,123.4,129.27,151.76,232.32,241.1,130.18,243.01,122.58,138.85,77.92,135.37,276.33,144.61,223.67,154.05,132.57,287.7,274.94,97.07,247.22,283.51,293.45,217.28,229.33,285.92,210.0,249.63,92.05,98.1,242.67,157.91,275.72,136.76,168.5,213.81,168.19,56.24,234.6,134.28,198.06
2000-03-03,167.43,190.38,131.31,264.37,110.54,112.23,72.44,155.55,178.96,223.31,84.12,255.84,123.3,129.48,151.5,230.79,244.47,130.75,244.32,121.85,139.57,77.39,136.8,274.42,144.53,225.73,151.09,134.64,284.67,275.22,97.47,245.97,279.51,291.41,215.54,231.57,288.19,215.33,249.43,93.3,98.36,243.71,157.56,277.88,139.64,169.79,214.5,165.59,55.68,234.35,133.42,197.56
2000-03-04,167.22,194.07,131.18,266.65,111.25,111.97,72.64,156.2,179.5,223.16,82.67,254.3,124.55,127.64,151.48,231.33,245.88,131.73,245.04,120.95,140.24,75.87,137.17,273.49,144.56,226.68,152.17,135.27,290.63,279.82,95.44,249.34,281.46,294.41,219.93,231.39,289.84,213.43,251.3,92.73,95.88,241.01,155.01,279.16,140.88,170.28,212.21,165.42,55.2,236.3,131.13,196.97
2000-03-05,169.1,194.44,132.6,264.32,114.55,113.19,72.59,157.26,179.82,222.67,82.48,249.53,124.54,125.93,152.32,230.62,244.25,129.89,244.87,122.34,141.41,76.04,137.32,272.02,144.12,229.28,152.35,137.16,291.17,279.0,95.61,247.77,282.19,295.82,220.45,230.48,290.97,212.64,253.43,93.2,96.92,240.34,152.65,283.39,140.59,171.74,211.19,161.58,55.19,237.23,130.42,197.49
2000-03-06,172.11,194.31,134.04,262.58,113.67,112.86,72.59,154.53,178.31,222.52,81.03,252.17,126.26,125.37,152.56,229.86,242.85,130.27,243.06,123.99,141.19,76.89,140.99,274.61,144.7,232.61,152.95,135.42,290.81,276.83,95.51,250.33,279.48,298.91,222.87,228.17,286.46,211.49,249.45,92.82,96.01,240.89,152.15,283.73,143.58,172.89,212.58,163.53,55.85,238.01,130.82,195.53
2000-03-07,174.08,192.77,134.13,263.87,112.36,112.18,72.78,154.58,178.96,226.89,80.77,250.1,126.67,126.24,153.67,226.5,241.84,130.79,244.47,122.88,140.4,77.72,139.98,269.28,144.95,234.52,154.42,134.68,288.1,277.12,94.66,247.02,282.92,294.93,223.45,232.0,292.5,205.53,249.1,92.13,96.27,240.74,152.81,283.74,143.54,172.43,209.88,164.4,56.55,237.79,131.23,193.67
2000-03-08,176.88,189.74,134.89,263.99,111.62,112.31,72.4,155.51,178.02,227.88,81.7,249.91,126.97,125.7,152.74,229.12,240.24,132.94,242.03,122.82,142.67,76.51,141.87,272.54,144.91,235.46,153.86,135.39,281.43,280.91,94.7,246.32,284.79,298.67,226.74,231.34,296.73,205.07,252.43,92.82,96.3,238.26,151.81,285.72,144.16,172.09,214.02,163.95,57.32,242.46,131.86,193.18
2000-03-09,177.47,187.57,135.36,258.35,111.29,113.61,71.08,155.67,178.77,226.03,82.25,248.75,127.41,125.13,155.23,229.26,238.68,133.45,241.04,124.73,142.27,76.85,143.72,268.17,145.72,232.75,151.74,136.93,280.4,281.37,93.16,246.29,288.26,293.56,230.46,235.93,298.96,204.16,255.17,92.07,94.75,241.13,153.28,292.99,143.89,175.41,213.41,163.58,57.35,241.75,132.28,191.23
2000-03-10,177.56,186.35,136.27,255.47,110.84,113.75,71.07,158.78,180.01,227.05,80.54,248.65,128.71,126.93,156.37,227.93,236.15,132.38,238.19,125.7,143.28,76.56,144.48,270.07,146.55,227.75,155.27,136.92,283.78,277.07,93.73,246.91,289.46,292.73,229.97,238.42,303.29,204.98,247.74,90.15,93.86,240.46,155.14,287.9,144.4,177.62,214.7,163.5,57.58,238.56,132.44,191.03
2000-03-11,176.38,185.65,135.94,257.08,110.32,114.65,70.41,156.63,177.52,228.29,80.06,249.0,128.11,126.83,158.3,229.89,240.82,132.85,241.04,125.2,143.65,75.75,145.21,263.34,146.87,225.79,156.04,134.88,284.93,279.55,93.05,248.36,291.82,293.76,231.24,242.09,302.77,203.07,245.14,89.17,92.38,240.35,157.04,286.88,142.97,173.85,219.29,165.57,57.32,233.94,131.37,192.16
2000-03-12,176.81,185.05,136.41,256.56,112.73,113.27,70.28,155.72,175.32,225.75,80.77,251.96,128.93,127.84,156.89,224.74,245.15,132.35,239.12,125.53,146.03,76.78,145.98,267.05,147.59,225.87,157.31,136.31,284.56,276.42,91.98,248.07,294.39,295.35,227.54,240.82,300.89,203.71,243.61,89.83,93.42,243.44,158.31,281.46,142.7,171.24,227.58,163.09,56.68,234.13,132.22,193.04
2000-03-13,174.69,185.24,137.09,257.96,111.52,114.22,69.33,152.44,173.44,227.91,81.72,249.95,126.01,127.51,157.28,226.25,243.1,130.98,238.71,125.81,145.06,76.62,146.21,268.93,146.57,227.22,156.65,133.17,284.96,276.41,90.56,250.06,293.17,289.95,226.65,245.15,301.29,201.85,237.46,89.28,92.17,247.12,154.57,281.95,143.1,173.95,230.0,163.17,56.87,237.64,131.03,187.64
2000-03-14,172.02,186.21,137.1,253.6,113.99,114.87,69.34,153.69,176.68,225.35,81.84,251.95,126.04,129.77,156.41,228.97,243.87,129.79,239.15,127.5,145.32,76.76,147.12,273.95,147.13,227.53,156.85,132.87,284.9,273.73,89.55,254.26,297.37,292.06,227.36,243.9,297.82,203.9,234.45,90.19,92.1,249.53,152.85,283.52,146.64,175.23,231.73,162.58,58.14,235.68,133.48,187.46
2000-03-15,172.46,186.12,141.16,251.79,113.57,113.88,70.34,156.23,175.55,227.44,81.02,255.0,125.91,130.01,157.23,226.98,243.18,131.2,238.36,126.79,143.78,76.79,146.65,274.07,148.2,227.48,157.0,134.86,286.25,270.66,91.12,255.61,299.43,289.35,226.99,245.81,297.06,202.35,236.84,89.03,94.19,251.0,152.29,284.26,145.66,177.04,232.4,163.73,57.68,231.33,134.22,185.37
2000-03-16,172.34,187.72,142.71,252.88,114.47,113.14,71.41,155.72,176.4,227.68,80.41,251.14,125.15,129.42,155.88,228.4,246.33,133.06,237.68,126.36,143.9,77.1,144.88,274.07,149.91,229.29,154.77,134.69,285.45,270.15,90.04,253.62,303.1,289.17,226.43,248.22,300.17,204.46,238.13,89.06,94.41,255.64,152.86,281.66,147.09,175.25,232.0,164.34,57.24,228.81,134.64,184.84
2000-03-17,173.58,184.61,142.18,252.03,116.19,111.58,72.43,154.8,173.81,227.23,80.96,253.27,124.95,128.46,154.99,230.79,249.87,133.16,236.81,125.13,142.79,76.04,146.3,273.08,151.5,227.59,153.7,136.81,287.19,268.45,90.19,258.03,302.86,289.27,224.89,247.27,303.46,204.98,238.01,90.68,94.55,254.38,153.08,279.67,149.0,176.49,230.03,165.37,57.52,226.94,133.07,185.51
2000-03-18,173.97,184.73,140.8,253.05,114.14,112.83,71.31,153.71,175.84,227.41,80.38,251.36,126.27,127.01,153.26,230.86,253.85,133.72,239.6,124.18,141.32,74.39,146.45,274.64,152.12,224.1,154.27,137.35,288.64,267.72,89.54,254.82,301.59,284.44,225.36,248.5,306.09,204.94,240.34,90.36,94.63,248.47,151.89,279.88,147.82,174.51,232.52,164.26,57.29,228.18,129.95,188.33
2000-03-19,176.2,181.93,142.61,255.47,113.43,112.13,71.02,154.91,172.17,229.63,81.4,248.89,125.41,127.24,152.3,230.58,251.1,134.24,236.38,122.91,142.78,73.78,145.28,274.8,152.33,225.06,154.69,136.26,288.31,264.63,89.82,258.09,303.66,283.67,224.47,245.06,303.79,205.18,242.26,90.23,95.36,250.83,149.74,283.29,147.49,175.69,231.27,166.3,58.46,229.56,132.68,188.65
2000-03-20,175.31,183.61,143.21,256.2,112.98,111.98,70.93,154.41,171.78,231.11,81.64,248.76,126.26,124.14,150.21,231.01,252.93,136.39,234.47,122.53,140.82,75.5,147.22,273.16,150.29,224.85,154.67,133.16,287.48,267.04,90.07,258.51,304.72,284.08,227.52,240.53,300.63,206.21,239.61,91.22,95.35,252.1,148.3,281.64,145.67,178.17,230.58,165.24,58.43,226.11,132.54,190.1
2000-03-21,174.9,186.36,145.31,260.49,113.73,113.4,71.16,155.65,172.26,234.75,80.96,245.38,128.38,124.9,151.09,230.71,256.58,135.48,234.8,123.56,141.24,74.77,149.33,274.24,150.8,223.98,155.55,131.69,284.5,268.62,89.36,256.8,309.53,285.69,226.49,241.23,305.52,208.2,241.4,92.32,95.02,249.15,148.3,281.13,145.16,182.68,228.89,162.82,58.6,223.28,132.96,191.18
2000-03-22,174.06,185.94,146.18,263.16,115.15,114.61,71.99,155.37,171.97,233.32,80.46,247.05,130.18,125.34,149.97,231.19,258.76,137.49,233.72,123.34,140.82,75.0,151.66,274.65,150.94,221.15,155.82,131.22,286.43,265.53,89.67,259.08,309.36,284.66,230.08,244.47,305.07,206.97,240.96,93.26,94.68,247.7,147.22,278.97,144.4,183.91,227.97,164.97,58.68,223.01,131.92,190.52
2000-03-23,168.86,187.49,146.52,266.67,116.23,115.96,72.51,155.23,172.96,232.51,79.73,245.9,129.57,127.52,150.44,232.35,257.09,139.13,234.31,123.1,141.03,73.72,151.02,278.78,151.91,222.94,156.65,131.57,290.0,266.77,89.97,257.79,311.26,285.16,231.38,241.51,306.62,208.82,237.49,93.97,94.7,249.41,149.12,281.21,142.68,182.1,230.2,166.72,58.52,222.32,131.47,189.81
2000-03-24,168.89,188.82,144.02,267.46,115.92,114.32,72.79,154.43,174.84,232.6,79.04,243.24,128.37,127.43,148.91,232.83,258.18,137.92,235.25,119.46,141.8,74.24,151.14,282.93,152.15,223.73,158.03,132.3,285.81,267.57,91.6,253.75,308.94,288.07,228.12,241.62,309.1,205.65,236.75,92.7,95.02,249.48,149.04,288.43,142.8,183.92,229.07,168.56,58.74,218.79,132.35,189.75
2000-03-25,165.37,186.93,144.33,269.22,114.27,114.16,72.73,152.94,174.66,229.89,78.16,243.36,130.18,127.76,147.55,230.17,254.12,138.96,236.59,120.34,143.11,74.06,153.93,280.27,151.6,224.15,159.46,130.46,286.27,267.72,91.61,255.33,307.74,285.78,230.31,242.49,312.61,205.5,240.17,93.88,94.9,250.17,148.37,285.66,144.0,182.83,228.83,172.74,58.43,217.69,130.37,187.71
2000-03-26,165.81,186.14,145.07,262.51,114.83,113.9,72.66,153.38,172.9,232.98,77.04,240.69,129.55,128.1,148.79,229.08,255.54,138.62,238.55,122.63,142.78,74.63,153.11,277.46,151.13,221.49,157.94,129.95,291.16,270.7,90.76,256.89,312.73,287.17,230.58,246.31,314.15,206.69,238.77,93.34,96.02,252.19,148.79,287.1,142.08,186.77,229.01,168.84,58.45,218.21,130.8,187.73
2000-03-27,165.54,189.19,142.54,263.26,113.64,112.94,72.94,153.55,174.24,232.56,77.59,238.0,128.81,130.84,148.53,227.92,256.8,139.05,239.52,124.01,142.82,74.51,149.67,275.77,150.75,220.63,160.33,128.77,293.76,269.8,90.81,257.54,307.11,283.06,232.0,241.75,320.4,205.84,239.92,92.94,95.32,256.14,148.1,287.1,141.57,183.13,229.68,169.69,58.87,220.48,131.21,186.81
2000-03-28,167.98,189.23,140.51,261.3,112.56,111.85,74.42,154.53,175.76,231.33,77.44,242.24,128.51,132.03,147.81,225.68,261.82,138.6,242.54,123.64,141.81,73.98,149.81,277.12,150.81,218.42,162.16,128.82,291.63,270.86,91.39,255.2,306.26,281.89,231.06,239.54,318.25,206.32,243.89,92.57,93.87,254.64,149.23,287.26,142.8,183.28,228.88,169.71,58.81,219.36,133.31,187.67
2000-03-29,169.12,191.81,139.78,262.42,112.14,111.92,72.32,155.48,177.14,230.86,77.75,240.93,128.62,131.53,150.34,225.18,261.52,138.3,244.01,122.47,141.69,75.77,149.81,271.7,147.96,218.67,162.4,128.08,291.97,270.2,91.16,251.62,306.97,283.02,225.66,243.33,317.23,207.72,247.08,92.07,94.57,252.16,149.95,290.94,142.15,179.98,230.27,169.3,58.56,223.21,133.44,185.6
2000-03-30,172.22,191.24,140.16,260.4,112.9,109.67,71.98,154.77,175.83,233.54,76.74,241.87,126.32,129.86,150.33,222.91,260.01,138.13,244.28,123.52,143.42,74.79,151.31,269.73,148.38,216.93,159.62,128.32,292.56,270.44,89.31,251.06,309.01,282.3,227.12,242.96,323.32,209.04,249.5,91.53,93.91,257.3,148.2,292.29,142.35,178.91,232.06,166.17,58.36,225.0,131.93,185.46
2000-03-31,172.53,195.87,138.23,266.12,114.3,110.84,72.85,156.46,175.45,236.39,76.29,239.49,125.91,134.14,152.13,222.75,261.64,137.6,243.5,126.48,143.16,74.94,152.07,269.46,148.44,221.67,156.91,130.87,297.27,266.3,88.73,251.7,314.53,285.13,226.37,245.14,323.8,207.26,248.02,91.93,93.1,254.94,147.34,292.42,144.22,180.43,227.07,164.8,58.61,225.88,131.36,186.67
2000-04-01,173.26,195.57,137.53,266.45,115.38,111.26,71.99,156.04,175.19,235.78,75.46,239.89,122.65,134.22,151.5,218.84,262.52,134.95,243.5,126.55,141.48,75.5,152.44,268.48,149.64,220.78,156.49,127.56,295.91,266.68,89.31,251.58,314.55,288.13,228.14,244.98,323.69,207.42,243.97,91.61,93.3,253.06,147.55,284.68,145.18,180.03,225.81,163.82,59.59,228.98,133.25,184.79
2000-04-02,172.16,195.91,136.48,267.06,114.78,111.71,71.49,156.25,172.91,237.31,74.83,241.33,121.67,134.47,150.3,219.07,258.57,136.61,243.03,126.16,142.27,75.2,154.08,271.2,148.46,222.0,154.49,127.46,296.62,263.57,88.6,250.04,316.36,287.29,232.13,242.72,326.63,209.21,245.11,92.29,94.61,252.46,149.43,291.25,146.79,181.85,229.31,160.45,58.87,228.59,132.15,185.82
2000-04-03,172.26,193.94,134.73,265.54,115.64,113.05,72.78,158.24,174.64,233.18,74.83,246.04,123.68,135.9,150.05,222.38,256.51,138.6,240.0,126.26,140.52,74.78,155.54,268.94,150.54,225.23,155.94,128.58,301.26,263.1,87.78,251.75,317.58,292.76,233.9,242.82,323.13,209.7,244.15,92.38,93.24,252.92,151.18,290.43,148.28,181.62,229.8,161.03,58.37,229.8,132.46,187.03
2000-04-04,171.76,196.44,134.45,265.21,115.38,114.08,72.91,157.0,173.3,231.9,74.81,244.34,124.63,136.88,149.29,223.77,253.72,137.79,237.34,125.61,142.8,74.47,159.72,266.05,150.64,224.89,156.51,126.21,305.06,261.32,87.69,248.5,318.2,288.96,234.58,243.51,321.0,210.43,248.51,93.38,94.03,251.33,154.19,290.53,147.86,180.72,231.2,158.94,59.11,230.43,133.96,184.27
2000-04-05,170.04,197.62,134.63,266.7,115.19,114.09,73.03,156.61,172.6,228.42,75.02,242.65,122.77,136.97,149.46,222.63,258.46,136.47,237.2,124.14,142.16,74.47,160.33,265.98,149.08,220.51,158.27,126.58,308.87,259.33,87.29,251.94,316.48,289.2,231.87,242.32,318.1,212.33,245.78,92.85,94.26,251.95,159.04,291.66,147.41,182.18,230.94,159.69,61.38,228.93,133.03,182.28
2000-04-06,171.55,195.12,133.45,268.71,115.66,115.87,72.15,158.12,169.73,228.95,76.22,243.0,122.09,135.16,146.76,223.29,257.5,134.48,232.43,122.88,143.33,75.2,159.27,264.15,144.33,215.37,159.65,126.93,311.79,255.32,86.13,252.91,322.7,288.75,234.24,239.62,319.25,211.41,246.03,93.29,94.26,247.51,157.53,288.67,148.19,182.18,234.07,160.76,61.42,230.98,131.23,184.14
2000-04-07,169.5,195.4,130.77,268.41,115.98,115.65,72.43,157.96,171.48,224.6,75.43,239.12,118.72,135.18,144.16,225.09,256.61,134.83,234.91,123.71,142.32,74.8,160.86,263.37,143.66,214.24,159.8,126.63,308.23,256.6,85.4,251.44,322.77,288.69,231.12,239.34,318.11,212.22,247.39,94.75,94.67,250.23,155.54,285.84,147.92,183.29,231.5,160.9,60.69,232.28,131.51,184.12
2000-04-08,170.48,197.85,129.55,268.63,114.9,116.12,73.29,157.53,170.78,220.57,74.86,241.7,117.71,134.49,143.66,225.16,262.38,133.1,237.36,121.84,142.82,74.71,159.16,259.7,144.35,213.53,160.91,126.23,311.04,257.02,84.39,251.98,321.98,293.06,227.56,241.82,315.75,214.0,246.31,96.79,94.22,248.93,153.15,285.9,147.74,184.58,234.02,162.16,60.76,226.86,132.58,187.25
2000-04-09,173.75,199.2,130.55,269.84,116.91,114.99,71.99,156.48,172.84,219.91,75.59,241.22,117.25,131.85,142.83,221.66,259.62,133.91,237.26,123.43,142.97,74.81,157.62,259.22,143.62,213.78,161.34,125.08,313.17,258.55,84.72,255.03,323.42,287.41,227.58,244.07,306.78,210.22,249.36,95.98,95.78,246.75,153.14,284.71,147.66,185.15,237.59,161.84,59.89,224.57,133.34,188.17
2000-04-10,172.92,202.64,130.34,271.64,115.28,113.98,71.45,157.8,173.96,217.48,76.36,239.31,117.11,131.0,140.85,219.38,258.92,130.59,238.9,122.66,144.19,75.51,159.5,260.32,145.25,212.96,160.49,127.4,314.17,256.75,83.71,256.43,322.15,287.62,229.03,246.79,309.76,209.52,255.67,95.1,96.54,250.86,154.93,287.47,147.5,188.22,239.48,160.81,61.0,224.5,135.12,187.0
2000-04-11,170.76,205.0,128.15,266.22,112.94,113.32,71.59,159.15,170.31,214.8,76.28,237.18,116.69,130.82,139.73,220.51,253.56,128.74,239.63,122.35,143.36,75.68,155.62,262.27,144.01,213.48,159.27,127.43,313.68,254.18,84.3,261.03,316.52,282.46,230.98,246.22,312.19,210.41,256.33,94.34,94.76,250.79,155.02,283.87,146.27,187.74,240.82,157.28,61.28,225.62,137.58,184.83
2000-04-12,173.47,206.85,126.19,268.29,112.29,114.84,71.63,158.71,171.45,216.84,76.29,236.22,119.2,131.56,139.56,217.3,253.89,129.39,238.29,122.15,143.17,76.01,154.67,262.05,147.17,215.52,160.58,126.77,309.2,256.21,85.44,258.67,318.22,280.56,227.26,248.91,311.42,210.64,259.07,92.87,94.66,248.27,154.73,281.28,147.73,187.2,242.97,156.45,60.87,229.47,139.22,184.98
2000-04-13,176.82,206.29,123.56,267.78,112.4,116.34,70.07,158.99,169.53,217.46,77.34,233.11,120.39,128.67,140.53,218.53,253.37,130.25,238.95,122.76,142.35,76.22,151.04,257.18,148.12,214.62,160.69,127.93,312.04,255.27,85.62,255.29,323.49,284.33,231.31,249.37,308.74,214.09,260.09,93.21,94.74,246.47,155.31,278.96,147.47,187.15,246.78,155.57,62.02,231.7,140.02,186.15
2000-04-14,175.3,207.48,123.34,265.91,110.52,116.37,69.93,159.88,169.44,216.55,79.16,231.15,120.79,129.13,141.48,216.64,257.26,129.62,238.19,122.41,144.09,75.67,152.57,253.41,148.28,214.02,157.67,128.86,311.55,253.78,85.82,253.28,322.1,284.31,234.51,252.97,311.35,215.86,255.78,92.5,95.51,245.04,157.06,282.71,148.06,189.49,249.74,156.2,61.88,231.56,139.98,182.52
2000-04-15,175.79,206.23,121.78,266.81,109.57,116.69,69.74,159.81,170.37,220.7,78.96,232.51,119.82,128.53,142.62,216.99,255.66,130.16,240.49,120.59,143.05,76.09,150.18,252.73,148.42,215.14,158.59,125.68,315.63,251.79,85.57,249.3,328.03,284.29,232.67,254.91,310.46,218.09,250.96,91.54,95.38,244.97,157.3,277.23,147.94,187.55,252.97,155.53,61.59,230.84,137.06,183.74
2000-04-16,175.77,208.65,121.44,268.49,108.9,116.41,71.01,159.2,169.04,219.31,78.68,231.06,119.28,129.25,141.93,217.21,255.16,133.69,241.66,121.5,145.78,76.02,153.19,252.14,148.06,215.6,158.84,125.6,313.79,251.83,85.13,250.16,332.1,284.45,235.86,258.08,308.44,217.05,249.05,90.89,95.23,247.5,155.95,273.74,147.89,191.78,254.85,156.64,61.85,233.59,135.9,182.01
2000-04-17,175.32,208.63,119.96,272.51,109.22,116.27,70.84,162.39,169.36,224.31,79.3,234.35,118.74,129.74,141.87,216.96,257.85,132.27,239.41,119.45,145.73,77.53,153.36,248.58,146.11,212.83,159.97,126.27,310.77,250.54,85.05,250.22,333.5,287.0,233.99,255.86,308.61,219.51,244.62,91.42,95.76,248.76,155.71,276.01,145.89,192.56,254.82,158.08,61.8,231.64,135.71,180.26
2000-04-18,174.81,208.17,118.23,278.1,109.19,118.6,71.56,161.4,167.09,222.97,79.45,233.76,119.51,130.66,142.31,215.34,257.22,132.12,237.73,118.72,144.98,76.29,153.66,249.78,145.68,210.45,159.3,126.65,312.28,252.03,85.27,247.02,331.7,286.63,232.52,254.7,310.68,219.49,241.31,90.78,95.51,248.69,155.26,274.02,145.37,192.66,259.72,158.15,62.21,233.26,136.51,177.67
2000-04-19,175.2,205.69,119.04,276.71,108.81,119.09,71.77,160.4,169.35,227.68,79.3,235.45,117.58,131.39,142.22,213.79,256.49,130.82,239.39,116.93,143.16,76.79,154.68,250.12,148.13,210.82,159.65,126.05,309.39,249.78,85.94,245.69,328.2,284.87,231.07,255.73,313.23,217.64,241.59,92.27,95.61,249.68,153.16,268.46,146.52,192.87,259.17,158.97,61.24,228.17,136.43,180.84
2000-04-20,172.54,204.06,119.61,279.79,109.62,120.16,71.88,160.66,169.02,227.83,79.43,237.21,115.79,129.1,140.77,213.5,259.15,132.88,234.76,118.83,140.51,77.31,156.79,249.23,148.12,205.1,158.58,126.78,308.26,250.53,84.82,247.73,326.71,290.04,227.77,252.73,311.14,215.95,242.33,92.32,94.82,250.42,154.66,265.68,146.66,192.87,259.42,153.05,60.27,230.11,134.89,183.18
2000-04-21,173.7,204.1,118.42,280.33,108.12,122.98,72.02,161.09,169.35,227.89,80.15,241.79,117.25,129.15,141.21,215.07,253.94,132.54,235.15,120.2,139.76,77.18,158.9,248.43,147.81,207.18,158.28,127.64,303.92,247.84,84.83,245.28,330.5,293.46,228.82,254.77,314.69,216.03,242.48,92.41,93.02,251.62,155.35,268.13,148.41,193.75,256.18,155.52,60.45,228.82,133.63,184.27
2000-04-22,172.01,202.45,118.93,279.94,109.26,124.9,71.35,163.47,166.85,224.95,80.42,244.04,118.35,129.36,138.98,216.17,256.52,133.43,234.18,121.7,137.69,76.43,158.73,247.02,145.74,209.21,159.13,127.98,301.02,250.13,85.56,246.71,331.92,290.54,229.01,253.0,314.32,217.35,241.19,91.52,93.72,251.98,155.33,266.0,148.18,191.46,254.76,153.76,60.77,226.22,133.53,184.5
2000-04-23,169.91,201.81,121.04,280.53,109.34,123.4,71.97,167.15,163.53,222.56,80.17,244.82,116.95,131.1,139.74,216.13,260.94,134.68,234.72,121.87,137.24,75.82,161.29,251.03,151.08,206.54,161.38,129.23,303.1,251.53,84.99,242.79,338.51,288.15,229.1,258.75,322.03,218.3,238.54,91.19,93.56,257.06,151.3,273.26,151.43,194.94,256.98,153.87,60.69,226.37,134.5,181.63
2000-04-24,170.68,200.82,121.51,278.82,108.22,125.72,71.79,168.76,164.38,218.33,80.22,242.59,116.52,131.14,142.41,217.55,261.71,134.9,234.88,122.87,137.1,75.58,160.23,252.67,148.25,205.26,161.63,127.92,305.46,246.0,84.65,239.93,332.86,295.32,229.45,263.0,322.06,219.0,237.93,90.74,92.85,256.11,149.51,270.91,151.77,197.47,253.99,154.86,60.76,227.91,133.97,179.9
2000-04-25,171.1,199.15,122.54,280.94,106.92,127.93,70.87,168.5,166.38,215.42,80.9,241.78,115.45,130.73,142.99,215.94,262.39,135.53,232.29,121.81,137.25,75.05,156.79,251.92,150.48,204.42,160.79,127.72,303.54,245.02,83.53,237.84,332.58,294.74,231.5,262.4,315.33,219.37,238.73,90.79,93.18,251.31,146.14,272.25,152.94,193.85,255.99,153.94,60.21,229.43,132.62,178.07
2000-04-26,171.22,198.61,121.86,278.25,106.62,127.8,70.57,167.21,164.91,213.35,80.67,241.09,114.59,130.65,144.09,215.74,264.74,133.56,233.01,120.56,138.99,75.44,157.32,252.2,150.39,205.25,160.67,128.6,305.63,247.01,84.15,236.78,340.27,293.11,230.8,266.1,315.09,218.41,233.25,90.78,92.62,251.68,146.19,272.51,155.15,195.82,251.22,153.39,59.63,230.08,131.64,179.37
2000-04-27,171.42,200.86,121.52,281.05,106.99,128.34,70.74,166.72,162.02,212.14,80.08,242.81,116.6,132.29,142.99,217.7,264.86,133.55,232.97,121.24,137.83,75.46,160.52,251.14,148.45,207.29,161.02,128.25,312.12,249.14,84.62,235.45,339.21,295.25,231.0,266.92,318.16,216.03,232.7,90.57,92.44,254.99,146.67,270.76,152.96,196.7,256.0,151.67,59.99,230.3,130.62,179.26
2000-04-28,169.96,196.21,121.71,279.62,107.72,128.54,69.65,164.45,163.12,215.69,81.94,238.82,116.8,132.34,142.55,217.08,264.62,131.52,233.17,120.34,139.69,74.96,158.88,248.62,145.73,207.85,160.64,127.9,313.09,252.5,84.2,235.54,335.45,293.16,232.97,267.0,316.42,220.38,231.18,91.22,92.99,256.46,144.98,273.53,149.87,199.72,258.54,151.52,59.14,231.15,131.69,179.72
2000-04-29,172.26,196.41,121.45,281.13,108.47,126.88,69.46,165.94,162.35,215.23,82.31,243.01,117.5,130.52,141.55,216.92,266.77,131.26,236.19,120.31,139.38,74.79,158.37,249.32,143.37,205.0,161.93,127.65,314.89,253.58,84.75,238.19,339.11,295.12,231.96,265.08,318.02,221.3,233.01,92.85,93.94,255.88,146.33,273.32,148.11,199.9,260.99,152.11,59.38,230.12,133.84,178.84
2000-04-30,171.8,198.79,121.61,285.85,108.18,127.0,69.0,165.71,160.71,215.19,82.98,240.54,117.13,130.82,141.32,219.23,267.97,130.25,234.19,118.61,140.45,75.91,159.58,248.13,142.71,206.13,161.6,128.15,318.83,252.27,85.82,239.39,334.0,294.84,232.03,266.07,318.94,224.21,233.63,93.16,92.18,256.75,147.47,273.04,146.35,199.06,260.51,150.57,59.95,226.53,134.6,174.82
2000-05-01,171.73,197.85,119.46,288.47,106.85,128.18,68.4,168.88,160.6,219.9,83.74,236.4,117.75,131.4,144.25,221.11,262.36,129.66,233.37,117.64,140.64,76.99,161.92,246.98,142.21,203.18,158.92,128.11,322.73,251.59,85.43,238.07,336.6,298.31,229.98,265.71,320.1,222.39,235.53,92.98,93.28,261.59,146.9,271.03,145.16,199.73,264.08,151.68,60.59,226.58,134.05,174.82
2000-05-02,172.79,196.54,120.71,286.93,105.86,127.27,68.12,169.32,160.14,220.96,83.59,238.65,119.36,130.25,146.15,221.19,257.67,127.3,235.72,118.53,141.76,77.11,160.25,241.65,142.2,203.24,160.85,127.74,323.66,248.03,84.63,237.86,334.63,300.62,229.12,264.26,320.25,217.44,232.23,92.15,94.33,262.64,146.71,270.84,144.91,200.23,261.85,150.04,60.09,222.63,131.28,174.39
2000-05-03,173.12,195.35,122.92,289.01,106.5,128.05,67.87,169.39,157.63,219.57,84.1,236.85,120.06,129.35,143.68,218.45,256.84,130.04,232.02,116.53,141.27,77.54,160.61,238.68,144.95,202.76,164.39,128.08,319.24,248.07,83.08,238.08,336.87,303.25,227.54,264.24,321.87,217.64,227.7,91.75,94.78,263.26,146.24,273.2,144.75,199.03,259.18,148.53,59.69,224.36,130.75,174.03
2000-05-04,174.07,196.75,121.51,291.84,106.22,128.2,68.51,168.64,160.32,217.72,83.93,237.0,120.63,129.31,145.85,222.39,256.46,131.53,233.81,116.72,140.47,77.25,163.36,240.69,145.03,204.14,165.59,126.88,318.93,250.61,82.87,238.15,341.07,310.15,227.06,267.86,318.84,216.47,224.96,91.78,96.18,267.54,145.73,270.24,143.09,197.81,259.92,149.03,59.37,224.18,130.23,173.18
2000-05-05,178.51,199.49,121.57,297.11,106.34,129.72,68.0,168.58,156.99,216.11,84.42,237.19,121.33,130.71,147.25,221.23,254.9,131.02,232.58,116.52,141.46,77.1,159.45,243.8,143.63,203.46,164.48,126.96,317.74,249.91,82.46,242.02,340.84,307.47,227.66,267.43,319.1,215.29,227.14,93.17,95.69,266.41,146.14,265.05,144.29,196.3,257.28,148.53,58.86,223.65,129.37,175.32
2000-05-06,175.23,201.08,122.09,296.3,107.64,129.5,70.05,169.84,158.33,216.96,83.56,237.17,122.74,132.06,145.52,224.98,254.71,130.52,232.81,117.26,143.19,78.55,158.63,244.1,142.78,197.02,166.58,127.55,317.05,253.32,83.83,239.92,339.45,306.96,226.2,268.7,325.45,217.31,226.14,91.83,95.41,263.81,144.63,256.18,143.39,195.04,259.55,148.88,58.69,220.14,131.95,176.13
2000-05-07,178.77,201.59,123.53,292.66,109.98,128.52,69.98,167.66,156.74,214.67,83.63,237.72,123.51,130.09,147.43,225.53,248.41,127.38,231.74,118.2,143.59,79.22,156.51,249.42,141.87,198.05,165.26,128.02,314.51,254.51,83.7,241.59,337.68,309.53,224.27,270.57,329.36,214.29,226.61,92.1,95.64,264.69,143.93,255.23,145.52,194.7,258.72,147.41,59.26,219.52,132.05,176.59
2000-05-08,178.06,201.88,123.99,294.92,110.03,128.06,69.67,167.95,157.11,212.57,82.96,240.66,124.6,128.49,146.66,226.31,249.9,127.37,234.79,119.23,142.91,80.04,156.68,250.2,142.86,196.13,163.81,128.42,318.88,252.53,83.86,241.88,339.1,310.63,227.82,269.49,327.98,214.76,223.1,89.91,95.16,265.52,145.52,259.0,147.45,193.07,263.4,150.16,59.46,218.0,133.2,177.56
2000-05-09,177.68,199.61,124.49,291.71,110.21,127.56,69.81,167.69,156.58,215.18,83.13,237.96,124.86,129.62,147.07,226.64,251.91,127.11,233.01,119.37,142.55,80.62,154.7,246.26,143.39,193.6,158.79,127.07,320.12,253.53,83.73,239.97,342.82,308.8,227.75,267.85,331.01,209.77,228.35,90.71,94.39,269.34,145.17,260.77,146.9,191.61,267.06,149.74,58.9,220.67,134.31,179.1
2000-05-10,176.87,198.06,123.61,288.56,111.19,127.6,69.63,170.37,157.59,213.61,82.5,239.35,123.17,130.8,145.53,228.25,253.05,128.24,233.97,120.55,142.96,81.66,151.77,248.91,142.9,191.56,157.83,126.75,317.6,251.25,83.32,239.88,344.39,307.25,231.5,266.44,330.58,205.32,226.75,90.47,93.59,271.93,146.18,258.65,148.1,192.16,266.06,149.5,59.14,218.26,131.52,180.94
2000-05-11,176.42,196.25,124.77,287.34,112.67,129.13,69.58,169.44,158.08,213.7,82.77,239.67,123.72,130.73,145.67,233.97,253.73,125.21,232.77,119.77,141.1,81.1,152.93,247.17,141.8,194.28,158.93,126.73,315.74,246.61,83.8,236.09,345.96,307.76,228.06,264.62,328.65,203.47,225.27,89.98,93.99,274.9,147.41,263.42,148.15,189.92,261.66,150.88,58.91,220.09,131.42,181.38
2000-05-12,173.9,198.9,125.0,286.31,110.53,128.9,69.12,169.27,158.37,211.18,82.39,235.41,124.49,132.02,144.23,232.75,252.53,123.98,231.17,118.13,139.38,82.12,151.74,246.88,143.33,193.63,160.43,128.44,318.65,245.95,84.23,234.93,351.64,304.07,226.79,265.56,329.0,204.74,224.2,88.5,93.77,273.57,147.84,262.23,148.51,188.97,266.15,148.29,58.92,220.15,132.43,181.97
2000-05-13,174.83,200.81,123.89,285.75,112.08,127.61,69.42,165.96,158.98,211.8,82.97,237.46,125.28,132.26,144.33,235.97,255.97,125.42,234.14,118.24,140.51,82.24,153.63,248.22,144.06,192.64,160.18,127.06,318.84,246.02,83.63,234.93,353.67,301.09,227.23,265.68,333.68,205.89,224.77,87.7,93.4,272.96,147.8,263.45,150.72,187.21,262.91,152.56,59.08,217.24,131.97,183.84
2000-05-14,173.4,203.47,124.99,290.21,111.95,128.74,69.56,167.4,161.58,206.92,82.28,239.67,124.95,130.55,145.53,233.07,257.01,125.68,234.6,118.63,141.37,82.76,151.65,247.11,143.81,195.09,161.23,126.58,321.35,248.88,83.62,236.35,357.72,299.53,228.74,271.38,332.84,203.08,227.0,86.72,93.3,271.76,145.75,260.22,147.27,187.87,259.84,153.73,58.27,218.27,129.94,179.56
2000-05-15,175.17,204.38,126.01,294.46,112.97,130.56,69.79,164.23,162.08,205.16,83.72,241.02,123.2,131.3,145.08,235.38,257.36,124.73,235.02,120.66,141.36,83.94,149.48,245.94,143.4,196.45,164.46,125.73,321.04,245.97,83.95,238.82,357.93,301.48,228.09,273.18,335.83,203.17,225.74,87.39,94.82,269.44,146.54,259.9,147.63,184.91,263.65,152.35,58.42,219.29,128.88,179.35
2000-05-16,176.81,204.08,125.57,294.32,111.65,131.01,69.59,165.62,161.3,205.52,83.12,240.64,123.67,132.9,143.94,237.43,257.16,124.59,233.66,121.63,139.43,84.28,149.48,248.71,143.86,197.2,165.4,124.66,323.27,244.02,85.32,235.82,366.5,296.68,226.18,276.56,340.08,203.37,223.79,88.42,94.81,267.29,147.06,260.91,149.58,185.13,264.14,152.07,57.97,219.21,130.24,178.93
2000-05-17,175.82,203.98,125.43,298.21,110.94,129.89,69.01,164.09,159.65,204.57,82.99,240.69,124.8,130.71,143.69,238.15,258.11,123.32,235.9,122.12,140.6,85.23,150.12,251.05,141.63,198.23,166.27,123.4,319.79,243.65,86.25,230.02,370.82,301.16,230.05,272.94,339.02,205.91,221.47,89.5,95.15,272.01,144.84,257.56,149.98,185.6,263.85,154.62,58.18,218.17,130.82,177.87
2000-05-18,175.53,206.26,125.64,298.23,111.44,129.17,69.86,166.22,157.78,203.72,81.85,242.3,124.18,130.72,144.43,240.28,257.81,124.87,230.36,120.89,141.71,83.04,150.6,251.69,141.99,200.25,164.27,124.56,321.95,248.25,86.45,228.89,366.43,306.04,228.56,276.83,340.97,204.23,224.36,90.79,94.84,269.43,147.77,257.3,149.59,189.43,261.67,151.35,58.2,216.59,130.61,180.48
2000-05-19,176.11,203.64,128.3,298.56,110.02,132.58,70.22,165.44,160.7,207.33,82.55,244.2,123.85,127.33,146.22,236.87,254.69,126.84,234.97,122.24,142.65,82.48,151.07,258.73,142.42,200.14,163.55,123.91,324.89,242.37,87.19,228.7,373.99,304.36,227.23,281.12,341.69,201.68,224.31,91.03,96.16,270.2,146.84,259.93,151.68,187.21,267.23,151.83,57.79,214.04,131.84,178.36
2000-05-20,177.53,202.91,130.93,298.36,110.21,130.26,70.78,166.94,158.6,209.89,82.82,244.09,124.1,127.51,143.48,238.59,250.82,126.23,235.52,122.0,144.27,83.03,151.1,260.57,144.32,200.59,164.08,123.56,327.57,246.12,88.65,228.26,375.71,305.9,222.92,284.82,335.22,201.31,226.29,91.32,96.31,271.24,147.71,258.39,150.26,186.94,266.97,154.21,58.89,208.68,133.16,175.81
2000-05-21,178.24,201.39,131.74,298.04,109.72,128.12,70.72,165.98,159.34,215.37,83.66,246.18,124.79,129.1,143.41,241.55,250.28,126.76,233.13,121.9,144.85,82.39,152.69,265.01,145.67,203.94,166.1,124.06,326.17,239.8,89.77,223.05,374.41,312.35,218.8,287.09,330.23,200.48,226.47,89.81,96.74,272.54,145.4,257.18,150.93,184.34,265.58,156.02,59.09,207.95,133.78,174.42
2000-05-22,175.52,205.09,133.2,297.89,109.41,126.52,71.11,168.56,158.77,213.5,84.14,245.18,124.71,128.39,143.66,242.06,252.13,127.11,236.13,122.82,143.72,82.23,150.95,269.5,146.84,202.67,166.87,122.99,322.11,236.73,89.88,223.89,374.69,308.44,217.3,283.9,331.4,200.99,227.28,90.84,95.33,276.95,147.18,259.83,150.41,185.56,266.3,156.08,59.14,205.02,133.97,174.73
2000-05-23,179.65,205.68,132.23,295.56,108.75,126.57,71.79,167.14,157.17,213.7,83.58,245.61,120.94,129.47,142.26,243.65,250.94,126.81,234.42,124.07,144.1,82.5,151.51,274.67,149.45,204.82,167.62,123.84,320.92,237.27,89.03,223.42,379.93,314.29,217.25,281.65,334.41,201.24,223.82,90.12,96.65,274.94,150.06,258.86,151.47,183.7,267.09,155.35,58.43,205.12,134.53,175.78
2000-05-24,181.53,206.22,129.93,297.62,106.97,128.97,72.17,166.22,156.73,210.74,84.82,247.68,122.69,128.21,140.23,240.64,252.31,124.18,231.06,125.17,142.68,82.51,149.35,273.25,146.77,204.07,165.86,121.85,320.68,235.69,90.99,224.42,382.8,318.36,220.66,283.23,335.75,203.01,225.15,89.32,97.53,276.65,151.47,259.51,149.61,188.08,267.84,156.08,58.65,206.17,136.25,176.41
2000-05-25,183.64,209.38,131.05,300.65,107.9,127.64,71.68,165.57,158.49,211.67,86.0,252.19,121.84,129.72,140.52,238.91,248.78,123.77,230.43,126.91,143.09,83.16,147.85,277.64,145.88,201.84,164.06,120.54,319.16,237.24,91.61,224.35,376.14,317.31,222.2,284.25,338.41,204.05,227.0,89.9,97.23,275.16,148.42,259.33,148.48,187.68,271.05,157.65,58.69,205.65,135.89,178.18
2000-05-26,181.35,211.89,131.13,303.73,105.95,127.65,70.71,166.72,156.07,211.26,86.13,251.34,119.96,129.22,141.39,239.25,250.54,122.87,229.53,125.96,141.8,82.39,149.03,278.05,145.99,201.74,164.23,120.76,318.93,241.06,90.04,225.41,377.0,317.1,221.32,287.82,336.72,206.32,227.75,90.37,96.81,274.24,149.89,254.9,147.08,188.02,273.25,158.57,59.26,204.37,136.03,180.8
2000-05-27,180.34,210.68,132.48,304.82,105.07,128.49,70.32,166.08,155.62,206.19,84.49,251.16,120.28,128.1,142.22,234.97,252.98,121.47,232.31,123.9,143.91,81.55,149.02,279.31,145.45,200.3,167.99,121.91,323.57,242.36,87.94,225.72,377.78,312.46,220.29,283.98,335.84,207.23,228.09,91.92,96.72,273.53,149.31,256.45,146.94,186.8,273.02,158.81,59.11,203.47,137.89,181.4
2000-05-28,179.21,213.23,131.77,301.21,104.93,129.36,69.55,164.4,158.21,205.59,84.04,245.14,119.75,127.88,142.19,233.21,253.36,120.29,232.66,121.73,146.35,81.58,147.5,280.7,148.63,198.73,166.35,120.87,322.78,243.52,88.3,225.43,380.12,311.02,221.84,280.75,337.07,205.71,226.1,90.85,96.74,273.4,147.76,256.43,146.1,186.47,275.99,157.16,59.64,203.12,136.14,181.24
2000-05-29,178.45,217.9,130.77,302.43,105.42,126.27,68.7,165.38,157.38,204.75,84.28,245.66,119.65,129.2,141.71,230.73,255.27,118.62,234.38,124.09,143.53,82.58,146.09,280.82,146.83,203.39,167.17,122.43,323.12,244.59,88.08,229.98,385.25,314.37,222.04,279.13,340.57,205.94,226.88,93.09,97.53,266.18,148.77,254.98,146.19,188.83,270.65,155.13,59.3,202.72,136.14,183.92
2000-05-30,180.1,217.05,130.3,304.0,104.13,124.64,68.23,164.4,157.83,202.91,85.44,249.17,120.71,130.6,142.56,232.02,257.07,116.39,235.01,124.21,143.05,83.33,145.87,280.7,148.49,201.98,166.66,123.92,321.11,243.39,88.01,227.64,381.95,312.78,223.36,279.34,338.01,207.48,228.17,93.87,97.68,264.34,149.35,254.99,146.01,190.37,270.84,157.25,60.29,204.29,134.83,187.42
2000-05-31,178.58,219.77,129.63,309.65,103.16,124.99,67.95,167.52,156.73,207.28,85.92,249.56,122.01,128.72,141.03,233.36,255.18,118.0,230.87,124.25,143.84,84.25,146.41,284.6,149.99,202.63,170.46,123.69,319.7,241.74,88.99,228.54,382.07,310.64,224.54,279.7,335.62,207.48,224.75,94.32,97.56,261.83,153.19,252.1,143.32,191.39,274.73,160.19,60.77,204.84,136.45,185.78
2000-06-01,178.23,217.09,129.29,305.22,102.34,124.04,69.17,169.3,156.56,205.05,85.02,247.82,119.83,129.22,143.5,234.58,254.56,117.93,230.37,125.32,142.86,84.65,145.18,287.5,149.79,205.63,169.82,123.22,316.69,239.42,90.47,229.13,375.75,308.29,223.99,280.54,338.54,206.04,222.45,93.94,97.35,263.7,155.74,253.85,144.26,195.63,281.01,159.53,61.34,204.63,138.05,183.2
2000-06-02,175.32,216.61,131.16,310.2,101.87,122.16,68.96,170.44,156.54,207.1,84.69,245.67,116.88,128.79,142.51,238.39,251.02,118.05,232.46,125.4,142.67,85.64,143.71,286.71,150.46,206.26,167.74,123.47,313.15,243.74,91.67,226.61,374.0,310.31,222.55,282.98,345.07,208.38,225.95,93.73,96.3,265.61,153.57,251.15,144.83,195.93,279.62,157.89,62.01,203.31,137.72,185.7
2000-06-03,176.51,216.18,130.79,305.53,102.9,123.36,68.83,171.22,158.66,207.25,85.54,247.73,117.12,128.41,142.43,233.16,252.67,118.87,231.76,125.7,143.06,86.11,145.39,288.3,148.49,208.18,167.04,123.65,308.53,247.76,91.58,225.76,369.59,309.86,220.27,280.65,345.01,207.76,221.51,94.85,95.19,261.93,152.72,253.56,143.92,196.64,281.46,156.07,62.4,202.32,138.0,180.81
2000-06-04,174.69,217.56,130.84,304.43,103.41,124.45,68.72,170.06,161.01,203.85,85.85,249.3,116.77,127.24,142.93,234.22,252.91,116.87,229.97,126.98,143.27,86.51,147.6,294.39,146.22,208.61,168.19,124.19,308.67,250.92,92.05,225.56,369.2,307.27,215.28,281.89,348.4,202.86,221.84,96.06,96.77,263.77,150.77,253.87,144.86,195.43,286.13,156.58,62.21,201.24,137.58,179.34
2000-06-05,176.24,215.28,130.18,305.29,104.21,126.91,69.38,169.06,160.53,205.6,87.28,250.37,117.17,130.92,143.29,235.89,248.89,115.98,233.57,125.91,144.38,86.58,148.76,294.54,145.41,204.7,167.32,124.47,302.22,249.18,90.41,227.75,371.49,304.61,213.07,277.34,347.25,203.47,224.42,96.19,96.63,261.11,149.09,251.32,145.68,197.73,282.32,156.57,62.83,198.67,140.32,178.14
2000-06-06,177.61,214.43,131.33,302.14,103.54,125.76,69.83,168.84,159.97,204.49,87.48,255.81,117.38,132.46,141.97,232.48,253.08,114.87,234.17,123.73,145.3,87.56,149.1,297.23,145.13,199.87,164.48,124.4,301.95,253.33,90.74,226.95,374.07,302.43,209.56,275.11,347.45,202.29,226.89,96.86,96.94,262.44,148.67,253.5,145.15,198.43,280.02,157.02,62.45,201.52,139.11,176.77
2000-06-07,176.48,213.28,132.17,302.04,105.79,127.84,69.91,166.74,162.32,202.75,87.05,256.93,116.02,133.52,138.71,231.99,253.76,116.46,229.15,122.5,146.28,87.22,148.95,290.95,145.17,198.83,164.04,125.39,300.36,257.06,90.42,231.38,376.77,302.27,208.49,276.22,349.59,198.14,225.22,96.75,96.71,264.77,149.42,254.44,144.57,198.48,278.09,161.19,62.3,201.56,137.62,176.14
2000-06-08,172.87,214.37,132.26,303.59,106.83,127.16,69.99,166.44,160.23,202.28,85.24,258.69,116.35,131.82,137.25,231.4,255.67,115.85,228.12,123.46,144.99,87.14,148.19,291.67,143.28,199.44,166.24,124.13,298.99,256.74,91.38,229.97,380.76,301.67,206.13,274.24,349.47,201.24,227.2,97.41,97.15,264.26,150.12,252.01,146.38,199.49,280.79,162.11,62.39,201.28,136.61,174.61
2000-06-09,174.39,212.86,133.39,306.38,108.69,127.37,70.53,167.07,159.82,202.08,84.32,260.32,116.39,131.79,137.52,230.06,257.19,115.14,227.81,123.03,144.08,88.7,149.72,293.98,142.24,198.72,166.9,124.98,303.29,258.14,91.28,229.27,378.12,298.99,207.6,274.27,348.48,204.06,227.35,98.35,96.34,262.46,152.76,250.62,145.98,196.13,283.51,161.33,61.56,204.36,137.37,173.75
2000-06-10,174.16,213.55,133.55,309.4,110.48,127.3,70.47,165.3,161.13,203.92,85.32,260.22,116.38,133.52,136.46,235.01,255.33,113.31,231.95,121.93,144.56,90.32,151.81,296.07,142.78,197.5,166.42,124.39,304.42,258.1,93.74,229.32,381.56,300.09,207.64,274.47,340.52,205.69,227.08,97.56,97.03,260.7,152.27,249.78,144.63,199.34,286.89,162.12,61.48,204.98,138.85,174.3
2000-06-11,175.17,214.36,134.17,304.36,108.6,129.05,70.71,165.28,163.74,202.04,85.37,261.02,115.59,134.71,137.93,238.21,252.36,113.82,232.43,122.97,144.4,89.95,150.5,294.61,141.45,197.39,166.64,123.17,308.73,259.57,94.18,226.83,382.65,301.44,206.17,276.22,343.73,207.56,228.06,95.94,98.43,262.53,153.6,252.22,146.3,201.06,283.04,161.67,61.48,201.49,141.27,176.75
2000-06-12,176.5,214.84,134.28,305.7,108.73,128.52,70.46,164.14,164.83,204.05,85.86,263.12,114.68,134.18,137.8,236.77,256.35,114.81,232.46,120.94,144.73,90.01,151.22,296.54,141.16,198.55,164.65,122.04,307.31,264.17,93.94,229.92,380.23,300.48,208.05,273.48,341.41,208.6,225.85,95.1,97.6,262.78,153.62,250.68,148.01,205.35,281.92,161.85,61.77,202.27,140.08,176.68
2000-06-13,180.17,214.73,136.27,305.21,109.55,126.42,69.19,162.81,166.34,204.49,86.09,268.48,115.16,136.33,137.45,237.78,256.53,113.75,232.46,120.77,144.17,90.03,149.36,294.75,141.22,200.23,164.97,122.37,308.92,266.79,93.13,229.21,377.1,305.11,209.02,276.43,338.93,208.67,228.37,94.55,97.84,259.54,153.03,248.14,147.9,208.4,282.03,161.37,62.07,197.93,143.04,178.59
2000-06-14,179.08,215.89,137.51,302.97,110.96,125.33,69.31,165.8,167.66,205.69,84.85,269.33,113.79,135.38,141.35,238.14,256.85,113.91,234.1,121.78,144.83,90.19,150.54,294.02,141.12,200.12,162.66,121.3,309.34,266.42,92.32,232.37,377.09,309.27,209.62,282.01,338.97,208.98,229.43,94.67,97.28,260.77,154.24,243.86,145.85,207.94,279.83,160.64,62.2,198.42,142.08,177.71
2000-06-15,181.04,219.13,137.93,306.92,110.5,125.41,70.09,166.97,164.4,208.37,85.46,273.94,113.46,134.84,140.11,241.68,257.7,114.48,234.99,121.44,145.8,88.95,149.01,290.54,139.6,200.51,164.06,121.84,307.81,267.51,91.84,234.71,372.23,311.94,207.63,280.92,335.95,207.15,226.17,93.71,96.77,256.24,154.78,248.64,143.03,210.56,280.75,160.35,61.56,201.06,141.86,177.34
2000-06-16,179.04,217.55,137.41,306.61,111.83,127.59,69.47,166.34,163.52,209.61,88.43,270.31,114.76,134.37,139.5,243.65,258.72,113.74,238.3,120.18,146.36,86.8,147.06,295.66,138.11,201.95,166.38,122.54,302.81,266.08,91.54,237.48,375.83,310.06,207.28,278.26,336.16,204.59,224.9,94.86,96.16,257.08,153.09,251.58,144.19,214.33,285.46,160.37,61.53,197.29,143.15,178.82
2000-06-17,177.99,219.5,136.74,304.24,111.56,126.5,70.73,164.22,166.52,208.69,89.67,271.13,116.21,133.25,138.7,242.55,256.46,113.7,240.44,119.36,145.32,87.07,144.86,295.71,136.33,204.04,170.03,121.07,304.36,265.82,92.77,238.58,368.42,316.23,207.99,278.25,334.63,204.05,223.98,95.49,96.1,256.39,152.71,253.55,143.35,217.36,285.95,159.92,61.54,194.93,142.85,179.96
2000-06-18,176.08,217.6,136.29,304.75,111.94,126.59,70.05,161.05,168.71,206.67,88.62,267.58,116.11,135.53,138.17,240.96,253.65,113.97,239.28,121.5,145.97,88.4,145.4,301.48,135.84,205.05,167.86,120.02,302.81,260.79,95.03,237.53,366.28,318.23,210.46,274.99,332.58,208.46,226.73,97.48,97.03,252.92,153.03,255.48,142.48,215.8,284.07,160.21,61.94,191.07,141.98,179.35
2000-06-19,176.32,215.81,136.48,308.4,111.95,124.96,70.61,161.72,168.22,205.34,90.11,266.95,117.43,134.51,137.98,242.96,256.79,114.24,239.34,121.29,143.92,88.19,146.49,298.74,134.25,203.65,167.74,119.22,304.06,260.34,94.26,235.65,360.39,318.12,211.78,272.32,333.97,209.06,229.07,98.14,96.53,250.92,151.25,251.0,143.61,218.75,284.83,159.45,62.33,188.42,140.72,179.04
2000-06-20,174.7,214.12,137.56,305.2,113.66,125.28,69.83,161.64,170.51,206.3,90.73,269.1,117.62,135.47,137.21,248.56,250.97,114.9,237.98,118.93,143.58,88.03,146.32,295.98,136.18,203.48,167.21,119.66,307.58,265.59,96.41,233.54,358.34,317.6,211.94,271.79,335.69,209.74,228.14,97.64,97.28,253.28,151.58,244.89,140.72,220.34,283.72,161.78,62.25,188.41,143.77,180.83
2000-06-21,172.49,211.13,136.96,304.89,113.76,126.23,69.29,160.17,171.96,205.38,90.32,266.62,117.22,134.65,137.13,249.16,248.68,115.45,243.0,116.82,140.8,88.79,145.6,297.22,135.83,202.19,165.07,119.68,308.38,261.54,96.76,235.99,355.67,314.47,211.03,275.11,336.28,206.58,229.97,96.95,96.96,256.68,149.72,240.88,140.39,223.63,286.08,163.97,62.07,188.84,141.97,182.54
2000-06-22,170.11,210.67,136.22,305.13,113.71,127.4,69.83,160.17,173.33,205.9,90.7,263.35,117.72,135.16,138.19,245.85,251.23,115.01,244.6,117.73,139.5,89.19,147.75,299.12,136.47,203.11,165.55,118.7,310.54,262.79,96.17,234.61,358.96,318.14,208.0,274.93,333.13,210.63,228.0,96.59,95.99,254.68,152.32,238.39,139.07,224.92,284.0,161.67,60.85,188.87,142.86,181.99
2000-06-23,171.6,210.17,137.47,310.09,112.01,125.85,70.22,162.23,174.86,203.25,89.99,260.95,118.73,137.05,139.57,245.67,252.62,112.97,245.39,117.48,139.77,89.35,147.57,293.36,137.49,202.98,162.79,117.08,308.12,263.45,97.54,236.9,358.51,315.89,208.75,271.9,333.88,212.71,231.49,96.61,96.31,255.22,154.15,241.76,139.2,222.9,285.69,162.51,61.0,189.97,141.99,181.6
2000-06-24,172.35,211.64,137.68,307.1,110.12,125.89,70.75,164.74,175.23,198.82,89.06,264.21,118.93,137.12,140.81,243.0,249.23,112.19,247.68,119.52,140.36,87.65,146.93,289.2,139.0,202.6,163.08,116.92,307.82,263.6,97.91,234.98,353.29,313.74,209.65,274.24,331.78,215.93,234.91,96.59,96.43,255.05,155.84,237.71,139.69,225.85,282.94,161.62,60.19,189.67,142.06,183.36
2000-06-25,173.54,210.16,138.34,311.65,113.81,125.29,71.62,161.49,175.04,199.73,89.9,263.53,119.21,138.82,140.68,241.83,244.92,113.22,250.19,120.28,140.96,87.97,144.17,287.8,139.47,204.33,166.3,115.53,309.16,264.72,98.56,234.74,353.57,312.65,207.54,274.39,335.34,214.57,237.62,96.77,97.02,255.66,152.86,239.56,139.92,226.43,282.52,161.24,59.2,190.53,143.33,183.79
2000-06-26,174.83,215.66,134.68,316.11,113.82,124.66,70.92,164.94,173.63,197.43,90.65,260.04,118.5,138.57,141.05,241.86,239.94,114.65,249.17,120.45,139.62,87.46,144.38,287.72,138.52,205.39,168.27,115.59,307.12,264.85,96.26,233.11,353.02,312.57,205.86,275.85,336.96,216.21,236.63,96.41,96.91,255.04,149.51,238.03,143.02,229.56,281.37,162.5,59.48,189.34,144.63,180.02
2000-06-27,172.79,215.35,134.27,318.41,113.54,122.88,69.68,163.64,171.18,195.91,91.79,262.45,119.4,139.45,141.04,245.1,239.28,116.44,251.09,121.68,141.53,88.21,142.45,285.39,139.65,206.81,169.58,115.76,308.19,263.44,96.52,231.43,350.61,312.57,206.18,278.39,333.27,214.68,234.48,96.07,96.84,253.3,151.1,237.31,142.81,231.15,273.12,161.66,59.7,191.46,143.21,178.44
2000-06-28,169.85,218.26,134.23,318.21,114.01,122.59,70.22,164.09,170.52,196.63,92.52,260.02,118.59,139.01,141.38,243.06,236.34,114.72,253.25,120.19,140.52,86.44,142.59,285.19,141.64,204.25,172.96,115.88,307.27,258.87,97.81,230.68,349.36,311.19,205.63,281.03,326.76,215.66,238.91,96.18,97.29,251.58,150.5,234.18,142.94,230.92,271.71,159.46,59.92,191.86,142.2,175.94
2000-06-29,172.47,217.54,134.29,320.03,114.0,123.73,68.42,166.14,169.39,194.18,94.12,257.0,119.45,138.7,143.85,242.97,239.59,111.38,253.43,119.34,143.18,85.99,144.89,284.94,140.51,205.61,169.9,115.43,310.28,255.01,97.14,230.45,346.34,307.66,207.37,287.31,328.21,215.58,243.77,97.4,98.62,255.68,150.02,234.93,144.12,230.47,269.25,159.86,59.48,190.96,141.32,177.5
2000-06-30,170.61,218.69,133.53,317.42,114.01,123.45,68.08,167.38,170.03,197.26,94.12,257.41,120.65,139.15,144.3,240.56,238.49,111.86,251.71,118.8,144.38,85.29,143.45,286.87,140.7,203.2,173.25,115.5,309.38,255.22,97.61,233.46,350.93,306.46,209.0,292.73,328.49,214.31,246.45,97.84,98.36,255.01,151.32,239.04,144.32,230.61,269.84,160.12,59.94,192.11,140.9,177.68
2000-07-01,171.23,219.24,129.36,315.02,114.53,122.26,67.63,165.75,171.59,196.47,94.46,257.4,121.98,139.38,144.7,239.59,241.84,111.36,252.36,118.94,144.93,84.08,142.62,282.09,140.53,202.23,173.86,113.88,308.05,253.43,97.91,238.06,351.51,302.92,204.9,287.79,320.92,212.59,245.21,98.22,99.62,247.77,152.37,239.48,144.29,228.09,268.24,159.26,60.55,192.64,142.0,176.63
2000-07-02,172.15,220.02,126.92,315.56,113.01,122.69,67.66,167.54,170.0,195.01,95.04,255.52,121.96,138.37,145.33,236.46,239.76,109.85,249.06,117.1,141.82,84.34,143.7,281.52,142.24,202.22,171.92,113.56,306.45,252.15,99.3,238.91,349.41,305.99,205.06,284.66,320.48,209.81,248.55,96.23,101.25,245.93,153.65,238.96,143.52,231.34,269.64,157.53,60.17,194.86,143.21,176.08
2000-07-03,170.33,220.84,126.63,314.99,113.64,122.08,67.61,165.58,168.57,193.37,94.61,254.79,120.76,137.06,143.85,234.48,235.08,109.79,247.31,115.44,143.63,83.77,141.72,284.1,141.67,204.14,172.21,115.27,305.36,253.42,100.93,239.53,350.58,305.33,203.48,286.82,322.69,211.74,248.93,95.78,101.32,245.08,156.43,235.43,144.61,235.43,267.39,156.47,59.08,193.9,143.6,177.47
2000-07-04,171.81,222.9,125.57,312.03,112.9,120.37,68.11,167.8,172.11,194.2,94.45,252.35,121.1,135.69,141.77,237.25,233.56,108.03,246.25,114.39,143.91,83.25,141.05,284.68,142.32,204.64,174.65,114.95,311.11,253.54,100.6,239.45,349.93,308.16,206.26,288.62,317.58,210.57,253.87,97.4,98.75,247.53,157.43,233.38,145.19,235.84,265.47,158.72,58.63,194.25,143.64,173.89
2000-07-05,172.47,216.94,123.67,312.25,111.07,122.08,67.71,169.44,170.81,195.85,93.7,255.41,123.49,133.66,141.3,235.49,234.28,107.9,245.5,115.24,143.06,83.5,141.52,284.03,141.54,206.45,174.25,115.6,314.03,254.89,99.35,237.63,351.43,304.43,202.38,286.25,319.15,212.7,249.24,96.72,100.57,247.46,158.3,233.39,147.05,235.61,264.61,158.42,58.44,195.63,145.01,171.08
2000-07-06,172.96,213.42,123.84,312.62,111.82,123.81,67.3,170.98,170.26,197.97,94.79,256.14,124.0,134.2,142.84,239.77,240.19,107.98,251.12,114.85,142.14,83.01,142.4,282.31,143.65,206.98,170.0,114.29,315.11,257.81,100.92,237.54,351.22,301.22,203.53,291.37,321.91,212.4,252.48,96.45,102.01,245.41,159.46,236.34,147.56,235.82,262.21,158.63,59.36,194.09,144.78,173.28
2000-07-07,172.72,213.94,123.23,315.69,110.19,125.56,66.32,167.32,168.52,197.65,93.98,254.2,125.05,134.82,142.46,235.57,242.05,107.33,249.99,112.61,145.15,83.52,141.79,285.45,142.35,205.55,169.79,116.07,317.76,255.31,100.73,239.83,351.4,305.56,201.26,292.13,319.53,212.29,254.89,94.92,102.94,243.09,161.81,232.66,146.98,236.71,265.4,158.92,58.64,196.29,143.58,172.15
2000-07-08,169.63,216.89,119.2,320.25,110.68,125.54,66.44,167.95,169.32,198.22,94.95,253.59,125.6,134.47,141.99,231.45,244.27,106.76,248.83,112.13,146.33,83.55,141.12,282.7,142.61,205.6,172.71,115.19,311.85,254.38,100.85,237.43,340.8,306.01,197.29,293.09,317.2,210.74,253.29,95.5,104.29,242.85,160.52,233.91,143.92,235.86,268.11,160.8,59.08,194.69,140.68,172.0
2000-07-09,168.6,214.01,118.8,325.01,111.3,124.73,66.09,169.21,171.67,199.09,96.1,254.34,124.93,135.99,141.88,228.07,240.34,104.85,250.68,112.07,145.29,83.32,141.41,280.05,142.2,207.48,172.45,116.13,311.65,252.92,100.41,239.63,339.39,303.39,198.39,295.35,323.91,211.14,257.5,94.65,104.18,242.25,157.38,232.72,142.5,239.15,275.24,159.67,58.66,192.56,139.88,175.45
2000-07-10,168.07,214.28,118.24,322.9,110.85,125.45,64.79,170.62,172.9,198.03,97.96,257.26,124.19,138.99,139.87,225.85,241.66,105.8,251.89,113.67,149.0,81.57,142.63,278.56,142.91,202.58,173.58,117.01,308.03,252.34,97.61,243.87,336.22,306.27,200.03,300.74,325.22,209.53,260.4,95.27,103.59,243.41,156.27,234.95,140.71,242.03,278.67,163.05,60.01,195.86,137.77,176.38
2000-07-11,167.82,212.07,117.27,321.42,111.18,123.56,65.18,172.22,170.02,198.64,95.68,258.75,124.08,139.8,138.03,229.99,239.92,105.89,254.2,114.43,149.26,80.55,140.49,279.52,142.16,199.2,173.3,114.97,308.58,260.31,96.75,238.05,335.89,302.4,196.88,300.87,321.74,212.57,261.42,94.86,104.7,241.42,155.1,235.22,139.46,242.57,277.2,163.94,59.92,192.85,136.13,174.68
2000-07-12,162.93,213.24,117.47,325.08,110.36,122.77,64.38,173.61,167.82,198.31,95.76,261.99,122.46,138.69,138.3,230.15,237.5,105.95,256.16,113.83,147.84,80.61,138.86,278.37,143.31,201.68,171.83,114.59,302.69,260.78,97.35,243.46,332.07,301.01,194.14,298.73,323.54,212.51,263.12,95.64,102.88,241.4,156.07,234.93,139.23,241.7,270.35,165.68,59.4,191.34,135.09,173.8
2000-07-13,164.3,211.84,119.3,327.91,110.47,123.76,64.46,172.13,166.2,196.7,96.87,260.04,121.38,139.14,137.99,230.32,235.94,106.16,254.35,112.94,147.8,80.51,139.63,284.52,144.26,204.8,173.94,114.29,302.59,260.28,98.0,243.1,334.47,303.84,193.28,298.53,321.9,212.78,257.62,95.27,103.05,241.67,156.75,239.22,139.78,241.98,271.98,166.77,59.03,194.82,132.96,172.8
2000-07-14,165.37,208.5,120.17,328.07,112.77,122.83,63.62,173.04,165.18,196.01,95.82,258.87,121.68,139.24,138.6,234.68,236.54,106.1,257.99,113.4,149.82,79.57,141.05,285.64,143.86,200.75,172.24,115.4,300.46,258.48,100.26,239.93,331.51,307.18,193.39,298.48,320.3,210.45,255.95,94.05,101.9,241.33,158.37,238.06,136.27,243.56,268.14,167.27,59.25,193.97,134.79,171.03
2000-07-15,167.39,207.41,121.98,327.48,114.53,122.25,63.09,175.8,171.13,192.29,97.21,259.89,121.25,139.64,136.6,234.87,232.61,106.94,257.31,113.62,148.2,80.84,142.25,288.58,142.76,199.95,170.68,113.44,300.08,256.54,99.6,238.33,329.54,310.99,193.55,298.53,316.48,210.01,254.72,94.97,101.38,243.38,160.14,234.96,137.28,240.67,272.07,171.12,58.94,194.22,135.77,167.98
2000-07-16,167.06,207.25,123.11,328.74,114.81,122.75,63.4,178.56,171.24,192.11,99.04,259.15,122.08,139.34,138.15,235.66,231.9,107.83,255.97,113.27,145.93,80.65,143.33,283.67,142.31,200.29,170.22,112.72,304.72,258.57,99.5,240.08,325.63,309.75,194.59,300.67,318.9,205.21,255.56,93.95,102.0,241.49,158.13,233.64,135.29,240.03,273.17,168.48,60.05,193.26,135.23,169.34
2000-07-17,168.62,210.52,120.51,329.68,114.26,122.36,62.86,182.53,169.23,193.49,99.4,258.23,122.94,137.14,138.91,238.39,232.74,109.73,257.32,113.56,146.97,80.43,142.24,283.39,140.32,202.2,171.82,113.56,301.62,263.09,99.11,240.75,323.88,307.72,196.6,297.45,321.98,201.32,251.07,95.09,102.45,239.91,158.7,236.72,132.92,241.51,270.91,168.04,60.07,195.09,133.9,169.02
2000-07-18,168.16,211.75,119.99,322.85,116.28,121.57,61.68,185.24,171.59,193.59,99.39,253.43,121.44,135.25,138.99,236.38,237.3,111.43,255.55,114.53,149.08,79.91,140.96,284.51,141.52,201.57,173.75,113.84,301.0,263.37,100.02,240.54,334.02,309.34,200.7,295.05,316.92,198.61,249.74,95.23,102.3,243.01,159.58,235.86,132.74,238.8,274.92,170.49,60.04,195.63,133.01,167.41
2000-07-19,167.91,209.12,118.79,322.99,117.08,124.12,61.99,186.11,170.34,192.65,99.88,254.51,121.23,135.83,138.78,237.5,241.25,110.6,254.41,115.75,148.93,78.71,141.06,287.37,141.6,201.9,172.3,114.16,300.78,261.26,99.31,242.16,337.51,315.04,201.78,292.6,319.35,197.7,247.76,94.3,101.75,243.53,158.6,236.87,134.36,235.73,278.35,171.36,59.46,196.13,131.86,166.27
2000-07-20,165.89,212.04,119.73,325.92,119.96,123.69,61.91,186.53,167.25,192.26,100.42,254.95,122.23,136.42,138.09,233.94,240.63,110.94,256.58,114.53,146.04,78.74,140.64,290.99,139.18,203.31,169.32,113.31,302.94,260.04,100.63,243.08,333.93,315.82,203.08,289.76,321.01,197.84,246.42,94.63,103.07,244.22,162.08,231.56,135.21,238.38,275.82,169.88,61.04,198.57,131.4,165.93
2000-07-21,161.94,213.36,118.28,325.72,116.78,123.18,62.42,185.14,166.94,191.54,100.5,250.47,123.43,137.25,136.42,232.53,238.73,110.23,255.46,114.2,148.2,78.17,137.63,293.59,140.44,200.77,171.44,115.27,299.52,262.01,100.01,246.48,329.63,315.5,200.86,291.62,322.91,199.26,248.81,92.42,102.35,244.63,160.75,232.47,132.43,236.26,269.32,168.45,61.16,199.51,132.26,167.01
2000-07-22,162.01,212.82,117.61,328.55,117.14,123.74,62.36,182.75,167.09,191.28,99.33,251.28,122.59,137.25,138.51,229.08,242.9,110.47,253.39,115.18,149.67,77.75,134.03,286.27,140.18,199.62,171.99,116.45,293.32,266.31,99.76,246.61,326.85,314.99,203.09,289.11,324.43,200.43,249.87,94.34,102.95,245.72,159.09,232.91,131.58,235.54,274.08,166.3,60.42,198.09,133.25,166.68
2000-07-23,162.05,212.8,119.98,327.55,117.83,124.59,61.36,184.98,165.97,194.27,98.69,256.08,119.78,138.55,139.38,225.27,241.76,110.51,248.81,116.94,150.3,77.95,133.5,288.38,139.74,198.03,175.33,115.33,290.59,265.92,100.6,248.01,327.6,316.45,199.34,287.61,323.24,202.04,251.35,93.45,103.2,246.75,157.56,232.26,131.18,236.63,271.86,166.49,61.35,200.29,134.46,165.04
2000-07-24,161.3,214.71,120.13,331.65,117.18,126.31,61.68,185.49,165.94,192.35,99.27,254.38,117.09,138.04,142.31,223.41,238.51,110.42,246.79,117.01,150.85,78.08,132.36,287.34,138.25,199.99,175.46,114.24,286.95,266.2,100.87,247.31,328.15,318.22,197.83,285.71,323.8,203.69,251.81,94.02,102.52,245.59,157.52,239.15,131.59,234.71,273.63,168.1,60.41,201.83,135.95,164.36
2000-07-25,163.02,215.7,118.53,330.83,116.27,127.82,61.4,184.01,168.07,194.55,97.78,261.19,117.15,138.17,141.97,224.37,234.09,109.81,245.02,117.71,147.71,77.77,134.63,287.22,137.92,200.52,177.69,113.2,289.33,265.27,99.95,254.04,331.28,321.45,197.62,289.29,329.31,200.75,254.29,93.35,101.35,244.18,157.73,241.65,133.12,233.12,273.35,169.42,60.59,199.73,135.8,163.56
2000-07-26,164.13,217.37,119.22,334.81,116.79,129.27,61.43,182.83,170.35,198.15,98.04,265.9,115.99,136.55,140.34,225.82,227.79,107.85,247.97,117.79,147.91,77.83,136.59,288.99,140.52,199.58,179.05,113.44,290.57,266.8,101.5,254.58,331.41,322.7,195.5,292.22,327.75,198.59,255.58,91.8,100.91,249.63,157.13,241.01,134.74,230.53,272.73,167.95,60.5,199.99,135.7,165.0
2000-07-27,160.91,220.34,118.36,335.11,117.38,127.24,61.51,183.19,172.09,197.36,98.91,264.91,116.11,137.39,139.51,226.11,226.77,108.64,248.22,117.08,147.42,78.27,134.06,294.64,140.01,199.03,178.6,111.35,290.97,266.42,102.78,253.31,325.49,326.32,196.75,290.3,326.26,198.93,254.81,91.8,99.17,248.46,157.48,242.72,133.46,233.3,270.73,169.7,59.94,197.22,134.62,163.93
2000-07-28,161.13,220.15,119.05,335.55,116.13,126.9,62.32,183.68,170.92,198.61,97.86,261.26,116.36,137.58,138.31,224.36,227.1,109.18,249.24,114.96,147.65,78.32,133.71,296.1,139.17,197.53,177.26,110.7,289.04,268.13,101.99,253.18,328.3,325.7,195.43,289.79,331.62,198.03,251.91,91.3,102.32,246.0,158.74,242.64,131.0,234.83,271.14,169.59,59.8,196.49,136.19,167.45
2000-07-29,161.36,221.13,119.56,338.38,114.49,125.58,63.17,187.55,169.96,197.31,97.24,262.53,116.04,138.77,138.36,227.66,221.99,109.09,252.96,115.53,149.37,77.86,133.77,292.45,139.52,196.22,176.93,111.67,293.68,267.76,101.77,253.53,326.54,323.76,196.47,289.51,335.61,195.58,248.43,91.69,101.53,247.22,158.28,240.44,129.64,234.95,271.83,168.12,60.18,197.96,138.39,170.35
2000-07-30,161.17,220.6,120.47,340.47,114.44,125.63,62.32,187.31,167.23,197.38,98.86,260.28,118.2,139.31,139.14,228.18,223.56,109.97,254.82,115.85,147.77,77.71,133.63,292.21,140.76,196.08,177.76,110.78,292.17,266.47,101.8,255.45,327.48,322.02,196.97,285.12,339.78,193.96,250.17,93.05,102.16,247.17,156.93,239.9,128.91,238.59,272.93,166.41,60.98,199.73,137.78,171.07
2000-07-31,161.43,220.83,119.75,344.55,114.42,126.75,63.31,193.3,167.8,196.24,98.54,256.74,117.64,139.54,138.56,228.41,219.24,109.22,255.28,115.78,148.06,77.3,131.89,292.41,141.82,193.06,179.46,109.42,286.57,267.34,100.79,258.99,327.75,319.08,197.25,286.34,342.17,196.53,246.08,93.47,102.85,251.41,154.81,239.07,128.67,236.54,274.22,164.87,61.38,202.94,139.28,169.76
2000-08-01,160.4,220.48,119.31,345.6,115.32,126.93,63.22,190.86,166.07,197.29,98.28,252.13,117.92,138.83,137.97,225.96,219.24,110.55,255.84,113.72,147.97,78.17,131.45,293.37,143.07,196.56,178.7,107.37,289.32,265.65,99.83,258.59,333.18,320.39,196.4,288.45,343.85,196.15,251.44,92.31,103.07,250.91,156.04,234.97,128.37,234.68,276.32,164.91,61.02,200.0,141.48,172.28
2000-08-02,161.26,223.38,118.99,338.82,118.03,126.64,62.85,191.6,165.67,195.51,99.04,252.26,117.85,140.74,138.39,223.08,216.6,110.99,255.71,114.12,147.17,77.4,131.2,289.44,143.79,195.09,177.33,107.51,291.27,263.39,99.67,256.2,332.46,317.45,197.64,288.73,349.01,193.97,250.74,93.29,102.07,251.99,156.9,233.15,128.86,230.53,281.49,164.02,60.72,201.54,141.96,172.47
2000-08-03,160.77,224.76,118.89,334.35,118.05,129.2,62.73,188.05,166.64,196.74,99.22,250.06,117.02,141.57,138.64,221.57,214.79,111.62,255.85,115.36,146.68,76.35,131.35,289.59,144.95,194.03,177.18,107.92,291.6,270.1,99.47,255.99,330.86,314.82,199.46,291.71,350.21,196.25,251.89,93.87,102.49,252.06,156.14,233.52,132.06,230.67,280.04,164.76,60.07,199.05,142.81,171.23
2000-08-04,161.1,223.66,119.11,332.2,117.76,128.71,61.56,191.53,164.97,198.85,99.42,249.12,117.53,142.84,138.47,219.17,214.91,109.6,257.74,114.78,147.74,76.87,131.67,290.26,143.55,191.63,178.2,107.22,296.07,269.45,100.99,257.15,330.51,312.71,201.93,291.83,354.47,198.57,254.79,94.5,101.07,252.8,159.03,234.22,132.31,231.71,278.65,164.24,59.36,199.56,142.42,171.75
2000-08-05,162.19,221.91,118.84,334.94,119.11,126.6,62.68,190.78,165.08,197.16,98.95,247.1,118.05,141.61,137.74,217.0,211.12,111.2,258.25,114.77,148.64,76.59,135.51,292.17,143.2,194.51,178.41,106.1,296.93,270.24,100.86,261.1,334.32,311.91,201.91,294.87,346.92,197.73,251.74,95.08,100.45,249.82,159.7,235.8,129.68,230.66,277.4,163.6,58.87,198.92,140.03,172.49
2000-08-06,163.65,220.1,120.09,333.38,117.47,126.66,62.55,191.85,165.28,195.68,98.37,241.08,119.54,142.94,135.99,217.08,211.93,113.25,258.75,115.86,149.49,76.52,134.5,296.12,140.64,192.48,174.73,107.25,298.67,272.02,100.52,259.9,332.85,305.12,203.57,291.17,349.84,198.08,257.46,95.37,100.95,245.75,159.21,235.91,127.93,229.06,276.59,163.93,58.27,198.98,137.88,175.21
2000-08-07,165.22,221.63,119.31,339.55,117.73,126.65,62.31,190.76,165.59,192.73,97.07,241.83,119.8,144.2,131.82,215.78,213.42,111.35,255.2,115.01,151.61,77.03,134.73,295.76,141.63,193.59,173.33,109.33,297.46,268.98,101.78,262.28,336.9,305.11,199.68,288.0,350.12,196.63,254.57,94.74,98.99,245.62,160.77,233.45,126.65,229.68,277.12,163.87,58.39,200.77,137.4,174.39
2000-08-08,169.66,220.35,119.22,342.76,117.61,124.8,62.96,188.92,167.08,191.32,97.25,245.59,118.3,143.49,128.3,219.03,214.35,112.41,262.63,113.35,150.55,78.14,133.92,298.63,140.67,193.63,172.32,109.04,296.96,266.72,100.42,263.57,331.35,301.94,196.69,291.2,347.56,198.71,253.58,97.26,97.95,244.0,160.67,233.89,129.19,226.42,274.56,164.1,59.46,199.28,139.58,174.06
2000-08-09,169.89,223.61,117.93,342.25,118.18,126.7,62.94,188.42,165.71,191.54,96.61,245.99,119.74,145.78,126.86,218.66,221.16,111.52,260.14,114.78,153.38,77.62,133.76,297.95,140.33,194.45,172.69,108.78,299.4,262.86,100.79,261.93,331.42,300.26,196.93,288.51,349.49,200.0,251.7,98.6,100.22,246.48,163.19,232.92,128.44,225.82,271.79,166.15,58.83,196.3,140.66,174.68
2000-08-10,171.36,217.32,117.96,341.87,117.41,127.1,62.68,188.56,167.19,188.88,95.09,245.25,118.83,144.82,126.35,217.22,220.86,113.16,260.82,115.39,151.37,77.26,135.13,300.25,140.47,195.24,176.81,108.76,302.83,258.59,99.72,260.1,334.7,301.01,195.0,287.5,354.42,201.26,250.25,97.42,99.31,249.04,162.31,233.95,128.21,227.66,269.44,165.27,58.92,193.41,141.02,176.3
2000-08-11,172.29,216.43,118.13,348.96,118.02,127.07,62.77,188.72,163.72,185.39,95.24,244.63,117.94,145.17,125.84,215.29,222.23,112.72,261.16,117.05,150.89,77.11,136.63,304.92,141.56,195.45,179.09,109.09,300.49,262.62,98.41,263.96,337.1,303.68,196.31,288.35,358.19,200.89,251.39,98.88,98.33,248.42,163.21,234.65,129.87,224.76,271.64,165.86,59.08,193.73,140.55,172.03
2000-08-12,171.85,211.54,116.52,345.56,117.91,126.19,62.95,189.65,163.42,185.37,95.82,244.4,119.47,144.68,124.78,217.04,218.53,112.53,259.56,115.83,150.69,78.64,136.51,307.44,140.15,194.0,176.03,109.6,305.31,263.41,97.96,263.55,337.71,298.72,194.33,287.08,352.29,203.08,250.48,96.91,99.53,246.83,162.4,235.45,130.63,220.54,268.35,167.76,58.59,192.23,139.85,172.97
2000-08-13,171.61,207.62,117.63,346.14,117.4,128.8,61.92,191.11,162.99,183.24,94.92,244.42,121.2,144.29,125.82,218.35,214.63,112.7,258.8,114.83,148.58,77.91,136.33,306.24,139.52,193.49,174.61,110.77,307.96,258.86,97.66,269.41,338.43,304.93,195.95,285.55,347.98,204.75,248.36,97.61,98.66,245.93,164.34,232.98,129.1,218.94,266.46,165.73,58.2,193.15,138.33,171.87
2000-08-14,170.37,210.35,118.09,348.94,116.33,129.19,62.26,190.57,163.3,183.16,96.08,245.36,123.1,142.87,125.31,215.67,213.09,111.58,256.62,114.12,144.19,78.91,136.82,309.71,137.7,194.98,175.77,112.19,310.46,256.71,96.89,271.56,339.67,306.43,193.22,284.76,347.53,203.87,249.76,95.79,99.19,252.17,162.22,233.42,129.41,218.42,262.24,164.57,58.35,188.54,136.47,172.81
2000-08-15,172.68,211.67,117.62,346.58,112.83,129.05,62.27,189.61,161.08,182.01,96.81,249.2,124.99,141.92,125.15,213.75,211.71,111.15,256.58,112.91,144.63,77.29,135.23,312.93,138.54,198.14,173.9,111.64,309.72,257.44,96.38,266.88,341.73,311.23,192.51,282.41,348.29,204.97,248.31,96.9,99.42,252.47,165.68,232.02,130.17,222.24,261.23,166.35,57.91,183.26,136.83,175.16
2000-08-16,171.81,213.49,118.52,347.05,113.87,129.89,61.62,191.69,161.16,181.52,96.32,251.65,125.24,142.32,124.19,210.71,212.71,110.76,256.71,114.39,144.73,77.05,136.84,314.94,140.81,198.71,172.58,109.97,317.42,252.5,97.26,262.35,341.27,305.33,191.07,284.27,345.67,204.88,251.89,96.31,98.81,250.18,164.03,231.59,132.52,223.42,260.31,161.94,57.79,186.97,137.55,174.2
2000-08-17,171.32,216.23,115.64,352.4,115.22,131.1,62.33,190.13,159.78,184.94,94.89,253.35,127.24,142.59,124.3,210.28,212.91,111.61,253.19,114.41,144.97,77.93,139.25,314.64,142.54,198.24,171.87,111.45,315.09,253.25,96.59,259.07,339.3,301.31,194.22,283.82,338.53,205.56,250.53,96.03,97.88,249.58,163.3,229.88,133.59,225.72,261.24,163.55,58.83,189.25,134.17,173.53
2000-08-18,169.83,211.03,116.08,353.53,116.06,132.68,62.27,192.34,158.45,185.21,95.86,250.74,127.45,142.33,123.57,203.5,210.41,110.23,248.98,114.72,148.05,77.53,140.46,317.02,138.76,198.32,171.56,112.69,316.19,253.37,98.06,260.78,336.5,306.99,193.37,276.25,339.6,207.72,251.79,96.39,98.84,250.31,162.28,232.11,133.15,225.39,265.08,163.48,59.46,189.57,135.61,173.7
2000-08-19,165.53,214.15,115.86,356.56,117.18,133.86,62.16,190.63,155.93,184.81,95.0,247.02,127.96,143.37,124.01,203.53,209.92,110.0,247.58,114.86,150.24,78.08,139.8,314.18,139.81,196.37,172.54,111.34,320.45,255.39,98.49,258.05,334.17,304.54,196.78,278.46,343.56,210.03,253.55,94.58,98.35,245.47,162.87,236.75,133.31,225.14,271.07,162.0,59.25,188.82,136.56,171.82
2000-08-20,168.06,212.44,114.67,354.1,116.46,132.76,61.26,191.34,156.59,184.57,94.64,245.35,127.61,142.17,125.55,206.25,210.62,110.71,247.3,116.11,149.55,76.81,138.94,311.34,140.69,197.11,171.71,111.0,318.6,254.44,98.97,258.53,331.28,301.32,197.13,276.18,346.61,209.3,250.69,96.52,97.51,241.67,162.92,236.02,133.99,223.77,273.69,161.65,58.59,191.74,137.71,173.36
2000-08-21,168.9,212.15,116.22,347.83,115.81,133.14,62.2,190.12,155.64,185.99,94.64,246.35,127.94,141.22,126.37,207.72,212.41,111.18,248.01,114.42,147.12,78.27,139.38,315.07,140.95,197.46,176.25,111.45,315.48,255.22,98.14,259.83,325.39,302.54,199.97,271.83,344.26,208.21,251.51,94.74,97.02,238.87,162.39,234.3,135.66,223.95,275.3,161.21,57.78,189.47,136.52,174.37
2000-08-22,169.78,212.02,116.99,347.0,116.13,131.97,62.83,189.65,155.89,185.36,94.89,248.55,127.37,142.27,124.31,209.02,213.08,112.34,251.18,114.53,147.34,77.73,137.81,316.09,140.37,193.8,176.03,109.62,320.98,252.27,97.16,263.07,325.12,302.24,200.65,275.03,352.24,206.83,252.09,92.88,94.66,237.89,166.14,233.96,134.55,225.24,278.62,161.03,57.54,191.45,138.02,173.32
2000-08-23,169.85,213.77,115.2,350.29,116.79,131.37,62.75,188.72,153.68,185.03,96.52,246.18,127.84,143.59,123.7,206.37,207.26,114.54,254.97,117.09,145.42,76.99,139.84,308.48,140.95,192.75,177.89,107.71,325.78,252.7,97.68,261.39,324.72,300.71,201.58,278.83,353.35,208.92,251.93,93.45,94.63,235.04,165.87,233.27,135.05,226.47,276.53,159.74,57.09,194.66,136.72,174.79
2000-08-24,174.12,213.51,114.74,349.36,117.41,131.39,62.31,188.65,152.96,187.69,96.77,250.75,128.21,143.85,124.37,208.57,205.49,113.15,253.07,114.45,144.07,76.18,141.27,310.29,140.73,192.94,178.54,106.53,324.69,253.81,96.64,263.59,326.12,300.31,200.15,274.04,350.85,210.56,252.19,91.33,95.54,236.67,168.88,232.04,132.2,225.21,278.04,155.74,56.84,197.93,136.64,176.63
2000-08-25,173.42,214.04,114.45,345.93,116.92,132.2,62.18,186.5,154.93,185.2,97.58,251.03,129.01,143.58,123.17,211.42,206.34,113.65,257.21,115.03,144.27,76.16,142.51,313.26,141.71,194.48,180.45,107.02,326.24,253.39,95.87,266.16,329.37,297.23,199.26,277.45,347.12,211.83,251.48,90.81,95.16,235.3,169.84,232.56,131.76,225.58,280.46,152.29,57.13,197.11,134.92,175.82
2000-08-26,175.48,213.31,114.07,349.93,117.65,130.74,62.71,185.44,155.74,184.34,97.74,247.49,130.62,140.43,121.65,208.89,204.82,113.35,259.72,116.12,144.34,76.26,139.62,311.56,142.54,194.13,181.93,107.08,331.22,251.99,97.18,266.98,329.71,298.72,199.06,274.19,346.08,213.51,252.79,91.28,95.16,238.19,168.54,231.72,132.01,228.43,276.18,152.71,57.98,195.36,136.26,176.22
2000-08-27,174.7,215.08,114.12,351.15,117.79,131.2,62.78,186.44,156.92,183.66,97.48,253.87,130.86,139.65,122.11,206.82,205.79,114.71,255.46,115.26,145.95,75.79,138.61,312.68,141.11,195.45,181.56,107.72,329.95,253.77,96.76,270.48,331.76,300.32,198.04,272.41,344.42,210.94,250.73,93.0,94.21,241.01,169.87,233.26,131.32,229.5,272.45,151.6,57.61,194.13,135.49,174.29
2000-08-28,173.11,215.47,111.67,349.03,116.45,129.81,63.21,186.59,155.93,181.52,97.77,254.44,131.46,140.51,120.96,209.84,205.74,114.52,254.68,115.28,143.82,75.26,139.04,315.42,141.28,196.08,184.12,106.84,324.54,255.08,96.32,267.97,341.04,300.23,199.5,270.09,343.93,211.66,248.08,92.5,94.13,240.14,172.88,235.8,131.77,224.76,271.88,151.55,58.51,195.1,133.11,175.58
2000-08-29,173.73,213.75,111.07,348.22,114.31,128.67,64.48,189.27,155.69,183.32,97.71,256.85,128.71,141.1,123.9,205.82,206.36,113.88,251.33,115.35,142.41,75.27,138.73,318.43,140.98,194.96,182.56,108.54,324.27,256.7,98.02,268.17,344.1,297.58,200.8,272.97,349.81,212.14,248.8,93.43,95.34,241.95,173.98,234.78,132.78,224.41,272.5,152.56,58.51,200.1,134.4,175.53
2000-08-30,174.54,213.92,110.17,347.46,112.54,128.65,65.05,189.28,157.41,183.45,98.94,258.17,129.77,142.33,124.07,202.5,204.92,115.54,256.26,116.23,143.23,75.03,140.91,315.86,140.86,196.5,179.64,108.42,327.69,255.28,100.04,270.52,345.81,295.94,201.44,270.23,354.31,213.3,252.42,92.28,95.52,244.8,173.35,234.46,134.08,223.8,272.37,150.02,59.19,202.01,137.75,175.76
2000-08-31,177.25,214.0,110.59,345.02,112.3,128.54,64.97,195.35,156.21,181.06,98.33,259.26,127.43,141.07,124.15,201.95,205.59,116.57,258.91,118.55,142.48,76.02,139.8,312.17,142.1,196.08,181.25,108.29,331.79,256.81,100.8,268.15,356.97,299.04,197.86,270.5,360.72,210.7,251.12,92.29,96.94,248.47,175.7,230.8,132.9,221.22,270.96,149.99,60.57,198.72,136.98,174.29
2000-09-01,177.49,215.98,112.47,341.64,110.43,126.73,65.06,193.89,156.67,182.03,99.38,257.04,128.11,141.89,123.45,196.92,204.11,116.64,255.27,117.62,139.28,74.6,138.29,310.82,145.22,194.93,179.24,106.66,341.63,262.34,101.26,271.39,360.88,302.02,201.78,274.75,363.36,211.9,249.7,91.93,94.52,245.89,173.8,234.41,132.82,222.87,273.49,150.38,60.57,199.81,136.26,171.81
2000-09-02,177.57,215.52,112.28,342.87,113.44,128.27,65.69,196.63,159.55,183.1,100.46,257.39,130.01,140.46,122.44,196.51,206.38,115.71,255.63,118.41,140.45,74.55,139.77,306.39,145.75,193.7,177.77,106.88,342.2,261.11,101.89,266.49,358.14,303.6,202.58,273.08,363.39,212.41,249.27,93.78,94.04,245.1,172.37,231.87,132.84,225.45,273.05,149.87,60.68,199.8,136.69,172.5
2000-09-03,177.42,212.85,111.39,341.84,113.64,128.49,65.31,195.26,159.12,186.53,101.15,259.16,131.99,141.24,124.85,194.31,207.06,115.27,258.25,120.18,139.95,74.36,140.18,304.03,144.69,195.33,175.79,106.51,343.78,263.43,102.22,267.7,361.17,298.08,205.68,272.87,365.28,211.26,253.0,93.9,94.94,244.56,173.4,236.01,133.97,224.58,275.35,150.37,60.19,199.67,137.9,172.97
2000-09-04,176.83,212.36,111.16,347.16,113.35,130.48,64.71,198.81,158.44,186.6,100.7,254.82,132.31,141.97,124.52,195.88,208.79,116.17,260.7,121.83,140.05,73.79,139.49,304.13,145.51,195.11,176.53,108.23,340.98,261.75,100.92,271.83,359.1,300.72,207.5,273.25,361.86,211.78,256.94,92.45,95.37,242.08,173.3,237.76,135.34,228.75,273.51,150.37,59.5,201.11,139.05,171.75
2000-09-05,179.58,211.61,112.02,346.85,114.4,130.84,65.69,198.16,156.73,186.8,100.69,256.56,133.62,142.04,123.8,196.03,207.84,116.17,261.29,121.35,140.29,73.81,139.38,302.84,145.95,197.88,176.18,106.98,341.2,259.98,100.52,270.89,356.99,300.62,209.61,273.41,364.62,212.67,255.57,91.51,94.9,241.15,174.04,240.56,137.36,231.73,269.49,151.53,60.3,201.2,142.38,169.87
2000-09-06,178.61,208.38,112.44,347.76,114.18,130.59,66.2,200.49,156.91,187.38,101.07,256.53,133.62,142.2,122.96,193.12,204.46,116.76,262.21,120.85,141.57,73.88,137.95,304.61,145.3,200.41,176.76,108.79,344.56,255.96,100.45,278.03,361.48,302.63,212.88,275.99,361.16,214.87,259.39,91.82,95.52,242.23,176.78,246.02,136.56,234.26,267.75,153.15,60.53,196.57,143.96,170.9
2000-09-07,179.23,210.47,111.73,350.08,115.35,127.76,66.99,200.73,154.92,186.65,100.64,260.37,134.57,142.59,125.99,195.84,206.68,116.92,260.93,118.92,142.36,74.01,138.23,300.14,141.46,200.46,175.06,108.38,343.77,251.83,100.76,274.16,360.99,302.98,211.34,276.84,361.75,213.94,256.81,90.69,95.15,240.42,178.07,246.62,133.4,234.29,271.3,155.28,61.17,198.54,143.19,171.15
2000-09-08,177.62,215.2,112.59,349.33,118.22,127.09,67.56,200.01,155.37,185.96,99.89,260.44,136.52,142.25,126.82,196.82,208.3,117.57,265.23,120.32,143.46,73.06,137.24,306.41,140.23,196.96,176.5,108.11,347.52,248.51,100.2,280.36,362.81,305.7,214.09,270.77,359.25,212.7,254.32,90.13,95.53,239.61,178.95,247.62,133.23,234.26,269.44,155.21,61.48,198.08,140.87,170.66
2000-09-09,180.22,213.38,111.48,345.22,118.9,127.69,67.09,198.53,156.13,183.86,100.65,262.17,137.04,142.98,127.25,200.19,209.9,117.17,259.96,121.15,142.94,71.81,136.02,311.41,141.93,194.64,176.65,108.97,345.98,250.71,101.85,286.99,366.1,305.57,213.42,273.12,355.7,212.71,252.74,90.83,95.33,241.47,179.2,247.1,131.48,234.71,268.68,155.25,61.72,199.5,141.67,166.67
2000-09-10,180.69,208.91,110.45,349.5,117.41,126.84,67.21,195.82,157.11,186.03,100.94,261.87,136.33,140.98,126.18,201.22,210.07,117.84,265.53,119.03,143.23,71.66,138.74,308.05,142.85,195.85,181.3,110.43,348.51,247.97,101.83,283.31,362.87,307.23,212.52,272.41,364.95,213.06,248.86,90.01,94.45,240.67,180.08,250.06,128.84,235.26,273.46,154.73,62.28,199.42,139.98,166.79
2000-09-11,181.81,210.14,108.09,356.42,118.36,127.12,67.04,195.47,153.61,187.36,101.17,258.05,135.02,139.86,126.91,200.11,207.82,116.48,267.28,120.65,140.42,72.1,136.99,311.28,143.21,199.31,184.44,111.06,345.89,246.79,103.21,283.48,361.94,309.53,214.17,275.76,364.2,216.06,247.22,89.87,94.38,240.47,179.39,249.3,129.72,234.27,274.26,156.03,62.36,201.66,140.64,166.83
2000-09-12,179.74,208.44,107.16,359.7,118.64,126.21,67.01,194.69,151.88,187.11,101.16,262.03,135.84,138.6,125.1,201.08,209.51,119.04,262.79,121.17,142.3,71.86,135.15,309.63,142.83,195.78,181.41,111.4,343.26,249.24,101.97,280.94,353.52,310.45,214.15,276.37,363.93,215.79,249.51,90.29,93.98,241.49,179.87,246.62,131.56,233.14,276.36,158.9,61.79,202.34,139.24,166.23
2000-09-13,177.93,208.24,107.73,363.26,119.56,126.92,67.43,195.29,150.24,188.64,99.92,261.27,135.17,139.97,125.88,203.19,208.65,117.95,261.32,122.32,141.52,71.29,135.52,316.12,144.32,195.8,180.37,112.63,340.71,248.81,102.37,279.63,350.45,309.81,212.7,276.4,367.82,215.97,250.39,88.81,94.5,241.45,179.14,251.64,131.37,234.35,279.88,158.97,61.31,205.99,138.35,167.65
2000-09-14,176.53,209.33,110.0,362.0,120.34,127.14,67.86,195.61,150.05,187.69,98.94,260.19,133.98,140.87,125.76,202.04,205.08,117.45,259.04,123.08,145.12,71.47,135.05,319.12,144.65,193.12,178.4,114.26,346.03,250.74,101.22,274.97,347.04,315.9,214.88,275.33,371.29,222.76,251.53,87.49,95.65,243.47,180.87,255.2,132.58,239.14,277.25,159.32,61.11,205.51,139.02,165.09
2000-09-15,176.89,211.96,109.62,360.44,118.36,126.33,67.6,196.78,149.02,187.15,99.42,263.13,134.51,140.01,126.54,203.71,207.19,119.1,260.44,121.75,146.56,72.2,136.06,317.25,144.68,196.75,179.3,113.4,347.49,251.27,100.67,274.86,345.68,318.8,216.14,278.78,370.55,227.75,254.81,88.73,93.58,245.69,184.74,256.05,132.44,236.65,279.78,156.86,61.33,203.89,137.11,162.0
2000-09-16,173.59,216.32,111.68,358.55,117.75,128.27,67.31,196.26,148.74,188.96,98.06,260.27,135.49,141.3,126.64,207.38,210.7,117.51,256.8,122.44,148.92,72.88,135.85,315.49,144.27,198.52,178.61,113.52,345.89,252.72,101.3,272.33,345.48,314.41,218.6,281.15,370.41,227.28,258.57,88.42,91.95,243.39,185.27,258.99,133.26,235.84,278.77,156.44,61.34,206.92,135.86,162.16
2000-09-17,173.89,218.42,112.15,354.56,117.07,128.32,67.62,194.61,149.52,191.18,99.08,262.31,133.53,140.81,126.42,207.55,209.45,117.93,255.78,124.08,151.57,73.28,132.92,312.52,144.08,197.19,178.11,114.41,345.7,250.6,101.7,274.71,340.04,313.97,219.29,279.48,376.54,227.19,255.49,88.86,91.24,241.92,185.08,262.51,131.67,239.23,282.93,158.3,60.96,208.01,135.46,161.58
2000-09-18,170.54,216.02,111.47,352.53,116.83,130.08,68.03,196.51,150.24,193.07,98.11,262.81,132.76,142.21,127.77,204.39,208.03,117.25,251.65,123.7,152.07,73.49,133.16,314.79,145.77,197.28,181.06,113.48,343.0,249.17,102.05,270.14,341.52,311.95,218.82,280.17,381.95,227.46,257.9,89.17,92.48,241.88,187.14,263.78,132.23,241.78,278.91,158.62,61.5,208.92,136.97,163.07
2000-09-19,169.25,216.8,112.18,351.98,116.93,129.26,68.04,195.98,150.55,193.41,100.99,263.98,132.42,143.29,129.96,202.15,208.97,117.24,252.12,124.24,153.92,72.62,134.2,315.96,147.22,198.6,180.87,113.47,344.66,247.54,101.28,265.28,343.26,306.66,217.39,275.96,386.24,229.07,256.47,90.33,91.22,244.95,190.08,264.42,134.63,237.32,273.99,157.56,61.21,209.78,136.07,161.57
2000-09-20,171.77,214.5,110.95,351.14,116.27,128.58,69.16,194.04,149.44,190.98,100.01,265.98,132.09,142.83,129.83,201.37,210.32,117.84,251.74,124.48,152.99,72.73,135.89,316.01,149.33,201.0,183.96,113.48,346.2,247.61,102.18,263.63,344.44,301.47,218.69,277.66,389.08,230.36,255.21,90.04,92.69,247.05,191.8,268.48,136.12,230.72,271.97,157.83,61.43,207.48,136.4,163.09
2000-09-21,171.76,209.82,113.26,348.06,115.54,128.12,68.73,194.27,147.93,193.77,101.03,266.03,130.31,144.96,131.69,203.37,207.35,119.35,252.37,125.84,150.11,72.95,135.35,317.38,149.6,200.75,182.68,113.79,340.72,248.25,102.69,263.51,344.51,302.57,217.38,279.03,384.34,231.79,257.72,90.24,90.76,241.47,191.49,267.37,135.05,234.88,269.49,160.04,60.85,206.74,137.56,160.97
2000-09-22,174.1,208.86,113.87,348.37,114.88,127.75,68.78,196.45,146.09,192.6,100.41,267.97,131.18,143.45,133.14,201.67,208.88,121.23,247.38,126.13,148.64,72.05,133.9,317.37,149.87,200.98,181.31,115.55,338.84,250.82,102.61,262.94,347.58,301.36,216.76,279.0,385.74,233.0,255.9,89.92,91.18,240.88,191.85,271.8,133.69,237.49,271.76,162.0,60.53,206.5,139.85,162.52
2000-09-23,177.59,204.99,114.29,344.86,115.4,127.21,69.82,192.3,146.76,191.35,101.0,262.61,131.83,143.34,133.13,202.86,206.45,120.11,251.48,127.56,149.29,72.92,135.83,320.0,152.29,205.59,180.37,115.8,335.53,253.45,104.43,264.35,343.77,305.43,217.93,279.66,382.5,236.02,256.66,88.38,90.84,238.1,188.21,275.52,135.04,238.92,267.94,162.2,60.8,209.03,141.18,164.11
2000-09-24,176.67,207.11,113.11,342.09,114.87,125.54,70.77,192.03,146.32,191.72,101.03,263.11,131.27,141.53,131.89,203.51,209.32,121.26,249.52,129.71,149.49,72.6,135.21,317.34,150.34,203.56,180.84,116.1,336.76,257.13,104.27,270.91,340.34,304.01,218.84,274.58,382.3,236.63,252.65,89.36,91.57,237.41,188.27,278.08,133.64,243.43,264.45,161.17,60.48,211.23,142.02,164.21
2000-09-25,175.76,209.4,113.03,343.3,116.56,125.61,71.52,190.96,146.24,191.58,101.35,261.65,131.45,138.95,132.55,202.4,210.43,121.59,247.06,130.4,149.28,71.97,134.71,319.67,151.99,203.05,179.45,115.72,336.68,257.15,102.98,263.72,342.24,307.33,214.09,274.59,385.95,235.07,250.13,90.32,92.02,238.7,185.77,279.19,135.88,245.78,263.87,162.04,61.34,211.54,142.09,163.98
2000-09-26,180.53,210.06,112.79,347.46,116.62,126.82,73.06,190.52,148.21,191.88,102.96,266.02,132.5,138.35,133.18,202.82,211.77,116.47,250.51,132.22,146.64,71.51,136.03,321.83,150.81,202.22,180.58,118.4,333.74,257.63,103.95,265.04,344.83,313.32,211.71,274.25,387.19,235.86,249.85,91.61,92.77,233.25,186.45,273.45,135.88,247.2,269.29,159.58,60.71,212.07,142.39,164.37
2000-09-27,180.95,208.72,112.68,348.69,116.78,127.67,74.15,188.37,147.47,192.67,103.04,267.03,131.35,135.6,134.4,201.58,215.31,114.08,253.89,133.13,146.95,71.87,135.98,326.37,152.22,199.72,180.23,119.22,329.55,257.69,101.95,258.34,349.03,307.07,212.23,279.91,389.27,236.5,249.87,90.62,91.59,225.16,188.52,276.8,137.65,244.38,274.63,158.18,60.53,212.64,142.95,162.9
2000-09-28,182.63,207.25,112.41,357.07,116.81,125.77,73.82,188.66,146.64,197.44,102.19,264.95,130.4,139.18,136.62,202.68,218.09,112.28,256.1,133.92,148.03,70.8,136.1,328.22,153.24,199.27,181.18,121.82,329.08,255.9,100.77,257.27,343.5,303.27,212.74,275.99,386.26,236.92,251.74,92.6,90.32,226.62,191.15,280.38,138.1,249.33,271.96,160.27,61.61,209.64,141.16,162.86
2000-09-29,183.93,204.96,110.83,357.67,117.34,123.84,73.56,188.43,147.29,199.54,102.64,269.11,128.44,139.21,134.83,199.91,217.2,111.6,255.8,135.37,147.12,71.3,134.93,323.32,156.2,200.12,184.49,120.15,329.0,256.69,102.01,256.12,346.86,303.65,213.52,277.53,384.47,236.32,248.23,91.68,89.83,227.7,193.37,281.37,138.23,251.68,273.7,160.76,62.86,210.46,140.65,162.25
2000-09-30,186.21,203.48,111.13,353.59,117.39,123.3,73.55,188.0,146.7,196.52,102.26,266.74,129.83,139.89,135.93,202.19,217.83,111.83,254.59,135.25,143.96,71.71,136.22,326.9,155.55,202.47,180.93,118.75,328.74,259.87,103.32,254.71,344.0,308.43,208.82,272.98,382.09,236.9,252.34,91.65,90.28,224.33,193.48,285.91,138.68,250.56,272.11,161.89,62.67,211.96,139.86,161.78
2000-10-01,188.02,198.24,111.58,349.04,116.85,123.98,73.24,184.53,143.84,194.3,103.5,274.22,128.73,139.96,138.02,201.92,221.12,112.1,250.83,135.48,142.77,72.71,134.57,333.23,156.66,202.88,184.6,117.36,326.85,260.61,102.27,254.68,348.26,310.25,207.41,272.2,381.19,235.62,257.62,92.46,90.82,224.33,196.56,282.96,141.91,248.43,272.74,161.64,63.53,212.31,139.49,159.45
2000-10-02,184.33,197.62,112.27,345.01,117.82,123.06,74.7,184.34,142.95,192.7,102.66,273.51,129.27,140.18,138.07,198.98,220.81,111.13,249.75,136.6,143.12,72.22,133.26,328.83,156.11,202.9,183.68,118.52,322.72,259.24,102.86,254.0,351.23,313.69,208.73,266.79,378.57,230.6,257.03,94.38,90.43,220.5,195.47,282.91,144.48,251.99,276.49,161.74,62.65,213.9,139.46,156.83
2000-10-03,186.2,201.09,111.87,344.24,117.33,124.33,76.05,185.35,142.4,192.1,103.11,277.18,129.8,137.73,138.04,197.85,220.36,111.02,246.11,135.35,142.54,71.99,135.95,330.33,153.82,204.45,181.14,119.94,317.74,262.66,103.28,247.58,357.57,311.82,206.94,270.56,382.34,231.49,256.47,94.6,91.82,222.05,194.93,282.42,143.14,253.72,274.4,163.03,62.91,216.16,139.61,154.99
2000-10-04,186.68,199.52,111.13,341.02,116.33,121.84,76.79,184.0,142.24,190.96,104.75,281.55,127.69,137.41,139.23,195.0,220.43,111.95,247.74,133.54,141.58,73.43,135.74,334.63,151.92,206.32,178.89,119.04,317.3,265.23,103.58,245.1,351.34,316.41,207.64,271.92,381.87,226.26,255.05,95.75,92.18,225.76,193.24,282.21,141.6,254.33,275.72,164.54,62.72,217.44,138.65,154.79
2000-10-05,188.41,199.28,110.56,345.29,117.55,120.18,77.22,181.75,141.45,189.43,103.86,283.7,127.28,138.64,140.01,196.34,224.31,111.71,244.02,133.54,141.52,72.22,136.86,336.7,151.4,209.45,181.92,117.95,317.5,266.34,104.51,246.34,344.45,310.34,207.47,273.18,384.46,226.87,253.89,97.24,92.39,228.01,190.59,279.64,142.75,248.89,276.62,161.87,63.09,213.76,137.02,153.79
2000-10-06,189.49,199.79,112.43,342.64,118.59,119.31,76.8,180.32,140.97,185.32,103.2,285.53,128.39,138.95,139.32,194.72,221.76,111.16,244.82,133.49,145.72,71.49,136.76,333.77,149.24,207.39,183.72,118.6,324.52,266.52,104.86,247.15,344.77,312.27,207.34,272.93,380.07,224.94,251.26,97.33,91.42,234.48,190.65,281.25,141.39,251.6,281.46,161.97,62.32,213.04,138.36,154.74
2000-10-07,188.49,201.56,110.94,344.41,120.32,118.76,77.11,177.13,139.29,183.46,101.72,282.97,127.58,137.38,139.37,196.53,222.65,109.62,246.17,134.28,146.47,71.56,135.29,332.77,148.81,205.16,182.97,116.54,323.35,267.24,105.04,250.68,342.57,314.12,205.21,275.88,383.2,222.4,251.41,97.42,92.45,240.35,189.94,282.11,141.09,255.9,280.67,163.38,60.95,212.93,137.23,153.5
2000-10-08,190.6,201.06,109.28,353.26,119.22,120.13,77.5,178.76,140.98,183.28,100.76,279.74,127.73,135.28,138.95,195.53,225.43,111.99,248.31,132.97,149.36,71.55,134.18,332.04,150.74,206.37,183.22,115.74,324.55,266.49,104.1,255.73,337.87,310.73,205.83,278.57,381.13,222.85,253.7,98.98,92.28,243.84,191.02,283.59,140.44,255.52,283.96,165.18,59.77,212.23,135.84,152.27
2000-10-09,192.65,200.47,109.19,355.67,121.22,118.92,78.24,178.96,142.14,185.06,101.57,278.98,128.63,137.52,137.17,197.69,225.61,110.74,249.56,133.67,150.08,71.41,132.7,332.62,149.41,207.29,182.97,115.47,322.99,263.28,102.14,256.85,336.99,308.7,207.01,278.11,382.58,220.54,257.73,98.71,92.65,249.49,191.83,281.14,139.28,256.49,288.55,166.39,58.87,212.78,135.15,151.17
2000-10-10,188.94,199.28,110.2,358.07,119.29,120.2,78.39,176.6,142.16,182.8,100.52,276.38,130.07,138.22,137.42,195.14,226.24,111.7,247.8,131.78,149.13,72.12,131.22,339.4,151.97,204.04,184.14,113.59,322.62,260.16,100.94,255.95,334.45,309.44,210.68,279.46,386.54,218.28,256.48,97.16,92.23,245.65,189.6,282.19,138.97,262.27,286.74,165.25,59.16,208.46,136.0,151.96
2000-10-11,189.1,199.29,110.89,352.62,120.36,120.91,77.96,175.96,144.37,181.5,100.57,276.48,131.45,137.67,137.64,197.16,227.75,111.54,244.52,131.83,146.57,73.03,130.83,340.76,151.79,203.54,183.69,113.8,324.32,258.01,100.84,256.88,329.31,306.33,208.91,286.66,392.95,216.76,261.36,97.83,92.21,246.47,188.35,284.91,137.88,260.39,283.63,165.94,59.52,208.5,136.67,150.9
2000-10-12,187.42,200.72,111.4,346.52,120.34,122.47,77.98,175.54,144.11,181.14,99.74,274.13,130.4,137.79,136.09,195.96,226.94,111.3,241.52,131.16,144.98,72.44,133.68,342.86,152.05,203.95,183.68,113.24,329.54,263.98,101.55,257.97,331.71,310.89,207.64,285.51,393.32,217.84,253.25,97.9,93.36,242.89,191.94,284.13,136.47,260.72,287.63,166.37,59.89,209.6,136.55,151.04
2000-10-13,189.22,199.97,109.86,344.94,119.25,122.1,78.1,175.31,145.26,181.1,100.29,275.35,129.64,138.55,137.86,196.84,226.21,113.06,247.15,131.37,148.7,71.24,133.75,338.12,152.59,205.3,183.68,113.79,334.41,264.61,101.56,259.16,330.47,308.77,209.84,285.34,393.87,218.73,256.45,98.26,94.5,240.25,192.9,279.9,136.07,262.23,292.16,166.93,60.11,212.74,136.73,149.66
2000-10-14,185.86,204.18,110.4,350.4,119.02,123.34,77.63,180.52,146.41,181.69,99.99,278.16,130.25,139.79,136.49,196.75,226.43,112.21,241.83,129.71,145.72,71.12,132.52,335.76,151.25,200.55,181.28,114.39,339.9,263.9,103.4,259.09,327.22,316.28,210.09,285.54,390.07,219.91,256.95,99.03,94.43,242.99,191.78,280.24,135.46,262.33,291.31,164.71,59.32,216.63,140.82,151.01
2000-10-15,188.22,205.74,110.84,351.31,119.02,122.25,77.03,178.58,147.62,182.28,100.89,277.52,132.04,141.58,136.5,197.45,229.65,112.88,241.26,130.74,143.55,71.11,131.3,337.44,151.43,201.05,178.83,116.16,339.55,259.32,103.51,262.63,329.5,318.37,208.22,287.88,392.62,219.82,257.59,97.35,95.12,241.17,190.29,282.51,135.66,258.96,293.18,164.59,60.13,215.36,138.55,151.35
2000-10-16,188.14,203.76,110.75,350.2,119.62,120.84,76.89,176.48,148.63,183.82,101.76,277.01,133.76,141.94,136.96,199.48,226.85,113.4,240.21,130.87,142.75,70.55,131.72,338.36,149.55,200.56,182.43,115.73,337.2,256.65,102.27,263.96,329.64,315.0,210.2,281.56,387.54,219.3,263.92,96.27,94.96,241.35,191.26,282.01,137.78,253.97,297.34,167.11,59.43,215.84,139.11,152.69
2000-10-17,189.94,202.41,110.76,352.2,119.12,119.93,75.1,176.44,149.33,182.21,101.38,274.85,130.06,140.69,139.82,199.68,226.52,112.25,239.93,130.56,141.32,70.05,131.04,345.38,149.82,203.22,181.54,116.19,338.96,253.56,102.89,262.86,334.2,318.33,211.87,281.26,388.01,222.01,268.66,96.29,95.35,240.94,190.39,285.28,137.7,254.77,294.45,165.89,59.53,222.31,138.8,152.92
2000-10-18,187.5,200.35,112.26,352.46,119.84,120.75,75.34,178.64,148.14,182.12,102.43,276.95,131.26,140.0,141.53,197.48,227.04,112.37,239.78,130.12,142.89,69.2,130.0,347.86,150.0,199.99,181.93,117.26,338.62,250.87,103.02,262.47,334.19,317.73,212.4,279.27,394.57,219.39,267.35,96.68,96.9,239.34,191.71,287.92,136.27,253.96,291.56,164.37,58.64,223.99,137.68,150.64
2000-10-19,187.07,198.57,111.93,348.6,120.52,118.97,75.46,176.81,149.65,182.84,101.37,279.04,132.04,139.83,142.02,200.59,229.28,110.88,240.19,130.53,143.82,68.1,127.97,344.11,147.93,200.01,179.03,116.92,338.77,256.39,103.78,261.8,335.36,319.37,215.38,281.26,392.54,217.74,268.65,94.95,96.01,242.16,194.32,291.56,133.49,254.7,290.88,165.84,58.52,227.84,135.23,150.16
2000-10-20,186.77,198.59,111.83,346.53,122.76,117.23,75.63,179.6,148.64,182.37,101.87,283.36,133.68,140.15,142.34,200.28,229.93,110.98,239.67,128.06,142.4,68.56,129.4,343.17,149.63,199.18,178.99,115.4,333.97,254.07,102.72,252.85,330.37,323.04,212.61,281.11,393.01,217.89,273.88,94.13,95.35,241.12,190.52,296.85,132.78,253.86,296.05,162.74,58.91,230.01,136.68,150.07
2000-10-21,188.77,197.53,111.97,344.55,123.23,118.19,75.9,180.47,148.94,180.94,101.72,286.52,131.55,140.37,140.05,202.53,233.45,110.86,237.47,128.05,146.71,68.13,130.89,345.93,149.29,197.91,175.83,115.65,333.69,255.01,101.96,250.21,334.53,320.09,209.43,279.68,391.35,214.75,270.54,92.93,95.09,238.53,188.36,294.14,132.65,253.08,299.8,162.68,59.47,227.74,137.65,151.47
2000-10-22,186.54,196.28,112.06,348.25,122.8,119.16,75.8,178.1,145.99,182.47,100.26,285.14,128.69,139.85,141.58,205.56,232.51,109.89,236.12,127.22,146.7,67.14,128.02,346.29,148.75,195.42,176.06,117.03,329.04,260.13,102.37,249.91,335.78,320.93,209.54,280.38,392.25,213.44,269.03,93.91,95.05,235.72,186.82,291.48,130.91,250.18,298.55,164.62,59.73,230.53,137.08,149.35
2000-10-23,187.99,194.36,112.09,354.7,122.92,119.67,75.43,175.94,144.14,182.84,101.25,288.76,128.75,141.69,141.75,205.43,233.51,110.24,234.51,128.46,147.76,67.35,126.35,346.98,147.4,195.3,174.62,116.75,323.99,259.59,104.53,248.19,337.6,319.74,208.85,279.22,399.13,214.62,270.79,92.6,97.14,238.13,190.03,292.82,131.11,251.33,301.18,162.95,59.15,227.38,139.16,152.51
2000-10-24,187.51,194.55,113.31,357.36,121.02,119.5,75.72,175.39,142.05,182.28,101.46,292.42,127.85,141.07,142.86,204.64,228.7,109.73,229.57,128.8,148.66,66.99,127.07,346.41,147.87,195.35,175.38,117.23,325.23,260.74,105.06,246.52,341.17,315.91,209.95,278.13,406.23,213.89,267.78,93.77,96.39,235.71,186.15,295.37,131.92,257.66,297.79,162.18,60.05,226.25,141.56,152.4
2000-10-25,187.92,195.65,113.57,358.78,121.16,119.84,75.7,174.21,143.09,182.56,101.21,294.25,127.94,139.77,142.99,199.67,228.04,110.23,231.33,128.3,147.52,67.15,128.09,340.5,146.77,198.36,173.7,117.6,327.55,262.0,106.07,246.72,343.51,319.65,206.74,276.94,399.9,212.96,265.3,94.67,96.79,237.79,187.7,293.67,133.7,261.59,297.09,164.01,60.11,223.23,141.43,154.17
2000-10-26,190.83,193.7,111.73,356.42,122.48,119.4,74.69,174.74,142.2,181.75,101.76,297.43,127.88,137.72,145.74,197.4,224.16,110.64,232.41,129.19,147.17,66.62,128.75,339.69,146.58,198.23,172.36,117.88,326.55,263.09,103.45,243.18,342.78,322.56,209.55,278.63,400.36,212.14,264.84,94.3,97.93,235.94,190.29,292.11,134.12,260.96,296.17,167.34,60.13,224.97,140.1,155.91
2000-10-27,190.99,192.17,112.52,354.87,119.1,119.01,73.71,175.94,139.52,179.61,101.63,297.56,128.2,136.38,143.95,196.1,225.24,110.38,230.62,130.13,146.65,67.17,128.4,340.51,148.25,200.6,170.61,120.06,323.57,260.1,102.99,241.5,345.36,326.84,210.37,278.52,401.34,210.81,264.79,95.38,99.18,237.57,190.23,293.89,134.17,261.59,294.06,167.88,60.25,222.13,141.22,154.54
2000-10-28,192.53,193.5,113.15,356.22,119.38,120.21,74.6,180.14,141.4,181.25,101.26,294.1,127.28,137.5,144.41,194.93,223.79,109.28,231.64,130.13,146.06,66.43,127.43,337.78,149.36,202.39,171.48,117.8,318.16,260.37,103.29,243.44,351.48,327.83,209.36,279.59,399.23,211.82,268.84,97.13,99.26,237.41,191.13,293.98,135.41,265.66,284.71,165.45,60.6,217.18,140.21,153.57
2000-10-29,192.49,194.98,112.92,354.47,117.1,119.9,74.21,180.4,137.28,181.74,101.18,303.21,127.24,137.21,142.08,195.69,226.74,110.96,234.07,131.15,144.79,66.17,125.71,332.58,152.64,201.01,171.54,116.44,323.94,264.42,102.51,237.03,351.06,323.68,205.69,274.88,399.23,215.79,269.6,98.39,99.7,237.14,193.29,290.29,133.67,267.83,284.91,166.99,61.52,215.86,141.37,153.82
2000-10-30,190.44,191.61,115.22,355.86,118.28,119.98,73.88,182.73,136.76,179.69,100.64,302.0,128.72,136.05,142.54,198.26,227.71,110.17,234.74,130.83,146.46,66.71,127.21,325.54,152.93,201.87,172.89,115.92,320.96,263.43,103.86,241.98,344.07,320.26,204.42,281.15,401.44,218.72,267.58,97.79,101.22,235.43,194.49,288.85,132.77,265.33,286.16,167.46,61.87,213.7,141.06,153.37
2000-10-31,191.12,193.86,113.73,354.74,116.92,117.96,75.04,182.13,137.16,177.05,101.06,301.48,128.14,135.91,141.46,199.37,227.61,109.48,236.43,133.53,147.27,66.87,130.13,326.11,153.19,198.02,170.9,115.44,322.07,264.33,102.52,237.98,347.32,319.53,203.66,279.98,398.05,221.4,265.69,96.49,102.2,239.56,192.47,288.69,132.16,264.79,285.43,164.67,60.33,215.43,141.73,153.27
2000-11-01,193.51,196.97,113.13,352.54,115.95,118.89,74.57,182.5,138.14,176.47,101.49,302.06,128.71,135.24,140.69,200.43,226.29,113.06,233.39,134.02,148.08,67.16,133.22,325.39,152.06,201.12,170.85,114.74,323.73,264.65,102.65,239.36,344.02,318.71,201.2,277.88,397.45,221.31,265.58,96.08,102.56,240.82,194.99,289.27,131.3,268.08,284.15,164.74,60.05,212.59,137.35,151.93
2000-11-02,196.1,198.94,114.5,345.92,115.12,120.32,73.58,180.78,135.26,176.71,101.32,304.23,129.26,134.33,139.75,200.63,227.26,114.74,235.4,133.42,145.77,67.12,132.41,325.07,152.83,195.77,169.54,115.93,326.51,265.08,102.27,239.93,348.11,321.15,202.49,274.47,384.78,218.09,264.82,97.09,102.26,241.13,193.7,288.08,132.05,267.3,282.19,162.05,60.96,210.4,136.72,156.86
2000-11-03,194.51,193.43,115.0,342.84,114.57,120.9,73.35,179.76,132.48,176.06,100.1,303.32,131.28,132.23,139.44,199.65,230.06,113.76,235.38,134.06,146.69,68.0,130.82,328.86,153.11,194.77,169.36,116.39,329.0,266.37,104.72,238.3,343.64,320.46,202.13,269.53,387.68,212.5,264.81,96.93,101.31,240.38,196.3,290.46,129.27,268.55,283.59,161.6,62.42,208.79,137.41,154.48
2000-11-04,196.63,192.15,115.51,338.04,114.88,120.35,72.93,180.55,135.04,174.78,99.52,305.3,132.77,131.37,136.92,197.16,228.9,113.63,238.23,133.91,147.48,67.46,129.18,324.86,152.93,194.29,171.43,115.58,330.77,265.19,105.27,239.58,347.36,323.28,200.9,270.85,389.5,210.55,266.3,96.25,101.5,238.51,196.59,290.1,128.73,266.46,284.06,162.66,63.14,209.77,139.39,155.17
2000-11-05,198.82,191.41,116.35,336.22,115.63,120.9,73.1,181.56,133.91,173.15,98.97,304.47,131.26,131.96,137.56,197.02,228.45,114.52,236.01,135.8,149.69,66.59,130.21,326.26,151.39,193.74,171.23,113.94,330.83,265.25,106.01,240.29,345.28,321.01,203.14,272.05,379.15,208.36,266.7,95.47,100.91,239.23,196.93,287.48,129.03,265.57,285.57,162.61,63.28,209.65,136.97,154.27
2000-11-06,195.17,190.23,116.86,334.61,115.35,118.88,72.56,180.78,135.16,173.02,98.11,305.5,129.9,133.6,136.39,199.39,229.22,116.43,235.65,135.57,151.72,66.36,128.56,326.71,149.95,196.04,174.4,113.79,329.87,269.23,106.47,238.33,340.26,319.23,204.28,273.11,375.73,210.64,270.64,96.18,101.69,243.08,195.72,296.31,130.29,269.61,282.74,163.08,63.88,210.06,134.56,154.9
2000-11-07,198.31,190.9,115.68,335.1,115.78,118.2,71.9,180.67,134.84,170.7,97.53,304.12,130.61,133.32,135.23,199.71,227.81,116.88,236.02,134.23,152.07,66.05,126.39,327.45,151.52,193.3,176.5,114.53,325.1,268.89,105.84,241.82,337.24,318.45,205.43,273.15,374.49,203.22,266.76,96.7,102.81,247.77,193.02,299.91,130.22,269.3,280.99,167.72,64.19,210.45,131.7,153.91
2000-11-08,200.59,189.71,116.2,331.95,114.04,115.66,71.97,181.68,135.05,171.2,95.31,301.55,129.29,133.56,133.8,199.23,226.43,117.0,234.11,132.18,152.04,66.32,126.68,325.11,152.71,193.71,176.24,113.91,323.39,269.62,103.25,242.48,337.74,319.3,203.98,269.66,379.41,203.66,265.56,96.07,101.98,248.24,192.93,300.01,130.24,271.46,285.37,168.75,64.46,214.7,129.43,154.01
2000-11-09,198.88,194.02,116.34,329.44,114.42,116.75,71.51,183.67,134.64,173.48,96.43,301.68,128.33,131.72,133.23,198.06,226.15,117.89,235.03,133.21,148.4,66.23,123.23,327.83,152.77,191.41,179.8,111.72,323.04,270.97,105.57,240.58,333.73,319.27,204.84,269.01,378.37,202.77,264.54,97.24,101.65,241.44,191.8,300.02,129.54,267.14,292.08,169.29,64.75,213.98,130.13,155.45
2000-11-10,202.11,194.82,116.24,327.95,114.13,117.2,72.55,180.59,135.03,174.85,96.26,304.24,129.03,132.29,131.94,199.51,225.2,118.9,233.27,133.31,146.37,66.41,125.42,326.77,153.26,191.98,180.79,111.5,322.65,267.74,104.47,239.13,333.76,321.16,201.97,269.42,378.77,201.71,265.79,95.58,101.47,240.32,194.36,304.36,129.68,272.56,295.11,169.22,64.01,212.97,130.01,154.43
2000-11-11,201.99,192.98,116.57,324.01,113.6,117.07,72.66,182.16,132.92,174.29,97.13,300.77,128.12,133.03,131.46,203.34,223.18,120.1,235.48,134.95,147.33,67.32,126.2,325.05,153.16,192.78,184.76,111.63,329.13,270.28,102.7,240.37,336.13,324.69,206.06,268.54,378.94,200.83,266.85,92.72,100.07,237.99,196.06,307.48,129.96,270.19,295.66,168.76,63.77,212.67,130.13,153.64
2000-11-12,201.74,191.82,119.06,327.65,114.45,114.84,73.81,183.52,133.76,175.03,97.78,296.15,129.99,133.47,131.58,204.96,222.82,121.45,241.34,132.85,146.19,67.0,126.71,325.24,150.49,192.16,182.89,108.59,333.39,269.36,101.77,240.22,331.7,321.38,206.17,268.63,377.35,201.71,265.34,92.67,100.71,237.22,196.6,307.97,129.57,269.41,297.1,168.64,63.71,210.8,132.2,153.23
2000-11-13,203.22,189.61,118.9,323.96,114.04,115.17,73.68,182.79,135.43,173.71,99.04,294.99,132.51,133.04,129.74,204.23,221.25,120.79,241.17,134.71,148.1,66.16,127.62,332.27,150.79,193.09,184.12,107.88,333.7,266.88,101.84,239.53,330.5,321.13,205.66,265.94,382.1,203.58,267.06,94.29,99.71,237.75,195.96,306.4,130.63,271.92,294.19,170.4,62.34,210.62,134.76,151.75
2000-11-14,205.29,188.47,119.17,325.21,114.71,114.44,74.75,184.5,137.76,177.8,97.64,293.0,131.79,132.14,129.76,204.18,219.21,121.73,240.41,134.27,147.95,66.55,127.35,326.84,152.48,191.37,183.59,108.0,335.36,268.35,102.9,241.32,331.94,324.67,206.91,269.09,387.16,205.95,265.2,94.63,97.9,236.77,201.3,312.16,128.4,273.53,290.61,167.62,62.67,210.04,136.89,150.92
2000-11-15,202.05,185.91,119.46,315.46,116.19,113.13,74.53,188.09,139.49,177.0,97.89,293.3,132.07,130.46,130.3,205.8,218.23,122.56,239.94,132.55,149.36,65.95,127.54,325.71,153.25,190.21,183.18,107.5,332.24,267.24,102.55,238.34,336.21,329.3,203.92,268.11,389.09,205.22,264.57,95.21,99.5,234.21,200.77,313.45,128.15,270.91,294.08,168.77,62.76,209.71,136.85,148.85
2000-11-16,199.92,185.05,118.61,314.52,116.48,113.98,74.32,188.16,138.31,175.47,97.45,291.51,130.22,128.68,128.51,203.36,217.45,124.83,238.32,131.57,150.85,68.12,128.38,320.87,152.1,190.08,184.77,106.12,333.36,269.81,102.28,238.72,340.01,326.24,198.6,270.88,388.06,205.44,262.4,95.05,100.72,237.16,199.99,316.05,128.45,275.29,291.04,167.76,63.14,212.02,136.25,152.4
2000-11-17,199.06,184.42,119.02,315.25,115.84,114.64,74.62,186.08,140.64,174.56,96.0,286.67,128.47,130.42,127.91,205.2,215.88,127.28,235.37,131.55,150.19,68.25,127.07,326.15,150.33,193.28,186.55,106.29,329.87,267.64,101.01,237.05,340.18,325.45,200.13,270.94,390.12,208.29,261.45,96.88,100.65,236.56,198.16,324.45,129.73,279.23,293.44,166.07,63.96,209.35,136.49,152.18
2000-11-18,199.06,186.82,117.3,316.13,114.04,115.1,74.36,187.19,142.17,173.46,96.07,279.83,128.36,129.39,128.76,204.39,217.56,127.89,238.31,132.99,151.22,68.19,128.59,326.16,149.46,193.94,185.79,106.32,328.82,267.75,100.92,236.73,341.5,331.63,198.59,270.57,397.07,211.32,261.56,95.87,100.8,234.86,197.03,327.25,130.3,277.53,295.82,168.05,64.26,211.0,137.0,153.49
2000-11-19,197.89,187.34,117.55,314.45,114.54,113.99,73.61,189.15,143.83,174.71,95.85,279.0,128.95,128.61,128.95,203.18,219.32,127.15,239.47,134.93,150.27,69.25,128.82,319.56,150.22,194.66,185.18,107.17,324.93,265.94,101.08,238.59,340.06,328.44,194.78,271.06,404.0,211.11,258.96,95.48,100.95,230.22,195.84,326.68,130.8,275.65,296.72,167.47,63.16,213.01,137.87,154.15
2000-11-20,198.78,185.24,118.78,312.55,113.58,113.18,76.26,191.78,144.95,175.97,95.93,280.93,129.51,128.25,130.57,204.68,212.99,128.3,241.21,133.74,148.83,69.28,127.96,326.11,149.62,193.96,184.55,106.29,321.44,267.49,101.26,236.54,341.15,327.62,192.44,272.37,403.52,212.42,257.18,95.01,100.7,230.55,196.25,324.38,131.19,274.83,299.9,164.73,63.15,213.79,137.8,154.31
2000-11-21,199.06,187.08,119.53,311.28,111.85,113.86,75.52,192.99,142.21,178.02,94.81,279.78,132.03,124.97,130.05,207.64,212.54,127.38,243.42,132.88,148.9,69.73,128.29,323.34,149.3,190.95,183.76,106.91,322.89,273.05,100.52,237.97,344.61,326.39,190.72,276.2,403.5,208.71,255.95,96.54,99.59,230.15,198.15,322.47,132.18,272.87,303.81,164.62,63.31,213.65,135.35,153.52
2000-11-22,200.25,186.39,117.89,314.5,112.73,113.35,75.4,192.83,143.19,178.21,96.34,282.01,134.36,127.32,131.63,206.25,215.27,127.09,246.55,133.21,147.76,69.83,126.93,322.98,150.26,188.68,181.73,107.01,327.19,275.12,100.48,239.78,342.26,327.8,187.5,271.49,408.03,208.6,254.52,96.1,100.27,232.27,199.98,326.01,130.6,276.66,297.81,162.86,63.81,215.66,133.21,152.98
2000-11-23,199.43,185.96,120.49,311.81,112.37,113.32,73.53,190.95,144.63,179.15,96.14,282.77,133.43,127.09,131.64,204.5,213.44,127.27,248.35,133.15,148.2,69.34,124.63,320.02,153.4,187.32,183.74,105.76,329.62,277.6,100.81,240.92,336.43,325.29,187.56,267.79,404.16,207.22,255.23,94.76,100.75,229.93,204.83,323.95,130.67,276.1,298.83,163.74,64.43,217.5,135.85,153.04
2000-11-24,199.46,185.59,120.92,313.56,113.87,112.46,73.99,189.2,143.05,178.12,96.23,277.2,133.15,127.95,133.54,207.56,219.08,126.44,249.08,134.99,148.16,69.42,126.28,312.24,155.26,189.14,182.37,105.38,331.52,277.53,101.2,239.35,342.78,319.07,183.06,268.46,397.8,208.52,258.84,96.16,102.39,228.16,203.14,320.83,130.49,271.87,296.62,163.84,64.41,218.42,134.94,153.88
2000-11-25,201.52,185.14,121.04,311.12,111.23,110.98,73.64,191.65,143.39,177.56,95.44,278.58,133.3,128.19,131.79,204.3,220.11,125.6,250.05,133.74,148.86,70.47,127.13,319.18,154.7,185.73,185.1,105.71,332.35,280.39,101.63,238.98,340.68,323.92,181.42,268.32,399.67,211.13,257.76,95.63,103.33,223.93,201.26,322.4,129.19,273.43,297.35,167.06,64.52,217.68,134.4,154.27
2000-11-26,203.27,185.78,119.5,312.94,113.13,110.19,73.73,192.21,144.36,174.98,95.33,278.08,130.18,127.85,132.83,201.39,223.13,124.85,252.77,131.91,150.13,70.63,128.54,321.12,153.4,183.48,182.96,106.06,329.27,277.56,101.22,240.5,342.42,325.97,183.05,269.72,399.53,210.37,255.65,96.73,104.64,225.78,201.56,328.31,130.52,277.82,296.29,166.52,65.17,217.98,134.04,155.26
2000-11-27,202.14,186.66,121.67,317.72,112.4,108.99,72.38,192.64,145.32,175.62,95.56,280.65,129.36,128.61,133.69,200.12,221.77,124.39,250.73,131.87,149.74,69.4,128.65,319.24,155.22,181.35,182.97,106.97,329.19,276.04,101.07,237.78,343.7,326.42,181.36,271.65,397.43,209.33,252.97,96.18,103.0,224.68,198.06,325.18,131.26,274.87,295.04,166.23,66.13,216.61,136.27,153.43
2000-11-28,203.85,190.9,124.04,316.64,111.45,108.44,72.08,192.35,147.44,176.34,95.82,280.32,129.09,131.55,132.11,204.08,222.58,123.29,252.97,132.81,151.34,69.5,128.97,318.04,153.33,183.93,185.3,106.59,329.36,274.87,100.52,237.34,343.82,331.67,178.66,270.31,397.29,209.35,256.11,96.89,102.34,227.33,197.96,331.52,130.47,273.6,293.34,164.99,66.59,216.09,136.93,152.58
2000-11-29,204.04,188.25,123.39,312.51,111.39,109.14,71.16,188.41,145.07,175.03,94.82,277.44,127.43,131.41,130.66,201.12,222.79,124.64,248.6,133.57,152.65,70.19,126.14,314.22,154.14,187.2,183.34,108.29,330.06,271.7,100.28,234.32,346.07,334.13,177.76,268.19,395.95,207.62,255.72,98.0,101.69,226.42,199.02,335.16,130.74,273.61,291.79,164.27,66.12,220.34,137.51,156.38
2000-11-30,202.47,189.64,121.91,306.68,112.58,107.85,71.99,189.44,146.12,174.35,96.14,285.0,127.74,130.95,132.26,200.09,223.55,126.12,248.8,134.6,151.72,69.78,125.93,308.48,153.39,186.84,184.2,108.46,330.75,272.95,100.85,229.95,342.57,332.15,180.14,270.65,396.04,206.67,257.5,97.46,101.68,226.82,200.1,336.41,129.16,276.13,292.38,168.26,66.54,218.16,135.64,158.44
2000-12-01,202.75,191.94,121.88,306.86,112.12,108.74,71.88,187.88,144.3,173.6,96.0,283.61,127.23,131.25,132.91,202.65,222.12,125.22,245.13,136.37,154.65,69.05,125.93,307.54,151.69,186.84,182.12,106.96,335.37,269.79,99.77,231.11,339.3,329.46,181.63,265.5,395.21,206.69,261.9,96.58,101.42,230.15,198.97,333.74,128.84,278.49,293.85,167.52,65.75,216.36,135.75,160.49
2000-12-02,200.96,191.74,123.25,308.11,113.7,108.46,71.71,190.19,143.58,172.07,94.0,283.88,124.94,130.83,132.69,199.67,223.82,124.86,244.91,138.58,155.13,69.52,125.61,304.43,150.16,183.33,180.96,107.98,338.16,271.74,99.35,230.55,341.84,325.74,183.2,261.12,397.23,202.68,258.58,96.35,100.6,231.94,201.44,336.1,130.17,280.57,296.29,166.12,66.31,215.45,132.93,160.45
2000-12-03,202.52,189.86,122.89,308.33,114.0,108.43,72.8,189.35,141.31,173.03,93.86,284.55,126.67,133.15,134.17,199.13,221.24,124.97,247.03,138.85,155.81,69.43,126.97,300.11,148.37,188.08,180.16,107.01,333.01,268.53,100.88,228.48,336.6,320.27,184.56,262.07,396.68,202.93,256.94,95.78,100.33,228.94,196.89,341.0,132.05,280.2,295.07,166.25,66.89,213.09,131.44,159.69
2000-12-04,201.44,190.52,123.14,309.61,113.92,108.6,74.21,190.06,141.13,172.17,93.05,284.74,126.53,130.96,136.22,196.88,222.51,122.73,246.99,139.34,157.4,70.56,127.61,304.18,149.19,187.88,181.89,106.58,329.14,273.59,101.04,230.21,333.94,322.93,185.61,262.51,396.23,201.85,257.0,96.09,101.05,232.95,196.12,344.25,132.6,272.7,290.7,164.14,67.69,213.28,131.78,156.86
2000-12-05,203.36,192.16,121.56,308.51,114.61,106.83,74.52,191.17,137.64,172.73,93.27,286.27,126.37,131.52,135.78,194.64,223.59,121.44,248.69,137.64,157.38,71.48,127.81,303.14,148.46,191.45,183.67,105.17,331.79,269.64,100.36,229.76,332.82,321.44,188.19,261.09,400.49,202.37,251.1,95.83,101.32,235.07,197.62,341.29,133.48,273.19,288.01,164.51,67.61,214.94,132.41,158.27
2000-12-06,201.84,193.7,120.97,306.92,114.24,108.15,75.09,188.84,139.34,171.78,93.2,288.35,124.83,132.29,135.37,193.87,223.76,119.73,245.68,135.09,156.21,71.54,125.94,306.03,148.67,190.67,183.97,103.22,336.26,267.62,100.4,225.04,333.02,321.4,186.66,261.62,403.74,204.27,250.42,95.38,100.54,236.84,198.03,343.22,136.72,270.91,288.29,164.14,68.02,217.92,131.76,155.33
2000-12-07,199.79,196.64,121.13,305.02,112.41,107.68,74.7,187.06,140.3,173.49,93.01,288.79,125.47,132.63,137.87,194.86,226.12,120.57,246.3,135.33,156.51,72.76,125.79,309.39,148.75,190.56,185.52,102.01,332.68,268.68,99.77,222.42,336.74,320.74,188.71,264.84,397.91,202.46,251.37,93.46,99.68,239.37,198.91,336.35,136.6,272.07,288.12,164.79,68.59,220.09,130.91,153.8
2000-12-08,197.04,197.71,121.32,303.83,112.6,106.39,74.83,182.5,138.08,173.12,93.47,291.42,127.16,131.11,138.76,195.91,223.9,121.65,250.97,135.58,157.85,72.7,126.49,309.25,146.16,190.04,184.81,102.96,331.87,272.23,99.93,218.89,333.77,321.85,187.4,262.91,395.52,202.33,249.01,93.07,98.86,239.0,200.16,342.32,137.14,275.7,290.28,163.53,68.45,220.07,128.93,155.26
2000-12-09,195.8,198.34,121.26,302.8,112.1,107.36,73.68,183.08,138.55,171.74,91.85,291.22,128.43,130.04,140.15,194.33,224.0,121.19,251.2,136.12,157.19,73.62,124.49,308.66,147.27,189.1,185.67,101.91,328.31,275.91,98.58,221.34,328.57,323.32,188.81,261.95,395.64,204.7,248.45,94.37,99.35,241.69,199.35,337.45,134.27,272.99,292.29,164.59,67.18,221.28,128.88,154.56
2000-12-10,195.49,201.13,120.45,304.67,112.28,107.95,74.81,183.73,136.38,171.97,91.88,290.52,127.02,131.38,139.24,195.67,229.33,120.39,248.14,133.24,155.01,74.99,122.93,312.57,146.18,188.91,190.48,102.42,327.1,273.73,98.54,220.79,327.74,324.33,188.05,262.77,398.08,203.65,247.35,94.92,99.87,239.71,193.64,332.95,132.92,271.45,297.26,160.34,67.31,218.99,128.6,153.09
2000-12-11,199.55,201.74,119.0,301.1,110.88,107.99,74.89,181.6,138.0,171.84,91.54,289.84,129.14,130.03,137.39,195.38,229.35,121.1,244.26,134.63,151.73,73.44,123.71,308.92,147.56,189.76,190.45,103.41,320.69,277.77,99.52,223.72,328.55,324.26,189.85,262.88,406.87,202.34,245.65,94.64,100.5,239.23,192.9,336.51,129.39,273.49,290.37,159.5,67.3,216.52,129.51,153.56
2000-12-12,201.5,201.24,117.78,302.36,111.8,110.29,74.27,182.46,138.17,171.96,91.55,288.97,131.15,130.99,139.31,196.29,228.08,120.55,240.67,132.54,150.25,73.34,122.4,308.77,148.67,186.55,189.7,104.17,324.71,279.97,98.79,224.68,331.87,324.2,189.51,266.12,401.91,202.57,245.32,94.77,100.34,243.24,191.11,335.68,128.13,280.24,291.71,159.58,67.39,216.59,126.69,154.63
2000-12-13,203.11,201.34,118.01,300.71,110.67,110.52,73.25,182.17,140.64,173.24,91.35,289.79,127.76,130.89,141.11,193.99,224.34,118.5,243.28,130.83,151.45,72.97,122.96,308.25,147.26,186.29,190.08,106.36,325.96,278.81,97.46,222.16,337.47,322.04,189.72,266.34,401.16,200.5,246.33,94.55,102.01,240.83,189.74,331.3,128.14,278.27,291.63,158.23,68.18,214.62,128.91,154.65
2000-12-14,205.39,203.15,119.81,303.32,110.54,109.67,74.78,178.4,142.16,172.78,92.05,292.02,127.92,130.79,139.25,193.75,225.88,118.51,237.52,131.68,151.63,73.41,121.62,305.51,147.06,185.88,188.77,107.7,326.62,277.43,96.07,224.64,330.99,323.59,192.18,267.69,405.43,201.16,243.69,95.16,103.73,242.05,192.01,331.82,127.24,279.11,290.93,156.28,67.3,217.71,129.58,152.89
2000-12-15,203.23,203.67,119.73,299.68,111.79,108.31,73.85,177.93,140.89,172.88,91.28,292.34,126.84,130.52,139.09,194.8,225.02,117.51,239.37,132.87,151.97,73.28,120.9,305.11,147.12,184.81,186.62,106.47,326.94,280.57,95.75,226.69,326.87,329.63,194.19,269.0,404.92,199.42,244.95,95.51,103.31,242.87,192.1,328.27,124.94,278.12,294.15,155.86,66.04,220.26,130.78,153.06
2000-12-16,202.88,202.74,121.44,300.04,110.38,110.22,75.2,177.88,140.64,174.34,91.31,292.38,126.62,132.07,142.17,191.53,225.59,116.58,239.65,130.64,151.47,72.56,119.72,306.03,146.05,185.74,189.86,105.81,329.15,279.35,96.06,228.54,321.1,331.98,192.61,265.78,400.46,195.96,245.45,94.78,101.51,246.41,191.5,324.99,124.04,275.36,297.0,155.48,67.34,220.89,128.9,151.88
2000-12-17,201.39,202.21,123.09,291.83,108.43,109.13,75.71,176.72,140.68,174.52,90.7,291.59,126.21,133.01,141.23,193.85,227.49,116.47,239.14,131.84,151.94,72.99,119.99,311.35,145.73,187.63,194.53,106.37,328.38,277.62,96.6,228.8,315.91,329.84,192.72,264.73,404.23,195.44,243.95,92.93,103.76,247.55,192.63,326.94,123.74,276.78,297.24,156.85,67.26,224.23,128.09,151.28
2000-12-18,198.04,203.19,122.91,287.71,109.58,109.33,74.79,178.58,139.32,173.25,91.39,290.02,126.57,133.14,143.17,192.46,232.48,114.86,240.76,131.31,150.87,72.89,118.63,309.56,145.18,186.32,193.9,107.63,331.26,279.24,96.03,224.09,319.07,328.52,194.32,264.03,398.76,192.31,242.53,91.91,103.9,243.88,193.14,330.64,123.41,273.83,296.42,156.25,68.01,225.08,127.53,150.01
2000-12-19,196.33,203.22,123.09,284.13,110.4,109.0,73.93,183.19,140.28,171.82,90.97,286.94,127.85,132.92,138.92,191.78,227.25,114.41,236.65,133.27,149.43,73.75,119.15,307.28,146.58,185.6,194.42,106.68,330.37,274.6,96.62,223.85,317.62,323.17,195.8,262.84,394.8,194.56,243.82,92.99,105.29,240.1,191.9,333.25,122.16,275.22,295.3,156.01,68.78,231.32,129.0,150.32
2000-12-20,197.29,202.51,123.77,281.3,110.57,110.33,74.06,183.93,141.67,167.48,91.61,286.9,128.17,130.87,138.8,195.35,223.19,114.54,238.88,133.25,151.29,74.28,116.04,305.71,148.07,183.56,193.35,106.45,334.42,272.27,97.37,224.27,321.67,321.98,196.35,264.18,400.49,190.79,244.61,92.24,102.68,241.93,194.09,332.47,124.22,275.25,290.66,157.21,68.24,231.61,128.29,150.12
2000-12-21,192.98,205.29,124.86,283.01,110.02,107.93,73.34,183.02,141.29,167.7,92.11,288.27,128.23,131.65,136.06,196.72,222.32,112.06,235.72,133.04,150.63,73.64,117.54,302.2,145.88,180.6,192.51,105.13,334.07,272.42,97.93,220.5,322.48,322.32,198.26,263.7,399.64,192.31,243.83,90.63,103.71,240.62,194.16,339.27,125.47,279.08,289.3,156.79,68.19,232.28,127.98,150.07
2000-12-22,194.98,203.67,124.07,281.74,111.1,105.96,73.17,181.95,141.91,166.94,90.94,284.55,126.32,132.11,136.34,197.62,224.56,112.05,238.06,134.16,151.83,74.02,118.6,298.69,145.88,181.38,193.66,105.0,337.18,271.97,100.02,217.83,324.18,323.15,196.81,260.33,401.21,186.97,243.47,89.86,103.66,242.6,191.92,335.46,124.7,282.26,289.89,158.99,67.27,231.36,127.61,147.44
2000-12-23,198.77,205.55,123.48,282.76,110.43,105.88,73.79,180.78,143.02,170.03,90.95,282.67,123.78,132.41,135.44,196.94,219.63,112.73,238.04,132.1,152.5,73.67,118.42,296.39,149.84,183.84,190.84,104.78,338.52,272.64,100.27,222.22,326.3,318.05,199.02,263.88,407.78,190.81,243.48,91.48,104.45,242.49,191.41,338.36,125.74,282.98,293.64,161.35,67.12,232.58,127.41,146.18
2000-12-24,199.54,203.6,122.7,278.78,112.34,105.05,73.03,177.65,141.97,168.66,91.92,282.6,122.97,134.86,136.18,198.21,223.03,112.14,238.25,132.93,150.04,74.23,118.52,295.49,150.39,184.22,194.12,105.55,342.9,274.25,99.42,224.14,321.87,318.58,200.19,262.61,406.34,189.54,239.78,91.91,103.26,239.49,194.25,338.43,126.4,280.07,293.0,159.46,67.09,228.68,126.56,145.77
2000-12-25,195.65,203.4,121.67,278.45,111.61,104.99,74.12,178.26,142.04,166.19,92.08,282.39,122.68,134.34,135.23,198.34,219.55,109.34,238.25,135.34,151.6,73.94,117.82,295.64,152.28,183.77,193.31,103.79,345.15,271.9,99.94,220.93,321.68,313.29,196.32,260.13,399.44,188.7,239.84,92.01,103.67,235.33,193.04,337.61,127.61,280.59,296.58,160.6,67.46,225.36,125.34,146.36
2000-12-26,197.77,205.28,120.82,281.41,112.11,105.05,74.07,177.83,141.09,164.62,91.95,284.03,123.38,136.88,136.14,193.87,223.31,109.42,241.14,135.62,151.51,75.38,118.19,299.38,151.15,182.94,191.26,103.37,344.2,271.1,100.82,224.75,325.15,307.29,191.35,258.6,400.57,189.89,239.4,89.53,101.83,237.37,189.62,342.05,126.05,279.01,293.18,157.12,67.11,222.16,126.83,148.09
2000-12-27,201.93,206.69,121.51,281.58,112.12,103.44,74.52,179.27,142.85,166.81,92.64,285.74,122.34,138.83,137.66,191.98,223.31,109.46,239.9,134.3,152.06,75.2,118.89,299.42,149.88,182.58,189.85,103.89,342.43,272.16,100.95,220.44,323.89,305.36,193.12,256.81,393.55,195.62,244.01,90.98,101.19,236.23,191.26,340.24,127.08,278.95,295.84,156.95,66.96,225.14,126.53,148.07
2000-12-28,203.24,208.66,121.91,280.57,112.53,103.91,74.59,178.58,144.44,165.42,94.21,284.24,122.5,140.34,140.9,192.81,222.07,108.28,242.17,132.43,153.66,76.02,119.06,298.76,149.61,182.42,191.0,102.39,343.43,275.63,102.1,221.83,321.62,306.0,194.87,257.43,397.19,196.2,245.01,91.87,101.85,238.91,190.58,339.4,129.1,279.73,296.66,154.92,66.42,225.39,124.3,148.52
2000-12-29,198.62,207.95,122.31,280.97,112.54,102.68,74.76,179.15,140.8,166.13,95.55,289.53,120.2,141.41,142.95,193.2,224.79,108.04,244.58,133.18,152.85,75.54,117.93,298.11,149.52,178.9,189.51,101.44,348.04,273.16,103.5,222.18,321.65,309.23,193.81,253.85,393.55,193.44,244.36,91.6,101.23,238.11,194.18,342.08,127.02,279.9,299.96,154.35,66.26,226.09,121.99,150.9
2000-12-30,202.75,206.57,120.76,284.87,112.71,103.57,74.82,182.6,140.93,164.8,94.99,285.23,120.65,140.48,143.38,192.48,222.26,108.83,248.04,132.31,151.6,75.26,119.54,302.44,150.61,178.63,191.35,103.06,342.28,273.01,103.2,220.51,319.69,310.0,193.92,256.44,397.22,192.66,243.3,91.66,101.29,240.12,195.79,345.87,130.25,284.94,296.56,152.41,67.38,227.34,122.71,150.97
2000-12-31,200.75,202.59,121.18,288.49,112.61,102.35,74.64,179.98,139.64,163.25,94.98,288.09,120.2,141.11,141.33,196.74,222.42,108.7,246.08,132.84,153.86,75.36,116.18,299.48,152.1,180.68,192.38,103.18,343.01,275.4,101.43,222.49,323.58,313.3,193.86,256.89,394.0,194.03,240.18,91.23,101.48,239.5,195.79,348.0,130.07,286.87,297.17,150.66,67.44,227.92,121.48,150.7
2001-01-01,199.33,201.19,120.77,289.69,113.46,101.12,74.16,176.51,140.85,164.81,95.4,288.12,118.27,140.31,139.73,198.68,221.45,109.17,249.03,133.0,154.24,76.13,115.28,298.1,152.05,180.84,194.56,103.51,344.3,274.89,100.44,222.45,322.68,316.45,198.68,255.74,393.34,195.63,240.15,91.36,102.19,239.83,197.66,341.87,128.89,282.07,295.03,152.17,68.24,222.94,121.83,149.97
2001-01-02,201.27,199.39,120.65,289.8,112.75,100.63,73.75,175.47,140.88,162.5,95.18,286.35,118.42,141.3,141.67,196.78,214.55,108.26,251.44,132.42,155.49,75.32,117.16,301.79,152.67,183.61,195.23,103.36,344.51,274.32,97.45,226.41,323.1,312.05,200.23,255.55,396.39,196.24,241.7,92.23,103.43,241.21,198.97,340.54,130.1,282.07,290.18,152.93,67.62,222.99,120.4,152.5
2001-01-03,200.42,198.9,122.36,287.91,111.51,100.18,74.3,173.48,141.56,161.36,95.63,292.4,119.94,141.64,141.39,198.28,216.98,109.04,255.22,133.75,155.91,75.82,117.02,298.95,152.12,182.32,190.52,102.4,349.34,271.69,96.47,226.57,320.66,308.63,200.03,254.26,399.73,197.34,240.45,92.63,101.21,242.21,202.87,338.91,130.46,280.51,288.09,154.25,67.48,225.73,119.01,152.22
2001-01-04,201.07,196.73,121.67,282.66,110.64,100.56,76.18,176.01,139.65,160.28,94.12,292.76,119.44,143.12,140.34,194.3,220.55,109.17,257.61,132.06,155.45,75.95,118.27,298.01,153.3,180.81,187.92,100.61,349.27,275.03,96.7,227.9,319.65,308.5,197.73,256.37,401.35,193.07,241.13,93.71,99.67,244.2,201.58,336.97,129.43,287.73,288.14,152.92,67.14,224.95,118.87,153.52
2001-01-05,201.18,194.61,121.62,285.38,110.07,101.33,74.59,175.93,139.21,159.03,94.31,295.49,120.75,146.41,138.28,194.14,220.38,110.54,261.67,132.65,151.51,74.91,118.03,296.03,151.24,181.53,186.96,100.04,353.97,275.6,96.9,225.7,320.26,310.85,196.68,253.49,407.51,192.95,243.61,92.77,98.73,244.3,200.23,333.29,128.18,284.8,286.14,155.04,68.25,226.51,118.06,152.99
2001-01-06,199.72,195.83,121.37,287.12,110.27,103.58,74.37,175.51,138.77,159.94,92.23,294.13,120.21,143.71,136.23,194.66,219.03,110.67,258.93,133.37,149.13,76.14,118.12,296.22,151.25,180.84,188.13,100.57,352.45,273.9,95.38,228.44,322.65,311.97,198.55,253.35,408.22,192.57,244.08,92.62,100.83,245.91,201.92,336.09,129.28,282.49,285.7,157.09,67.36,226.7,118.68,152.18
2001-01-07,200.41,195.16,120.25,287.29,110.03,103.94,74.49,179.67,137.42,161.64,91.48,292.03,116.07,144.38,136.27,193.27,215.97,111.03,263.58,134.0,149.04,75.4,117.81,292.77,148.25,180.67,186.98,101.49,350.59,269.27,95.76,227.31,321.02,315.29,198.4,261.38,405.69,188.89,249.51,93.4,101.12,239.58,201.59,341.31,129.69,283.14,284.85,160.55,67.76,227.01,117.92,152.88
2001-01-08,201.67,194.12,119.87,290.84,110.86,104.89,73.92,181.02,139.6,160.34,89.91,286.43,116.27,143.15,137.96,194.09,215.15,113.4,262.09,134.88,147.75,76.09,117.25,294.05,147.58,179.73,184.56,103.14,341.26,264.93,95.23,224.96,314.79,315.37,203.1,263.48,407.4,191.42,248.92,93.27,100.43,237.7,203.7,346.38,129.09,284.82,284.66,162.07,68.33,227.11,117.22,150.26
2001-01-09,200.51,192.31,121.05,291.83,112.58,105.45,73.73,180.31,139.69,160.51,90.87,283.53,116.3,141.23,138.94,192.39,214.19,113.78,263.23,135.14,147.9,77.37,118.44,295.56,146.65,177.86,188.25,104.03,338.77,262.02,96.3,227.17,310.33,312.61,203.74,265.59,404.41,191.38,246.46,93.22,100.9,238.19,207.1,340.74,128.92,287.37,286.82,161.09,69.71,228.96,117.22,151.54
2001-01-10,201.56,192.46,119.1,293.31,111.71,103.27,73.88,182.0,137.68,160.66,91.21,284.1,115.04,138.93,140.26,192.0,216.64,114.22,262.66,132.52,148.8,76.73,117.86,298.15,148.06,176.57,187.44,103.35,337.85,261.77,94.8,226.55,308.49,309.65,208.05,264.33,401.29,191.9,246.97,93.51,100.49,237.06,206.38,338.97,130.3,288.3,284.79,161.53,69.08,229.35,118.06,152.47
2001-01-11,205.99,192.0,116.95,288.3,111.68,101.78,73.73,180.82,138.61,160.83,91.02,288.15,115.99,140.53,138.39,193.2,215.69,114.06,260.4,129.78,150.15,76.19,118.05,298.15,147.67,177.63,185.78,104.34,339.22,268.62,95.65,225.26,310.45,307.91,208.31,264.41,398.23,195.35,249.59,93.68,102.81,237.22,206.5,338.06,129.81,286.44,290.45,161.37,68.39,229.17,119.0,152.42
2001-01-12,203.95,192.87,117.43,284.16,111.5,103.18,73.92,179.92,139.04,158.15,93.38,289.54,116.23,139.95,140.77,193.85,215.17,115.26,258.76,131.38,151.13,75.43,117.58,295.1,147.06,174.69,188.59,103.94,340.17,266.71,95.38,226.25,315.43,304.61,210.96,263.77,400.62,195.5,252.75,94.79,103.75,240.87,209.16,333.31,129.44,286.82,292.19,162.51,68.54,226.33,118.53,152.85
2001-01-13,201.3,189.38,118.77,285.42,111.15,101.97,75.45,180.79,138.02,156.22,93.14,288.29,116.19,138.38,141.32,193.9,218.74,114.38,261.47,131.05,148.98,75.31,116.75,297.43,147.23,173.24,188.77,102.74,338.69,262.52,95.56,223.99,313.85,308.93,213.34,261.42,398.76,196.34,253.99,92.77,102.96,240.64,211.57,340.42,131.47,285.83,295.6,164.81,68.38,229.04,118.38,152.85
2001-01-14,203.09,190.28,119.45,281.53,110.65,101.83,75.13,181.95,139.5,156.34,93.23,282.55,115.85,137.1,140.2,193.69,217.31,114.64,260.43,130.09,146.09,76.77,116.03,301.13,146.69,174.58,188.26,104.54,340.01,260.08,96.03,222.8,310.06,312.72,213.55,262.67,405.23,196.03,252.33,91.56,103.72,243.35,206.94,332.8,131.17,283.09,300.43,166.88,67.37,225.92,118.08,151.26
2001-01-15,203.53,190.92,120.66,277.59,110.32,102.25,75.46,185.87,142.61,158.89,93.18,285.23,115.82,136.62,140.0,193.35,217.45,113.67,260.53,130.13,145.07,75.7,116.22,301.88,143.5,175.33,190.44,103.13,345.13,256.78,94.44,221.49,312.74,310.26,212.25,263.81,401.07,201.12,250.96,91.32,103.2,240.73,210.17,330.54,131.46,283.33,303.93,170.07,67.17,222.87,116.3,152.21
2001-01-16,205.31,195.63,120.96,279.71,109.89,101.82,75.77,185.95,140.88,160.96,91.73,285.3,115.09,139.29,139.16,191.47,211.75,113.97,257.99,129.35,144.42,75.12,115.9,301.81,142.27,176.94,191.84,103.42,349.54,256.17,95.06,225.16,309.46,308.82,211.86,262.15,400.71,198.97,248.32,91.91,103.03,239.21,209.05,334.78,129.68,284.19,309.83,169.79,67.47,224.63,118.23,151.06
2001-01-17,205.78,193.36,119.07,281.61,108.06,101.39,75.0,188.19,141.88,160.05,91.26,289.01,115.98,137.26,139.83,190.74,210.86,113.81,257.18,126.99,146.85,75.08,116.72,298.85,142.39,177.13,188.06,103.84,350.99,256.13,95.02,225.3,312.82,309.42,212.8,258.31,391.17,199.32,246.82,90.38,101.63,238.74,210.32,330.23,129.52,284.35,316.07,173.13,66.82,226.72,118.5,150.24
2001-01-18,201.88,190.03,117.52,286.75,107.52,102.24,75.49,183.52,140.7,158.89,91.72,293.28,115.55,137.64,139.56,189.96,209.81,114.96,257.62,128.86,147.05,74.89,117.68,295.82,141.68,178.36,186.81,106.99,354.44,254.49,94.4,224.2,314.88,314.22,211.82,258.4,395.58,200.6,247.38,89.88,101.23,238.98,209.6,329.31,129.33,284.51,321.53,175.13,68.31,224.88,121.69,150.22
2001-01-19,206.16,186.52,118.15,292.52,105.37,100.81,75.33,182.93,143.22,156.79,91.25,286.57,117.02,140.5,140.54,191.94,208.43,115.71,256.14,130.91,145.54,75.85,119.68,292.55,142.72,176.67,187.57,106.67,361.27,252.29,95.51,222.34,313.16,312.12,211.4,260.65,397.95,199.6,252.73,90.62,101.49,238.15,210.76,326.75,128.34,281.13,321.78,172.99,67.97,223.86,121.93,150.68
2001-01-20,207.75,186.56,118.35,289.51,105.04,101.33,75.72,184.89,144.05,159.64,91.85,288.28,116.0,141.11,141.28,190.58,205.81,114.91,251.48,130.65,147.1,75.93,119.74,286.68,140.02,177.26,186.56,106.72,364.48,249.77,96.12,221.47,310.78,313.64,211.23,262.15,401.73,195.38,253.21,90.97,99.68,237.2,210.92,331.8,128.73,282.73,319.49,174.44,68.35,223.44,120.63,150.69
2001-01-21,212.24,187.81,116.94,291.19,105.47,101.46,75.82,186.57,145.64,159.66,90.94,288.45,117.89,140.7,142.34,190.56,204.49,111.87,251.33,129.19,146.59,75.64,122.13,285.32,140.17,177.36,186.01,107.95,364.98,251.65,96.51,222.72,314.48,317.64,213.63,264.13,392.95,195.39,254.13,91.99,99.09,234.89,211.71,329.67,127.81,283.36,320.2,173.64,68.96,228.48,120.49,152.65
2001-01-22,214.2,186.26,117.11,288.79,104.9,101.0,75.37,185.82,145.69,159.89,90.15,286.51,118.01,143.03,142.16,192.09,205.32,111.78,252.34,131.16,144.71,74.54,120.36,290.11,140.63,175.88,182.65,108.01,360.88,253.83,97.64,219.86,312.38,316.21,214.76,264.74,393.6,193.81,249.92,91.38,98.96,230.68,213.16,332.01,126.48,285.96,316.94,173.3,68.0,227.31,119.24,150.05
2001-01-23,216.33,186.36,115.64,291.26,104.15,101.38,75.81,186.8,147.59,162.77,91.16,283.23,118.9,143.85,142.15,191.39,208.25,113.67,254.77,130.49,143.3,75.14,119.03,292.88,141.51,176.74,183.14,108.96,360.72,252.29,97.93,220.19,311.34,314.5,209.13,267.22,393.72,196.31,248.2,93.27,98.64,235.28,215.08,336.01,130.0,285.75,318.54,171.14,68.31,225.34,120.21,151.92
2001-01-24,218.97,187.56,118.13,291.8,104.45,103.56,75.05,187.72,146.53,162.1,92.0,282.72,118.01,141.48,142.8,193.58,206.35,112.97,255.6,131.01,142.89,75.33,120.44,298.73,140.41,175.08,183.99,109.37,365.8,251.65,96.75,218.77,312.23,315.44,210.08,266.7,395.98,195.74,245.11,91.75,97.77,236.54,216.34,334.9,130.24,287.85,316.33,172.42,69.2,223.46,124.41,149.75
2001-01-25,218.15,185.24,121.35,292.08,104.35,104.03,74.66,188.98,146.03,161.76,90.52,283.71,118.28,140.8,142.92,197.98,204.94,113.17,258.59,131.28,143.48,75.61,119.25,296.66,140.49,175.81,181.66,109.43,365.46,248.32,97.44,220.93,308.47,311.53,211.06,269.29,394.51,197.24,246.06,91.6,98.86,236.66,214.61,342.26,131.3,292.85,316.4,173.51,69.9,224.19,122.89,149.02
2001-01-26,217.21,185.17,122.74,300.31,103.21,103.98,73.05,186.08,144.45,163.14,90.87,287.64,116.64,141.18,143.47,197.93,204.8,113.46,262.75,128.82,142.57,76.0,118.92,297.91,138.95,179.5,181.93,109.8,361.98,252.85,95.31,222.23,309.55,309.25,212.96,268.0,396.26,198.26,247.45,90.52,97.64,241.7,213.75,345.08,130.34,288.78,312.07,172.84,70.07,223.25,120.91,148.19
2001-01-27,217.57,184.31,120.56,301.53,102.36,104.6,72.66,186.91,147.29,160.98,92.02,287.93,118.53,141.3,141.88,197.68,206.5,113.42,263.27,127.92,144.17,76.73,120.27,297.02,136.36,179.81,178.98,109.17,359.86,253.48,96.14,223.56,313.54,303.77,212.07,268.25,399.78,199.45,247.77,91.35,99.44,240.87,213.24,349.3,126.2,285.85,311.44,173.32,71.13,222.32,122.33,148.72
2001-01-28,214.8,183.12,120.38,297.45,102.69,102.44,74.27,187.9,144.35,158.43,91.48,283.82,119.36,141.04,142.64,196.97,206.58,112.41,263.32,127.5,144.72,76.18,120.89,298.0,137.3,180.69,178.05,109.23,361.83,255.27,97.0,230.38,314.42,298.96,208.96,267.39,409.37,196.08,244.83,90.42,101.58,239.29,213.05,349.2,127.47,283.99,311.5,176.34,71.09,222.69,123.38,149.97
2001-01-29,212.18,183.71,119.82,293.63,102.3,103.29,73.21,188.53,143.63,155.61,91.85,284.02,120.74,141.37,142.82,198.93,205.66,112.1,263.95,126.79,142.73,76.85,119.93,298.49,135.52,179.94,177.81,109.57,361.71,254.0,97.56,231.51,312.5,296.46,209.85,268.91,417.53,195.24,243.16,91.26,101.01,238.33,215.17,353.02,129.14,285.43,314.14,175.64,71.19,223.32,123.17,149.0
2001-01-30,214.0,182.04,120.03,295.28,102.15,105.17,73.53,189.2,142.7,156.45,93.93,286.65,122.18,141.43,141.74,198.38,204.75,112.59,265.85,128.04,144.44,76.53,118.52,295.27,135.13,182.12,179.07,108.36,362.21,254.58,96.86,229.98,312.18,297.88,210.27,271.06,414.73,192.59,243.42,90.53,102.06,239.27,214.78,355.1,127.25,287.59,315.42,176.66,71.42,221.59,124.12,145.98
2001-01-31,215.44,182.03,120.87,299.89,103.59,105.75,73.45,188.87,144.23,157.35,92.28,281.64,121.01,142.36,140.36,198.6,201.73,114.49,262.28,127.18,146.56,77.34,120.35,292.1,135.97,184.03,181.74,110.11,365.87,255.51,95.78,226.33,311.04,294.96,210.24,270.4,419.43,191.95,246.27,90.1,102.87,238.26,210.91,358.38,126.03,290.61,313.65,175.89,71.46,222.21,124.29,144.68
2001-02-01,212.69,181.78,120.16,303.06,104.64,106.9,74.52,188.5,144.87,159.17,92.84,283.62,119.27,143.51,141.59,198.42,200.56,114.26,260.0,126.77,146.78,78.11,121.97,296.12,136.69,182.83,182.27,110.41,364.79,257.57,96.47,224.58,308.61,293.83,210.0,270.68,422.59,194.59,252.61,90.51,103.47,239.76,211.74,362.66,124.1,288.34,311.0,178.76,71.91,226.36,125.84,141.8
2001-02-02,214.7,182.74,121.66,298.99,104.55,105.08,74.88,189.97,144.99,160.36,91.08,282.46,119.21,143.04,143.63,198.13,202.46,113.98,257.55,126.62,146.92,78.52,122.32,299.64,138.16,182.76,181.01,110.35,370.87,257.4,96.25,226.95,312.3,294.82,209.23,268.4,423.73,194.81,250.59,90.97,102.08,244.26,210.04,363.99,122.82,289.54,310.43,177.9,72.57,230.78,124.56,142.47
2001-02-03,216.9,183.4,122.32,298.18,104.46,105.45,73.9,184.38,142.87,158.97,90.42,287.36,118.44,140.01,144.49,198.8,199.7,113.15,255.97,127.33,146.41,79.69,123.39,301.8,139.0,183.57,182.91,110.71,362.83,256.59,96.54,226.73,310.85,293.16,208.71,262.77,419.97,198.45,251.47,90.3,101.47,243.6,210.75,362.18,121.42,293.3,312.2,178.71,72.63,227.46,124.7,142.36
2001-02-04,221.45,186.1,123.22,296.28,102.47,104.24,73.55,182.86,142.01,158.23,90.09,288.7,117.74,136.76,143.06,197.71,198.73,114.96,253.69,125.75,147.65,77.84,123.25,300.11,139.36,181.84,182.51,111.47,367.91,255.62,96.63,228.52,309.48,292.38,206.46,260.89,417.43,199.83,248.88,90.17,99.77,239.96,211.73,365.17,122.95,292.0,309.18,180.45,72.73,226.8,125.92,144.63
2001-02-05,221.85,186.49,123.13,299.01,102.11,104.14,73.57,182.34,142.28,158.11,88.47,291.97,119.65,137.51,142.06,200.79,200.36,114.24,252.43,124.71,148.94,79.09,123.17,297.65,138.11,181.21,185.08,111.04,369.34,255.75,96.55,231.6,311.81,292.62,204.04,260.87,419.33,199.9,250.74,89.84,98.54,237.74,210.64,369.24,121.5,290.62,307.28,182.1,72.4,227.07,128.12,144.61
2001-02-06,219.38,187.91,123.56,299.34,102.79,104.44,73.38,180.44,144.28,157.99,90.32,288.39,120.82,137.78,145.32,201.65,201.57,113.45,251.52,125.58,146.63,79.74,122.08,294.23,141.74,183.11,186.51,113.78,367.86,256.35,95.07,226.4,311.85,293.24,204.41,263.66,419.82,199.42,248.95,90.81,97.94,238.65,213.95,375.59,123.33,287.23,308.25,180.82,72.24,232.52,127.89,147.36
2001-02-07,218.92,187.91,122.03,295.54,101.92,105.53,72.22,183.23,143.71,158.15,90.01,290.88,121.56,136.02,144.13,202.33,201.88,114.7,250.09,126.05,145.35,79.54,122.86,295.89,142.47,180.32,186.27,113.94,370.57,258.81,94.92,224.35,313.73,292.34,204.57,262.21,426.85,199.59,249.57,91.06,98.64,238.05,210.11,378.33,123.55,283.46,304.22,182.33,72.88,230.2,129.03,148.12
2001-02-08,219.2,189.06,123.67,289.34,104.49,104.93,71.87,183.97,143.28,158.6,90.67,289.39,122.45,136.25,143.82,201.57,200.1,114.11,250.17,124.88,145.0,79.01,122.86,296.36,144.92,180.74,181.07,113.96,369.72,258.64,93.95,226.37,311.12,290.11,202.99,259.95,433.44,200.48,243.81,91.67,97.5,239.66,209.97,376.74,124.71,281.74,300.64,182.97,72.5,228.74,130.82,148.16
2001-02-09,217.12,191.3,123.98,285.44,103.82,104.44,72.68,180.2,142.47,160.35,91.38,291.72,121.39,136.45,145.12,204.33,201.21,112.11,242.36,123.37,145.23,80.71,123.1,300.28,142.97,181.29,182.6,114.18,371.89,259.39,93.99,223.51,307.05,288.86,203.74,259.19,434.79,200.68,242.87,92.99,96.93,241.21,210.97,374.84,123.14,280.76,302.54,182.21,71.77,228.59,130.27,150.35
2001-02-10,216.03,190.99,124.54,286.15,102.19,104.83,71.66,181.27,142.6,157.32,92.0,291.97,122.27,135.23,146.21,204.04,199.33,113.31,243.25,121.65,145.86,81.65,125.4,306.55,142.1,180.58,180.7,116.34,372.69,259.41,95.17,227.18,301.56,295.62,203.31,259.92,433.77,200.3,242.49,93.61,96.68,238.11,208.7,370.69,124.63,281.56,300.84,184.97,71.91,225.73,127.3,150.93
2001-02-11,213.7,189.28,125.86,287.46,103.0,103.75,71.63,179.91,143.67,157.25,91.83,294.25,122.43,134.19,144.85,205.5,200.6,113.14,244.63,120.28,144.22,81.77,126.13,304.11,143.69,182.61,180.18,117.23,374.48,254.42,93.69,226.33,304.22,294.61,204.82,263.2,440.94,201.09,247.98,94.13,96.64,233.69,209.56,369.56,123.39,281.41,299.43,184.71,71.23,226.8,127.61,152.7
2001-02-12,213.36,187.61,125.57,288.89,102.84,104.35,71.82,177.12,145.38,155.98,91.11,289.76,121.7,135.35,145.48,205.67,201.5,112.34,245.63,117.46,145.83,82.2,124.74,306.08,142.43,184.59,182.27,115.55,377.6,257.06,93.02,227.02,300.96,292.21,203.74,261.06,442.38,204.94,248.56,94.04,96.03,231.01,212.67,366.33,124.56,280.12,301.5,186.86,71.09,230.1,127.71,151.38
2001-02-13,215.72,189.0,125.01,287.87,102.52,104.42,72.84,174.29,145.23,154.08,91.37,294.88,122.46,136.03,144.84,204.46,202.45,112.4,246.79,117.42,145.15,82.04,123.26,305.81,143.62,184.52,182.08,115.18,377.69,252.06,93.6,231.5,297.72,290.0,202.43,261.37,439.83,208.59,251.1,95.77,95.01,229.44,209.44,369.28,123.3,280.28,298.39,186.44,71.94,226.9,126.71,151.74
2001-02-14,213.72,188.84,123.02,285.2,103.16,103.57,72.35,173.69,143.47,153.84,91.72,292.21,121.65,136.33,143.78,205.02,203.09,111.38,246.27,118.38,145.46,80.84,120.89,309.85,141.66,182.43,181.92,116.31,381.39,253.71,94.84,231.26,296.05,286.27,204.69,258.12,444.72,210.66,250.43,95.91,94.57,226.07,209.2,367.27,121.65,279.3,301.31,184.55,72.57,224.59,128.17,149.79
2001-02-15,213.37,188.91,123.89,281.71,103.74,103.43,72.11,172.79,143.96,154.26,91.61,293.59,122.5,135.64,145.98,204.6,202.77,112.17,249.41,120.08,146.84,78.78,123.0,311.68,142.85,185.27,179.87,116.19,379.23,254.05,95.31,227.91,297.67,287.94,203.87,255.74,437.78,212.04,251.59,95.16,95.02,226.26,212.57,372.27,122.22,278.21,299.17,187.14,71.47,223.74,127.87,149.75
2001-02-16,212.74,188.7,123.65,280.74,102.66,105.22,72.02,173.27,142.71,152.64,91.16,293.63,121.35,137.65,143.03,206.23,204.6,112.26,253.43,119.54,148.03,77.72,122.65,307.06,142.5,184.52,180.81,114.55,379.69,255.0,96.4,230.18,299.35,287.88,204.44,258.61,438.16,213.59,253.94,96.08,95.22,225.9,212.28,376.41,121.77,277.81,300.0,187.25,70.84,225.99,129.56,150.57
2001-02-17,211.48,188.92,122.98,285.19,102.16,105.61,71.32,172.36,144.02,153.05,91.84,290.85,122.18,139.44,142.04,203.61,200.02,112.28,252.87,118.97,149.52,78.71,122.17,310.59,141.16,186.85,182.61,117.04,379.66,255.4,95.1,233.27,305.0,287.42,206.79,258.82,432.75,214.46,259.21,96.15,96.19,227.14,213.48,371.5,122.96,275.28,301.45,184.53,72.01,227.05,129.6,152.57
2001-02-18,208.5,186.15,123.35,282.92,101.07,105.69,72.1,173.75,141.67,154.81,92.82,287.49,122.56,139.3,143.22,203.6,202.57,110.99,253.22,119.93,151.57,77.96,122.59,309.82,139.21,188.32,181.53,117.47,378.27,248.38,95.98,238.38,302.81,283.62,205.14,257.48,428.98,213.75,258.31,98.28,96.67,226.6,215.35,375.11,124.49,274.71,300.25,183.41,71.88,226.12,130.54,153.06
2001-02-19,211.68,182.86,122.23,283.5,100.65,105.04,72.03,172.57,142.4,153.43,92.37,284.71,121.86,139.3,141.17,204.71,203.6,111.51,250.59,118.53,148.56,77.4,123.13,310.91,140.22,189.85,184.5,116.82,374.78,250.73,96.46,237.92,302.29,279.86,204.9,257.6,431.66,211.7,261.67,98.87,97.96,228.65,218.02,373.97,125.35,274.73,304.72,182.72,72.35,226.5,130.6,153.12
2001-02-20,210.66,183.75,122.83,285.58,102.58,105.63,71.97,172.72,143.34,152.0,90.9,287.07,122.15,137.77,142.55,206.11,205.71,110.95,255.03,118.81,146.64,77.02,121.9,307.35,141.79,190.21,185.54,116.64,369.73,251.66,97.14,240.86,300.24,277.84,205.64,258.79,430.84,212.1,265.8,97.35,98.14,232.58,218.56,369.59,125.97,271.67,308.6,182.12,72.28,229.49,131.94,152.11
2001-02-21,211.4,181.32,124.59,285.53,102.46,105.28,71.23,174.21,144.87,156.56,90.47,282.54,120.56,136.35,144.17,206.86,207.57,111.13,257.19,118.67,145.57,76.21,124.41,305.23,140.06,187.91,185.59,117.9,369.31,253.88,96.83,241.81,303.92,278.1,208.35,263.03,427.28,213.99,265.04,97.13,96.48,233.47,218.85,371.55,126.82,271.63,312.86,180.71,71.56,230.15,131.99,151.9
2001-02-22,211.8,180.71,125.3,284.01,103.75,104.79,71.06,174.27,145.23,154.93,91.33,279.89,118.66,135.37,144.53,207.65,205.96,111.19,256.54,116.97,145.35,76.57,123.42,300.72,140.6,185.48,186.83,117.54,372.52,256.22,97.47,238.58,302.58,280.67,205.77,263.03,422.42,212.97,266.65,98.57,97.68,230.99,215.71,369.36,128.09,271.28,315.91,180.86,73.04,232.01,132.24,151.33
2001-02-23,208.43,181.0,124.84,291.14,106.27,104.53,71.31,176.21,146.63,157.99,91.47,278.33,119.69,134.33,142.8,207.87,207.82,112.52,260.06,119.53,143.27,77.04,123.01,300.66,138.93,186.76,186.43,119.65,371.91,256.28,98.56,238.67,302.14,280.38,202.76,260.88,425.78,211.0,264.9,99.67,98.32,228.28,215.05,369.2,128.76,264.69,316.82,180.15,73.8,230.27,133.04,149.98
2001-02-24,207.62,180.22,125.08,298.58,103.67,105.74,70.9,175.06,146.4,158.01,90.75,274.82,117.9,134.07,142.95,207.63,205.71,113.25,261.8,120.57,141.67,78.36,122.87,301.33,138.35,186.72,186.92,119.77,369.15,265.16,99.59,240.21,300.61,279.08,202.63,261.4,421.94,212.98,264.65,98.9,98.03,229.92,214.18,373.33,128.12,263.46,313.11,179.47,74.48,228.4,133.29,152.59
2001-02-25,209.64,178.15,125.38,299.55,102.88,106.27,70.15,173.51,145.58,159.48,89.84,276.0,116.64,134.17,144.79,208.94,204.7,113.66,261.47,121.29,142.03,79.58,122.58,300.61,136.59,187.82,186.4,119.34,372.08,264.54,100.84,239.98,301.12,284.29,206.67,260.13,419.87,214.72,262.49,98.15,99.46,231.1,212.54,379.53,127.33,265.12,310.03,179.3,75.04,226.88,132.0,153.95
2001-02-26,210.67,179.47,125.45,300.54,102.61,108.22,71.43,174.58,147.54,156.41,89.78,279.03,115.52,136.09,143.42,211.04,204.04,114.28,260.38,121.74,142.96,79.64,123.37,293.81,136.33,190.02,189.7,117.84,375.87,261.63,100.12,240.99,301.02,285.96,207.51,265.5,426.35,210.64,264.06,98.9,100.47,231.19,216.58,384.41,126.53,264.03,309.9,176.8,75.01,224.41,127.83,154.81
2001-02-27,207.84,177.93,125.64,300.7,102.07,108.19,72.77,175.13,149.9,155.66,90.18,278.16,114.46,136.78,141.62,210.29,201.78,113.77,261.5,120.2,143.17,78.78,124.42,296.32,138.58,190.63,190.72,117.76,376.21,263.92,100.11,240.23,301.95,281.53,211.86,266.82,427.37,213.55,266.92,98.15,102.23,227.53,217.73,386.52,124.87,266.45,311.07,175.43,75.51,221.74,126.7,158.33
2001-02-28,208.3,178.92,122.84,298.72,103.64,109.43,72.98,176.38,150.07,154.83,90.72,277.47,117.52,137.34,141.98,207.47,202.52,113.91,259.3,118.21,144.07,78.61,122.69,296.26,141.83,187.99,186.82,116.38,368.82,269.38,101.3,240.1,302.33,281.81,215.8,265.6,425.93,212.93,266.46,98.06,102.23,228.91,217.36,384.18,124.93,266.06,306.85,174.47,75.16,221.52,125.5,157.53
2001-03-01,206.06,181.38,123.1,293.34,105.02,109.41,72.4,176.5,150.41,153.2,91.52,277.17,116.37,137.71,142.5,208.33,201.28,113.73,257.65,119.42,146.77,78.68,121.58,295.43,142.09,187.44,187.49,115.98,366.82,270.71,101.03,239.02,302.72,283.34,216.06,268.43,424.51,212.6,262.38,97.9,102.32,232.36,220.02,382.07,122.77,265.3,309.22,175.14,74.88,220.7,125.71,157.51
2001-03-02,203.78,180.33,121.77,290.03,105.31,107.58,72.05,177.09,149.66,152.55,91.14,277.87,117.45,135.99,140.98,208.3,199.62,111.38,259.24,118.87,146.47,78.38,120.39,293.48,144.57,186.95,186.74,115.38,361.55,271.13,100.62,236.29,304.15,277.91,218.54,265.17,419.69,210.56,256.66,97.78,100.95,233.73,220.35,383.65,122.02,264.42,304.77,173.41,74.42,219.98,125.28,156.89
2001-03-03,202.56,180.06,121.84,289.31,104.88,107.91,70.17,177.48,150.18,155.03,93.03,278.66,117.81,135.99,137.79,209.73,199.62,113.42,259.92,117.42,145.82,79.13,120.71,294.69,143.31,192.29,187.48,115.86,362.57,273.35,100.02,238.99,305.78,278.77,214.98,267.05,418.09,207.23,260.13,95.38,102.47,229.59,221.91,383.59,122.23,263.62,302.48,175.0,74.16,214.81,125.51,157.02
2001-03-04,200.88,180.29,121.74,290.98,105.93,108.3,70.74,177.24,151.98,155.81,93.52,282.64,116.21,135.42,139.11,208.66,201.19,112.73,259.82,116.31,142.34,78.72,121.76,298.69,142.94,192.38,187.73,116.41,364.32,270.06,100.88,241.2,312.56,280.67,218.17,267.83,411.39,207.46,260.77,96.2,102.87,228.69,219.98,387.61,121.99,268.05,303.62,173.53,73.34,216.13,126.82,157.17
2001-03-05,198.72,182.71,120.36,291.76,105.84,108.23,70.44,176.54,151.47,156.94,91.89,285.28,114.2,135.5,137.85,204.2,198.99,113.53,264.06,115.48,142.03,77.79,121.22,293.06,144.07,197.52,187.77,116.09,365.85,268.28,101.66,240.38,314.57,276.99,218.3,266.2,415.64,205.12,258.01,97.14,102.88,225.91,222.26,383.44,122.66,264.9,305.09,175.69,73.42,217.12,127.69,159.65
2001-03-06,198.55,180.32,120.76,289.89,107.38,107.93,70.3,179.56,153.46,156.69,91.88,284.39,114.14,135.29,135.83,200.31,203.6,113.59,263.22,114.94,142.14,77.23,123.06,293.76,141.54,198.11,188.05,116.24,367.01,271.0,102.23,239.52,314.66,278.34,215.19,267.94,419.86,205.04,255.47,95.18,103.75,228.97,223.84,382.89,124.75,264.66,310.39,174.66,74.23,217.78,130.95,159.05
2001-03-07,199.5,184.66,120.3,286.29,107.74,107.38,70.85,179.94,152.87,155.24,93.01,282.84,113.29,135.63,136.92,201.01,202.51,113.25,265.54,113.9,141.2,76.75,123.17,290.81,142.12,194.62,186.32,115.68,369.1,268.96,103.33,238.22,320.41,280.3,216.74,264.26,427.71,205.54,255.75,94.41,103.4,226.71,224.67,378.52,126.17,263.52,310.48,174.58,73.91,220.41,132.19,159.22
2001-03-08,199.46,186.63,118.97,281.55,107.85,107.9,71.37,179.39,155.28,156.35,92.28,283.41,114.51,133.36,136.56,202.55,204.45,113.19,266.75,111.68,140.86,76.01,122.63,291.68,142.66,194.55,184.83,116.45,372.77,270.46,103.66,239.43,322.11,277.91,217.36,262.91,419.99,206.74,255.89,94.06,102.34,227.9,224.94,377.95,126.77,266.9,306.17,173.68,73.38,221.92,134.31,160.8
2001-03-09,202.18,188.2,119.31,279.25,109.28,106.91,71.55,178.42,156.65,156.82,92.05,284.89,114.26,134.33,138.51,203.79,206.31,112.94,271.07,112.25,143.76,75.31,121.03,289.49,142.77,192.05,184.21,117.66,369.71,268.53,103.06,235.86,325.19,281.52,219.27,260.69,413.43,206.57,255.81,92.35,99.81,226.45,220.87,372.9,125.68,269.7,305.8,172.93,73.7,224.34,134.37,162.91
2001-03-10,202.28,185.37,120.91,279.09,109.3,107.48,71.69,176.86,154.2,156.28,92.71,284.76,115.68,132.81,140.1,204.31,208.76,114.87,271.21,112.79,145.34,76.82,122.25,289.83,143.03,193.09,182.37,117.37,364.42,269.7,102.74,233.4,324.22,279.62,220.26,261.15,413.36,209.65,256.81,93.74,99.21,225.5,218.49,373.94,124.93,270.03,304.9,174.0,73.42,224.55,134.99,162.2
2001-03-11,202.65,188.85,122.35,277.2,109.73,107.66,73.41,175.79,154.86,156.52,91.77,281.77,114.77,134.03,138.61,204.94,208.89,115.42,270.7,113.11,146.08,76.44,122.53,288.73,143.07,191.46,179.94,118.02,361.41,271.21,102.92,236.8,330.03,281.7,220.75,259.47,406.54,209.04,256.07,93.59,98.27,227.58,214.89,366.7,126.97,278.22,299.85,173.72,72.88,226.46,134.42,157.68
2001-03-12,203.02,186.43,122.79,275.59,107.3,108.59,72.98,174.64,153.96,154.65,91.73,278.77,114.66,136.37,137.69,203.16,208.52,114.53,268.2,114.08,146.39,76.22,122.05,289.35,143.12,191.39,180.07,118.6,367.99,271.17,103.3,237.18,329.9,279.0,219.57,257.41,401.28,207.87,253.33,92.09,100.68,228.27,213.19,373.63,125.92,280.89,296.66,175.68,73.62,226.22,133.86,153.66
2001-03-13,203.62,185.76,122.08,275.56,106.7,107.21,71.68,173.84,156.24,153.6,91.34,280.1,114.64,136.82,138.86,203.37,209.14,116.85,269.31,115.56,146.24,75.29,123.64,282.23,141.87,188.2,179.01,119.67,364.72,272.53,104.5,237.39,336.26,276.01,219.99,256.21,392.56,206.84,252.4,92.61,100.32,227.76,217.24,366.8,125.14,278.83,298.68,177.16,73.16,223.73,133.78,155.96
2001-03-14,206.13,185.49,121.39,273.22,105.47,107.56,71.44,173.89,158.57,155.35,91.2,280.44,114.11,136.45,139.5,206.35,203.21,117.64,268.86,116.01,146.37,75.18,123.27,283.26,142.78,186.72,180.65,123.25,368.36,269.58,104.48,232.54,334.48,275.52,219.73,258.78,390.84,202.81,252.68,91.29,100.56,226.51,214.65,367.32,125.21,278.45,298.13,175.55,72.85,218.15,133.46,159.9
2001-03-15,205.1,186.08,122.88,271.05,105.59,106.94,70.43,174.46,156.22,153.81,90.81,280.77,115.26,136.37,139.63,204.08,206.07,119.69,266.14,115.09,145.39,75.19,125.46,284.48,141.2,185.05,179.24,124.38,368.33,266.28,104.37,235.32,331.89,273.02,219.83,260.24,393.04,203.61,245.91,90.76,99.95,227.36,219.13,372.68,125.29,275.47,298.53,179.1,73.79,213.99,134.1,161.45
2001-03-16,202.19,187.46,123.91,273.16,102.9,107.89,69.39,175.67,154.52,154.36,89.74,280.67,116.07,135.55,139.8,203.49,202.07,118.01,267.95,114.49,147.14,76.3,122.57,286.27,141.64,184.5,180.33,124.26,364.51,269.71,104.57,240.78,332.46,275.28,219.51,262.26,389.53,202.26,244.33,89.45,100.99,228.69,221.16,376.1,124.5,275.78,300.08,178.61,73.94,211.82,133.95,160.01
2001-03-17,205.13,188.97,122.81,276.83,103.85,107.75,69.74,177.54,154.44,153.62,89.18,276.42,116.37,133.27,140.34,204.2,201.31,117.76,265.93,115.78,147.47,76.31,120.44,283.07,140.8,185.36,180.77,125.52,360.3,266.73,103.92,239.02,335.0,271.48,222.23,263.04,386.46,203.11,241.81,89.54,100.38,228.33,219.67,374.66,122.61,276.76,301.33,177.59,75.33,213.55,132.86,156.42
2001-03-18,206.06,189.59,122.13,275.9,102.85,111.02,69.38,177.23,156.97,154.91,87.55,277.59,117.24,130.85,140.37,201.59,200.67,116.72,264.89,114.89,148.08,76.17,121.21,280.48,139.62,183.25,180.4,124.18,363.63,269.53,104.7,238.13,334.91,275.99,223.92,261.75,384.69,201.94,242.83,88.84,99.42,231.35,219.82,372.73,121.5,278.7,298.19,179.33,73.6,213.89,136.07,158.4
2001-03-19,210.3,189.23,122.66,273.76,103.91,112.05,68.11,177.96,153.8,154.72,86.38,278.26,117.27,132.07,140.74,200.84,200.66,115.45,269.44,114.34,145.77,76.06,120.23,280.24,139.22,185.49,179.5,125.65,365.55,270.3,106.87,239.89,332.74,277.91,226.74,264.23,388.61,199.54,239.91,88.56,99.99,233.34,221.58,373.13,120.38,281.56,297.43,175.06,74.86,215.39,134.41,158.48
2001-03-20,214.85,190.39,124.78,270.44,103.8,111.87,66.8,175.17,153.17,153.9,85.34,278.02,115.27,134.47,140.35,198.22,201.28,114.86,272.18,113.61,148.01,75.96,119.08,280.39,139.5,184.1,178.3,126.09,369.42,269.66,107.53,239.08,334.67,281.98,225.2,267.49,393.38,197.06,239.84,87.64,100.15,237.78,222.62,376.49,122.64,285.65,297.41,175.16,74.0,215.43,134.76,159.59
2001-03-21,216.99,190.18,124.59,268.44,102.65,111.42,65.54,173.44,150.34,153.96,86.43,279.25,114.55,133.82,138.73,196.59,203.93,114.34,273.31,114.51,145.09,74.35,119.42,277.82,138.62,184.13,180.0,128.94,368.25,266.66,107.5,240.3,335.74,285.24,226.23,267.86,394.87,196.35,237.1,88.65,100.6,237.29,223.47,377.4,123.81,286.77,297.23,176.11,73.42,214.13,131.48,155.41
2001-03-22,216.55,191.74,124.77,272.21,102.45,113.19,66.42,175.0,149.95,154.2,87.12,277.49,114.39,134.08,139.62,198.52,199.3,115.46,271.68,115.89,145.89,74.44,118.8,280.66,139.95,182.07,180.42,127.66,367.05,267.93,105.76,242.07,332.89,284.91,223.99,272.11,392.25,196.9,233.98,88.4,99.82,236.96,226.39,378.48,125.24,289.55,299.59,178.18,72.84,211.86,132.69,156.84
2001-03-23,217.5,187.83,124.68,274.28,101.63,113.33,66.68,174.12,147.94,151.17,87.58,272.97,114.78,132.66,137.32,197.34,196.96,112.95,270.6,115.56,146.08,74.61,118.95,278.27,140.2,182.32,182.72,126.91,369.32,266.29,104.64,246.23,334.7,289.81,224.26,272.33,394.3,194.68,231.64,88.51,99.78,231.86,228.21,375.8,124.2,287.81,298.33,175.19,74.43,215.08,132.84,157.23
2001-03-24,210.75,189.85,124.81,274.26,102.57,113.15,65.77,175.5,150.11,152.92,87.3,272.93,114.78,131.33,137.91,197.02,195.71,112.81,276.22,115.74,148.16,75.76,118.34,279.9,141.9,182.99,179.6,129.29,370.51,270.11,105.07,251.25,332.49,292.62,226.72,271.67,394.86,194.9,231.1,89.65,99.16,232.06,225.65,374.78,126.16,287.53,299.63,173.76,75.72,220.33,133.63,154.53
2001-03-25,210.83,189.67,124.89,276.03,101.28,112.88,65.03,173.21,152.38,152.12,88.29,269.64,115.66,129.27,137.78,197.24,193.94,113.3,277.34,116.17,148.11,75.35,117.79,288.13,144.32,186.53,180.18,130.08,372.72,272.75,106.5,255.91,337.26,292.63,224.2,272.5,396.47,196.7,231.08,89.41,97.8,231.62,226.13,378.26,126.29,281.33,302.31,174.37,76.18,224.29,133.42,155.48
2001-03-26,212.69,189.41,126.44,279.35,100.84,115.46,64.88,175.04,150.75,152.91,89.34,265.89,115.78,130.01,138.68,197.55,195.92,115.09,275.04,115.81,150.67,75.49,121.17,285.99,145.88,183.99,181.97,130.12,378.23,272.83,105.8,253.61,338.87,293.28,227.98,271.89,397.98,196.37,233.7,89.41,97.72,230.37,225.38,370.66,126.14,279.43,303.39,172.61,76.04,225.24,132.37,155.23
2001-03-27,213.92,186.39,125.56,278.65,101.18,115.8,64.49,177.54,151.62,149.49,86.74,266.69,115.76,131.56,138.37,200.59,196.36,114.5,277.2,115.96,151.8,75.0,121.47,283.56,145.62,188.18,179.81,132.53,378.53,271.15,105.27,253.64,343.08,296.54,228.98,275.58,397.94,194.3,230.78,89.81,98.5,232.25,226.92,372.24,126.53,277.86,300.38,172.24,75.07,227.79,131.75,154.07
2001-03-28,214.87,184.64,127.23,280.23,100.37,114.2,65.16,177.48,155.18,149.38,85.22,265.08,115.03,131.38,138.0,199.08,197.28,116.26,271.43,117.62,156.11,74.19,121.57,278.34,144.28,186.68,179.77,133.6,386.17,270.27,106.08,249.82,339.05,293.36,224.75,277.23,391.17,194.94,234.54,89.33,98.76,233.39,226.22,371.17,126.95,278.92,297.87,175.03,75.04,224.97,129.98,152.45
2001-03-29,216.0,185.04,127.37,277.39,99.04,114.04,64.85,175.25,155.95,149.41,85.13,264.75,113.29,130.27,139.4,197.24,197.32,115.91,267.8,116.98,153.34,75.21,121.36,280.57,145.74,184.88,178.98,136.0,390.94,272.89,105.75,252.04,342.76,290.66,223.88,280.3,392.68,194.6,234.56,89.18,98.75,236.17,225.22,371.42,124.47,277.56,291.47,176.0,76.7,223.11,129.18,152.12
2001-03-30,214.59,184.77,126.41,276.24,99.33,114.11,64.79,175.92,153.91,151.13,85.78,262.29,113.85,132.44,139.31,196.08,194.92,117.21,264.89,116.74,153.7,74.64,119.98,280.55,145.38,184.16,178.53,137.82,388.5,277.27,103.57,250.91,344.05,291.49,222.01,277.25,390.9,189.87,236.73,88.21,98.68,235.49,227.76,366.94,125.24,276.68,288.94,177.12,76.92,220.23,129.82,148.46
2001-03-31,217.19,183.81,123.74,279.39,101.04,113.74,64.22,177.02,155.4,149.94,86.18,261.63,112.25,132.05,141.03,198.07,193.25,117.3,262.61,117.37,155.07,74.84,121.72,279.88,145.99,185.08,176.82,136.35,384.22,279.22,103.35,252.33,349.05,291.63,222.75,280.82,393.1,188.87,240.18,88.25,98.58,233.07,228.26,363.47,124.05,276.96,288.39,179.57,77.86,226.13,128.94,150.25
2001-04-01,217.18,184.75,123.71,279.73,101.93,113.12,63.98,178.12,156.04,148.22,86.41,259.73,112.13,133.31,142.11,198.38,191.08,117.5,265.51,117.69,155.4,76.13,123.84,278.85,144.89,185.82,176.32,139.3,381.1,276.72,103.58,251.31,345.91,292.7,221.92,281.71,388.62,188.29,242.38,87.66,99.25,238.85,225.42,365.06,122.22,279.14,286.36,181.19,77.44,223.05,127.56,150.45
2001-04-02,217.74,187.85,124.38,281.45,100.6,113.23,63.94,177.22,155.76,148.28,87.38,259.88,110.77,132.93,142.24,199.04,192.35,117.09,264.97,117.45,154.85,76.98,123.11,280.58,143.08,184.15,176.71,139.22,377.95,276.74,104.86,246.0,345.29,289.19,219.56,281.21,389.34,187.39,238.5,88.77,99.2,240.22,227.5,358.57,121.36,273.57,282.59,181.18,77.04,221.85,126.77,150.28
2001-04-03,219.97,185.57,125.32,280.99,102.87,113.2,63.77,175.64,156.12,147.62,87.78,258.11,110.35,131.45,142.64,200.47,192.45,115.95,262.63,116.67,154.53,77.09,123.03,281.23,144.13,186.4,175.45,137.18,372.07,278.09,103.37,248.26,347.9,287.47,220.94,283.22,389.82,188.66,237.9,88.29,99.69,242.42,227.79,370.01,123.25,271.76,280.88,179.51,78.48,219.18,128.63,149.38
2001-04-04,221.01,180.98,123.63,278.83,102.61,114.29,62.4,174.98,156.81,150.73,87.1,258.07,110.66,132.65,140.62,200.05,190.82,117.06,259.28,116.9,153.86,76.97,123.72,278.9,142.89,188.58,175.81,138.55,366.53,278.85,103.25,246.54,336.82,288.59,220.16,280.28,387.38,190.43,234.5,87.61,98.45,245.05,232.39,369.82,123.52,266.0,282.41,180.88,79.12,218.54,127.96,150.14
2001-04-05,221.16,180.68,123.03,280.35,104.24,114.14,63.01,174.81,155.94,152.7,87.55,257.15,111.59,133.17,141.35,200.2,189.83,117.58,262.49,117.04,153.35,77.9,123.99,275.38,144.55,185.66,176.32,138.61,363.83,279.43,104.04,246.78,337.14,286.78,219.72,284.4,389.71,190.02,227.1,88.57,99.73,245.29,236.9,370.86,123.58,269.91,281.03,180.07,77.57,219.69,127.86,146.92
2001-04-06,221.94,179.35,124.18,282.42,103.82,113.58,63.03,174.76,154.63,152.33,87.89,259.9,111.27,133.9,142.39,203.29,190.38,117.66,263.65,117.22,152.83,76.6,123.6,274.26,143.88,186.17,178.29,137.75,363.0,285.32,102.81,243.83,339.21,286.18,217.33,285.74,392.73,189.42,230.68,88.66,99.49,249.53,236.03,372.12,124.56,275.54,285.02,182.02,78.53,222.2,126.75,149.82
2001-04-07,219.63,180.93,121.83,276.35,102.6,113.25,63.92,173.29,157.74,150.69,87.87,260.45,111.91,135.22,142.36,202.98,189.61,116.84,264.14,116.9,155.04,76.85,123.43,276.23,146.78,189.71,180.54,136.29,356.93,285.36,103.73,239.52,334.75,285.92,218.33,288.18,385.98,191.2,228.89,89.57,99.59,251.82,242.2,375.17,124.12,276.91,289.25,183.8,78.91,223.75,126.85,150.44
2001-04-08,220.36,182.1,122.31,278.99,102.43,114.34,63.5,176.11,159.85,151.3,88.01,258.8,111.33,134.54,140.03,198.5,190.59,118.6,264.29,115.0,155.52,76.8,124.42,276.99,147.09,191.2,179.07,136.42,350.21,283.72,102.52,234.04,336.26,287.33,220.16,286.11,386.17,191.31,224.66,89.18,98.35,253.12,242.93,376.78,123.93,274.32,297.96,182.79,78.32,223.38,127.35,150.79
2001-04-09,221.76,179.72,122.79,281.37,101.86,115.58,63.48,173.29,160.61,152.69,90.25,261.15,110.87,134.79,139.64,198.61,186.16,119.84,263.27,115.12,158.28,76.69,126.09,282.01,147.09,188.7,176.82,137.81,346.33,281.57,103.48,229.02,334.64,286.39,220.13,283.98,384.87,192.34,228.32,88.69,97.16,254.38,244.42,381.14,125.02,270.49,298.87,188.0,79.13,220.66,125.19,152.55
2001-04-10,222.51,178.73,122.34,282.27,103.81,114.82,63.71,172.08,159.77,152.19,89.14,263.9,107.68,133.77,137.27,195.98,186.91,120.09,265.01,115.3,158.59,76.93,126.24,284.17,148.34,188.68,177.64,137.46,341.45,283.08,103.17,228.7,337.01,284.08,220.04,287.87,392.59,189.65,229.2,87.36,97.08,252.08,245.78,379.86,124.54,273.8,303.01,189.33,78.93,218.89,125.92,150.99
2001-04-11,225.91,179.83,122.38,284.23,101.28,115.27,62.99,169.99,160.43,152.57,89.79,263.47,106.56,133.19,136.08,192.32,184.25,120.09,264.46,117.12,157.83,77.2,125.68,284.9,148.09,190.13,177.04,140.07,341.14,288.43,104.32,229.68,338.98,285.9,220.81,282.99,388.91,190.41,225.15,86.02,98.25,252.99,245.17,380.87,124.92,275.14,301.95,188.49,78.44,221.02,124.03,149.01
2001-04-12,226.54,174.78,122.21,283.76,101.12,116.57,63.11,166.24,161.25,153.75,91.48,262.37,106.84,135.2,136.91,195.86,183.47,119.62,261.09,117.83,154.77,76.94,123.58,282.81,148.65,189.71,179.82,139.32,342.21,288.01,103.61,228.27,335.14,286.42,221.3,287.01,386.96,191.1,227.94,83.62,96.6,246.02,244.75,384.7,123.48,271.94,306.39,193.2,78.94,222.19,124.36,148.81
2001-04-13,224.15,174.09,122.04,283.55,100.24,117.83,63.98,163.4,161.18,153.16,90.35,261.9,106.58,135.38,137.39,196.21,181.92,118.83,261.19,116.71,153.98,76.91,125.62,284.3,147.09,187.47,178.57,141.01,341.18,284.6,104.11,227.49,340.31,288.5,221.44,283.58,392.29,193.38,226.55,83.55,95.55,245.78,239.7,380.14,123.33,277.11,306.67,191.98,78.93,222.44,123.36,149.38
2001-04-14,220.9,176.41,119.66,286.85,100.79,115.95,63.57,165.3,160.68,153.58,89.24,266.43,108.02,136.13,136.59,196.28,183.45,117.83,264.95,116.11,151.86,77.42,128.34,285.62,147.38,189.9,179.27,138.92,338.92,289.55,102.32,228.0,340.59,287.14,223.11,289.65,385.74,194.5,227.27,81.72,94.33,245.7,240.15,384.23,124.39,278.28,305.83,191.1,79.08,223.1,124.58,149.5
2001-04-15,221.3,179.7,118.93,283.75,101.27,115.21,63.22,166.85,158.65,150.86,89.64,266.09,107.64,135.43,137.42,193.55,187.08,119.56,263.2,114.83,150.34,78.09,128.9,285.78,145.93,190.71,180.17,138.46,332.88,288.88,104.27,230.44,338.79,284.99,222.05,292.6,391.81,196.62,227.13,81.3,94.17,246.87,241.87,384.27,126.41,284.52,303.65,187.62,79.83,222.17,125.54,147.35
2001-04-16,221.57,181.27,117.75,281.79,100.7,114.61,63.18,165.85,159.19,152.0,89.0,268.27,107.67,137.98,136.92,195.9,183.82,119.67,259.89,114.53,150.73,78.76,127.65,288.07,145.57,192.06,181.18,137.49,339.79,295.09,104.58,229.48,332.57,286.15,225.79,289.58,390.6,197.61,226.86,80.04,94.23,247.48,240.07,381.66,127.85,287.79,301.3,186.21,79.91,218.9,126.22,149.44
2001-04-17,218.15,181.78,116.93,291.19,101.35,114.96,63.28,169.15,161.12,151.26,90.17,270.21,107.84,136.16,135.43,195.29,185.23,120.35,256.99,113.8,153.42,78.61,125.89,285.59,144.29,191.27,182.49,138.35,337.2,292.72,106.58,229.19,336.11,288.17,226.66,290.33,387.89,196.34,229.14,80.74,95.26,250.86,240.42,378.07,127.49,283.4,301.34,186.49,79.69,218.36,127.59,149.78
2001-04-18,217.17,176.46,119.13,291.5,100.91,114.62,62.05,170.8,159.7,151.62,90.76,270.06,108.16,134.1,134.99,192.89,185.08,122.37,258.0,115.66,152.84,79.0,124.14,285.49,145.57,192.24,184.72,138.17,337.77,298.13,106.76,226.71,337.92,289.59,224.31,289.14,393.29,195.98,232.15,81.02,95.53,248.92,242.25,378.26,125.45,281.57,299.1,187.88,80.16,215.76,127.47,151.39
2001-04-19,219.72,177.72,119.65,291.86,100.8,115.0,61.41,171.72,160.56,152.41,90.51,265.86,108.76,133.67,134.99,194.11,183.76,123.0,258.76,116.12,151.46,79.0,125.78,288.85,146.68,194.07,185.1,138.91,340.76,296.23,105.93,226.53,340.45,285.82,222.75,288.63,391.62,195.94,233.72,80.36,93.97,250.77,240.61,378.62,127.75,279.85,299.32,188.65,80.32,214.99,128.64,152.4
2001-04-20,220.94,175.6,119.94,290.01,99.83,115.48,61.75,172.01,162.64,154.59,90.59,265.61,110.25,134.39,134.16,191.63,184.34,122.65,258.04,116.83,150.4,80.17,123.37,290.47,147.46,193.48,185.68,138.09,337.92,292.27,107.66,229.76,341.33,286.05,216.59,285.49,388.71,198.62,230.85,80.18,93.07,248.41,243.2,372.66,126.62,275.65,299.58,187.03,79.73,216.72,127.26,152.15
2001-04-21,220.0,176.16,121.83,289.13,101.24,113.69,61.82,172.56,161.83,155.1,90.93,264.16,109.88,134.2,134.73,192.0,185.91,120.98,261.69,116.56,151.77,80.22,121.55,286.03,149.8,190.46,184.39,137.14,334.99,286.79,106.44,228.24,341.78,283.56,219.12,288.16,389.09,199.92,232.09,79.49,92.5,248.15,240.85,374.79,127.02,277.23,300.09,188.23,80.65,213.39,126.4,152.44
2001-04-22,217.32,178.75,123.73,294.55,100.9,114.13,61.7,172.89,161.59,154.12,91.44,263.7,109.51,137.13,134.66,191.79,185.28,119.53,262.95,115.08,150.0,81.65,120.16,287.23,151.04,187.55,181.41,136.56,334.27,290.25,107.24,229.35,345.15,282.24,217.23,284.31,394.29,197.05,234.04,78.86,92.31,245.98,238.93,370.87,126.57,279.15,301.01,186.35,78.88,211.81,127.02,150.25
2001-04-23,216.42,179.42,123.28,291.41,100.87,112.95,62.13,171.8,160.96,153.68,92.63,260.35,109.9,135.93,136.13,192.23,187.47,119.91,263.75,117.26,151.39,81.83,120.38,289.46,152.22,188.81,180.83,137.0,335.55,291.5,105.84,233.25,346.59,282.52,217.31,290.65,397.12,195.37,234.53,78.57,92.68,246.37,239.63,363.26,124.21,280.47,302.4,188.52,79.82,212.89,125.95,150.46
2001-04-24,213.84,178.69,123.23,289.31,100.15,112.61,62.29,172.13,159.87,152.76,91.07,258.99,110.78,134.43,135.34,191.42,191.23,121.49,265.77,116.52,151.2,82.12,119.35,286.63,152.05,186.93,180.21,135.99,332.28,286.57,105.52,232.04,342.75,283.06,222.04,291.69,397.39,191.62,233.17,78.32,92.48,244.32,237.7,362.04,121.51,277.09,301.18,187.77,79.82,211.81,124.2,149.7
2001-04-25,215.21,177.84,121.97,291.59,99.34,112.16,62.29,173.35,161.72,151.06,92.62,259.83,112.68,134.56,135.48,192.23,192.74,119.86,268.03,115.24,150.28,83.09,118.83,287.15,153.54,185.04,180.67,137.51,332.1,287.75,105.18,231.75,343.72,285.05,221.45,291.56,402.04,192.0,232.2,78.44,91.64,249.23,239.3,355.79,120.63,276.23,297.29,186.33,78.81,213.17,123.66,151.91
2001-04-26,217.41,176.55,123.01,293.79,99.46,112.78,62.11,171.85,161.98,150.55,93.59,257.11,111.41,133.57,132.71,190.99,196.07,121.78,270.35,113.57,150.74,83.07,118.51,286.75,152.42,182.93,177.37,137.41,332.55,287.04,105.32,230.59,350.44,290.89,223.11,287.05,404.88,193.86,232.37,79.33,92.85,246.84,240.98,357.04,120.69,272.49,297.29,190.09,79.04,212.71,121.74,151.83
2001-04-27,218.13,176.74,122.29,292.11,100.95,112.99,62.72,175.58,161.1,149.56,93.28,252.02,111.82,134.72,131.98,192.7,194.75,120.91,268.41,112.68,148.39,83.82,120.14,290.27,151.3,183.07,177.51,135.94,333.83,284.77,106.23,235.79,348.19,291.29,223.23,289.36,403.25,195.9,231.45,78.58,92.66,250.83,241.4,358.82,119.65,270.84,298.73,191.05,79.09,210.39,121.59,150.58
2001-04-28,217.76,175.78,124.01,291.07,100.59,113.71,61.6,174.0,160.27,151.01,93.82,257.63,110.98,136.6,132.05,195.4,191.01,117.88,272.05,112.83,147.49,81.35,119.81,286.25,151.18,183.69,177.68,137.29,331.97,281.45,105.8,235.65,344.18,291.08,224.17,292.79,401.66,193.85,229.33,78.64,92.48,254.65,243.3,365.01,119.28,267.59,299.08,189.27,79.34,212.17,120.91,151.34
2001-04-29,219.3,176.67,123.52,290.96,101.47,112.25,61.36,174.22,159.3,153.14,92.89,255.48,111.09,138.31,133.85,197.11,193.01,118.49,274.04,112.87,148.38,81.3,118.54,285.16,150.8,184.38,178.09,136.58,327.81,282.24,104.12,233.09,343.21,290.8,223.52,289.93,397.84,193.49,227.21,78.82,92.76,256.03,243.85,367.64,117.82,264.16,298.03,186.48,79.02,212.54,123.11,152.51
2001-04-30,223.51,176.52,123.85,295.33,101.93,112.6,62.68,176.41,161.78,155.68,92.98,251.4,112.75,136.75,132.39,199.75,192.67,117.35,269.03,112.11,147.37,81.27,119.55,280.51,152.38,186.4,176.34,136.04,323.9,285.16,106.18,231.03,341.41,292.35,223.16,288.18,395.5,190.15,227.13,78.45,93.5,256.79,242.01,369.4,115.72,264.81,300.92,187.69,79.85,208.94,124.36,154.3
2001-05-01,221.48,174.49,123.17,294.67,102.55,112.12,62.63,175.01,162.69,156.46,93.62,251.98,112.93,137.05,131.16,200.48,194.37,116.57,261.42,112.47,144.31,81.52,116.71,280.63,154.55,182.52,174.17,138.5,327.32,285.73,105.12,230.51,338.16,294.7,221.08,281.11,390.99,187.81,224.01,78.78,94.78,258.3,244.12,371.52,116.78,264.25,301.52,189.84,81.72,208.56,125.28,155.56
2001-05-02,221.85,172.67,123.08,295.52,102.22,113.53,62.49,174.4,159.84,158.08,91.41,251.64,114.1,134.14,128.79,201.04,192.08,118.51,258.68,112.94,143.27,81.73,117.7,277.53,154.5,185.75,173.79,138.71,325.34,284.3,104.85,233.29,336.74,294.15,221.02,282.91,390.75,191.81,226.81,80.11,93.8,262.76,240.36,370.88,115.08,265.27,293.18,191.34,81.23,214.02,125.85,157.43
2001-05-03,224.35,172.05,125.25,297.36,101.66,111.97,62.38,171.33,160.58,159.21,92.5,255.68,114.4,133.48,128.11,203.6,192.3,117.64,256.45,113.0,142.01,81.49,118.82,274.55,155.4,186.0,172.59,137.53,321.24,286.61,104.08,237.81,338.36,293.52,219.2,283.8,395.54,190.74,227.06,80.1,91.57,263.77,240.41,375.13,117.61,263.85,290.46,191.25,81.57,212.07,126.56,158.11
2001-05-04,222.05,173.58,125.62,294.37,103.15,112.25,62.66,170.65,163.41,162.88,92.71,254.63,113.73,132.45,126.26,203.95,194.6,117.34,255.18,112.75,140.5,81.4,118.18,275.37,154.63,183.24,173.61,134.59,328.13,280.69,104.64,237.11,338.11,296.25,219.54,278.56,395.52,189.89,225.64,80.14,92.33,260.48,239.29,370.33,117.9,267.78,293.42,189.58,82.9,216.06,127.75,158.3
2001-05-05,223.98,170.15,124.38,291.84,102.07,112.29,62.54,174.72,164.77,162.99,93.98,256.87,110.24,131.37,125.87,204.66,193.57,116.65,252.08,112.96,141.38,81.99,119.51,273.51,155.27,182.53,171.11,132.89,326.94,284.55,105.28,234.67,335.23,300.83,219.73,279.84,392.65,193.29,226.88,81.05,92.02,264.54,241.19,371.01,117.61,264.88,292.65,189.75,82.37,218.16,126.3,157.64
2001-05-06,229.28,169.51,123.55,293.03,103.48,112.6,63.2,172.76,167.21,163.31,93.47,258.74,108.94,133.28,122.89,205.07,194.84,117.0,249.01,113.2,142.37,82.21,119.78,275.54,153.88,178.38,172.9,133.59,328.84,286.72,105.94,236.43,335.42,303.69,223.45,276.91,397.89,193.65,229.16,81.57,90.45,260.47,244.61,365.52,117.04,266.53,297.18,189.72,81.95,217.22,124.94,157.03
2001-05-07,232.93,167.62,123.81,294.14,102.31,113.22,63.83,171.35,166.94,162.41,94.21,258.79,107.52,131.04,123.61,207.04,196.24,115.13,248.26,110.58,144.95,82.46,120.42,276.92,153.54,175.9,171.49,133.2,325.97,289.21,107.41,233.84,336.19,305.99,223.06,277.37,398.05,194.09,227.44,81.65,89.07,262.38,246.7,366.16,116.85,268.69,289.77,185.25,81.32,217.05,124.95,153.56
2001-05-08,233.94,167.15,123.08,299.16,102.39,112.06,64.17,169.91,164.45,165.45,93.54,253.9,107.38,131.63,124.28,210.78,195.46,114.53,252.49,109.08,142.99,83.16,122.99,270.88,151.77,175.93,171.37,131.66,324.88,289.37,109.77,231.79,339.0,305.36,223.05,274.01,401.46,194.66,225.4,80.81,88.23,263.52,245.08,374.52,115.5,267.75,290.16,185.36,82.33,215.28,126.6,152.5
2001-05-09,230.92,166.28,124.93,296.82,103.15,111.03,63.97,171.77,166.65,167.23,93.94,252.74,108.27,131.9,125.41,211.22,195.62,115.11,256.39,110.03,142.77,82.72,122.37,270.3,153.08,175.95,168.36,132.47,322.41,288.12,111.98,233.7,339.07,308.98,225.1,276.9,402.2,197.7,223.59,80.83,88.51,260.2,246.12,373.17,116.83,264.08,289.21,186.57,83.04,213.32,126.78,155.42
2001-05-10,231.69,166.36,123.98,296.44,103.71,112.98,64.47,174.36,166.52,167.33,93.03,253.88,106.81,130.3,123.57,211.96,195.17,113.55,256.29,109.9,141.71,83.94,123.91,265.89,155.72,177.24,168.29,132.17,322.46,290.49,113.41,233.92,338.68,306.64,231.03,278.66,398.94,199.65,222.07,81.6,88.88,257.03,246.65,374.07,118.78,260.49,289.02,185.18,82.99,211.75,126.77,155.82
2001-05-11,235.18,164.66,124.14,297.09,102.76,112.76,65.11,174.0,165.15,166.44,93.05,258.27,105.94,131.77,124.05,211.12,195.25,113.79,255.91,109.19,141.17,83.84,123.32,264.58,156.65,174.3,166.94,132.61,323.02,290.41,112.74,238.62,342.21,308.42,231.37,279.97,403.18,198.83,223.25,81.27,88.43,256.27,251.16,373.26,120.36,260.5,287.57,188.62,81.56,213.11,128.99,155.87
2001-05-12,235.54,165.9,125.52,297.16,103.01,109.34,64.73,175.3,164.95,163.75,93.6,259.19,104.93,132.28,123.52,208.73,196.52,113.49,258.23,108.99,141.85,83.36,124.95,262.78,156.93,177.85,167.99,132.06,322.14,295.66,113.78,240.89,340.97,312.35,231.55,277.28,407.98,199.92,223.65,80.42,86.72,258.08,247.57,377.11,121.38,261.37,284.9,188.17,81.78,213.18,128.83,156.31
2001-05-13,235.2,167.08,127.07,299.81,102.18,109.33,64.04,176.16,163.22,160.89,94.36,259.99,104.26,133.66,125.14,210.45,190.39,112.97,258.1,109.6,141.88,84.09,126.22,263.17,156.09,180.24,166.94,131.16,323.36,298.29,114.6,238.68,334.81,313.93,233.23,282.46,404.51,204.84,223.69,81.09,85.75,255.72,247.69,383.13,119.35,260.7,281.15,189.11,81.88,211.7,127.38,156.67
2001-05-14,233.63,165.79,127.99,294.17,102.31,111.72,64.86,178.12,165.65,159.68,96.05,258.55,105.3,135.35,124.87,208.96,188.48,113.89,256.41,110.32,142.43,84.66,127.85,266.16,154.07,179.82,164.63,134.48,325.2,299.28,114.98,239.91,333.1,315.48,237.19,280.92,399.68,203.26,224.23,80.92,86.32,254.28,245.97,385.32,119.15,258.34,280.25,187.78,81.29,208.42,127.07,155.02
2001-05-15,234.79,164.86,129.11,295.39,101.0,113.45,64.83,182.13,166.4,159.86,95.85,261.3,104.82,134.86,125.24,207.16,189.39,114.27,255.7,110.55,141.5,86.06,128.97,263.33,155.56,181.96,169.58,135.74,326.76,301.37,115.8,238.77,328.19,314.62,235.41,281.05,406.3,203.76,223.3,80.09,85.96,254.91,240.87,381.1,119.02,258.18,280.19,186.61,82.06,208.05,125.89,155.34
2001-05-16,235.37,164.24,129.46,298.13,100.54,112.99,65.21,180.84,167.41,158.95,96.49,261.23,107.05,133.9,123.91,203.9,188.79,114.72,255.19,109.41,142.49,87.5,128.3,262.5,156.03,180.69,169.19,135.5,329.94,302.14,114.99,240.34,323.94,316.17,237.24,286.78,401.61,202.15,222.43,79.83,86.38,255.47,245.77,375.87,117.94,258.4,283.11,186.3,82.84,206.31,123.12,155.88
2001-05-17,234.4,162.8,129.65,301.03,99.11,114.05,66.09,181.99,167.87,157.84,97.84,264.26,106.21,134.91,122.08,208.42,188.87,117.95,255.28,111.2,143.53,87.32,127.75,263.72,156.34,181.44,169.16,131.11,329.45,298.74,114.23,243.29,328.74,317.95,233.95,288.06,403.13,200.91,221.51,78.35,88.14,259.19,246.92,383.83,118.77,259.41,289.42,186.96,82.17,206.31,122.8,154.94
2001-05-18,234.57,163.48,130.95,299.75,98.73,115.24,66.65,184.32,167.17,155.77,97.51,263.25,106.6,133.88,121.87,210.86,190.47,119.82,255.65,110.29,142.37,87.28,126.1,265.29,158.88,183.11,167.86,131.48,326.25,298.99,113.21,246.28,326.33,319.16,239.12,284.62,407.99,201.36,224.61,78.61,88.14,258.83,246.4,386.93,119.78,263.02,291.41,185.26,81.38,206.23,123.14,156.88
2001-05-19,236.75,163.63,130.3,296.27,98.9,116.08,67.69,183.48,164.23,154.13,98.34,259.22,105.89,131.84,122.67,209.48,189.37,118.67,257.47,111.17,143.34,88.0,127.6,267.86,156.58,182.01,166.84,131.56,328.34,295.85,112.31,243.72,324.72,322.54,235.23,280.75,407.94,201.63,228.33,78.51,87.69,257.79,249.83,389.01,118.69,264.53,292.6,187.53,81.5,205.65,123.14,158.22
2001-05-20,236.99,165.28,128.54,298.56,100.1,114.71,67.38,183.12,164.21,152.55,98.29,258.81,105.32,130.53,123.22,208.26,191.3,120.79,255.7,112.57,143.51,86.25,128.51,270.89,157.84,182.18,169.81,131.78,327.26,296.41,112.56,241.24,323.39,319.48,232.69,278.67,408.1,200.69,229.64,78.8,88.72,258.0,249.1,391.84,119.74,261.92,288.04,186.63,81.3,208.14,124.07,157.82
2001-05-21,237.13,164.78,128.23,300.51,100.42,114.11,68.05,182.6,162.45,155.7,97.37,256.2,102.84,128.53,120.78,204.54,192.23,120.41,256.52,112.84,140.82,87.61,130.35,273.82,155.95,180.8,168.33,132.9,324.16,297.39,113.36,241.59,324.18,318.27,234.28,281.07,407.86,199.36,236.23,80.04,88.62,258.08,244.06,391.97,120.23,264.76,285.8,182.88,81.1,205.2,125.09,157.45
2001-05-22,239.09,165.19,130.56,301.58,100.3,114.56,66.24,183.33,161.98,154.95,97.87,253.65,101.56,128.38,121.29,201.05,190.89,119.19,251.09,112.11,141.91,86.19,128.68,272.14,157.6,180.68,167.15,131.46,323.12,296.54,112.13,244.29,319.99,318.68,235.95,282.57,412.02,196.58,236.38,78.99,89.61,261.98,243.07,399.44,119.45,268.23,288.95,182.16,82.02,203.75,125.27,156.1
2001-05-23,235.63,165.71,131.26,298.43,99.59,115.27,66.05,184.05,159.84,153.29,98.07,255.15,100.33,128.74,121.64,202.98,188.95,120.22,251.31,113.48,140.91,85.8,127.5,271.27,157.4,179.37,165.0,130.64,316.4,296.98,112.05,244.22,321.96,318.96,236.22,282.58,406.54,200.51,239.77,79.62,88.8,255.65,244.39,397.94,119.45,268.25,286.01,183.34,82.33,206.29,123.6,155.45
2001-05-24,233.36,168.99,133.37,297.99,99.31,115.66,65.98,184.28,159.2,153.69,98.6,254.67,100.95,129.73,121.68,201.55,187.79,120.02,250.97,113.97,138.8,83.7,125.65,269.78,158.7,177.18,162.54,133.4,323.04,290.88,113.69,244.27,321.33,316.26,235.17,285.6,407.42,197.29,238.24,79.46,88.1,252.76,240.1,394.37,119.51,268.97,285.15,180.95,83.53,206.57,124.88,155.43
2001-05-25,234.44,172.72,134.74,300.1,100.68,115.87,65.81,182.49,158.03,155.67,97.6,252.46,100.77,129.44,122.14,201.38,188.08,122.21,255.01,114.57,137.09,84.65,125.26,270.52,156.35,177.67,164.12,132.06,325.18,294.15,113.42,250.04,318.27,319.18,233.69,288.52,412.13,200.1,236.19,79.2,85.3,249.34,242.16,392.21,119.64,272.55,285.77,183.06,83.21,205.39,125.83,154.52
2001-05-26,235.53,176.69,135.46,295.96,101.28,113.89,64.84,186.29,156.57,151.81,98.78,253.02,100.26,128.3,121.81,198.19,187.47,120.78,257.34,112.24,139.92,84.55,125.56,270.24,155.41,174.41,167.38,133.78,321.62,293.17,114.26,249.26,320.19,309.07,234.36,294.3,407.07,197.83,236.53,79.66,85.12,249.96,246.53,392.82,118.15,275.39,281.9,182.18,83.25,203.91,128.03,153.88
2001-05-27,237.93,176.34,136.87,292.89,102.0,113.78,65.23,183.68,153.84,153.81,100.16,251.64,100.75,125.77,121.38,198.55,187.45,123.11,255.83,112.22,141.27,84.94,124.75,270.83,151.0,171.68,168.08,134.93,320.93,300.25,116.63,248.09,322.39,304.99,234.32,293.81,408.87,198.39,237.73,79.76,84.54,246.94,247.28,387.97,117.41,278.78,279.94,180.49,84.33,200.25,125.37,157.0
2001-05-28,237.59,176.66,134.26,294.09,101.18,115.46,65.58,183.04,153.33,151.99,100.51,247.22,101.13,125.28,121.44,198.92,185.92,123.04,256.07,112.95,142.15,84.06,124.37,269.94,151.05,170.13,168.78,135.68,327.52,298.42,116.14,244.49,327.76,305.15,235.78,298.06,406.72,199.61,237.27,78.4,83.52,244.8,250.09,386.79,114.81,281.7,280.22,181.57,85.23,197.38,125.45,158.27
2001-05-29,241.7,178.86,134.68,294.16,101.54,114.66,65.63,180.09,154.36,155.03,101.67,247.58,102.41,123.83,121.92,198.93,191.26,122.2,255.13,113.55,140.88,82.16,125.38,274.6,149.97,173.43,167.07,135.95,329.63,296.44,115.66,243.09,329.76,306.98,234.06,299.72,401.02,198.98,238.29,79.08,82.82,244.68,248.67,384.71,113.29,287.67,284.23,179.25,84.83,195.7,127.03,158.02
2001-05-30,235.08,175.62,136.72,298.49,100.74,115.7,65.16,179.85,155.07,153.84,101.44,245.85,101.68,123.22,120.41,200.71,189.93,121.4,254.17,113.39,140.06,82.27,126.57,270.74,150.6,172.92,166.86,134.5,328.79,297.67,116.51,242.29,330.62,309.66,233.45,301.49,397.74,196.15,238.27,77.68,82.51,241.55,247.43,390.98,114.33,291.08,288.49,180.48,85.02,193.22,126.03,157.42
2001-05-31,238.43,179.19,137.41,298.99,99.44,116.35,64.86,181.63,153.98,155.78,103.58,246.03,102.92,120.39,120.52,201.63,189.59,119.74,252.83,114.46,139.73,81.7,127.15,273.58,151.13,174.82,171.52,136.31,333.26,299.5,115.72,243.65,327.31,308.1,233.66,299.02,400.31,199.42,237.23,77.37,80.76,238.58,247.64,390.15,114.11,293.97,290.88,176.8,85.41,194.72,123.53,156.42
2001-06-01,240.53,179.64,135.88,303.11,98.73,117.33,65.25,183.96,153.69,157.06,104.23,249.36,102.2,120.6,120.44,199.71,192.2,119.79,247.85,113.75,139.4,82.74,125.76,278.89,152.51,173.29,170.93,137.76,332.21,299.03,117.47,241.69,330.98,309.67,236.3,300.28,401.87,202.34,240.22,76.71,82.4,239.82,246.31,390.31,114.64,292.66,294.99,177.49,84.74,194.76,120.49,156.56
2001-06-02,240.39,181.31,136.29,300.28,99.18,117.55,64.37,182.59,153.81,156.94,102.63,250.53,100.74,118.75,119.42,200.24,192.29,121.45,244.96,113.01,140.85,82.69,124.52,284.68,152.5,174.03,170.54,139.07,328.83,301.2,118.93,239.05,333.55,312.65,237.05,296.62,410.1,204.3,246.14,74.81,81.11,238.81,246.88,390.5,113.18,294.44,298.46,178.42,84.83,193.71,121.14,156.16
2001-06-03,241.82,181.97,136.44,294.84,98.01,117.58,63.51,183.5,154.56,157.0,101.47,251.01,102.31,117.3,117.93,199.29,194.53,122.57,244.47,114.61,141.04,83.12,123.79,283.07,151.36,174.52,171.13,139.72,329.62,303.54,117.99,238.12,333.07,315.75,233.89,297.18,407.01,202.72,247.33,76.22,81.12,241.14,243.3,395.98,111.52,298.96,298.6,177.99,85.13,197.27,118.12,157.87
2001-06-04,240.82,180.55,135.06,294.79,99.63,118.35,62.76,181.18,153.74,160.54,101.11,252.57,102.81,116.31,115.76,197.61,193.98,122.7,245.33,112.81,142.01,81.19,123.54,288.39,149.75,175.57,172.34,135.78,328.53,302.04,117.08,236.15,336.16,318.58,234.6,291.37,401.71,209.83,246.98,76.13,82.45,238.66,244.18,393.47,109.84,303.7,297.84,178.6,84.81,196.0,118.05,157.3
2001-06-05,238.32,181.81,135.71,296.03,99.08,117.45,62.53,181.06,153.46,162.89,101.83,254.57,104.83,116.85,117.0,200.47,193.67,124.13,246.91,113.49,142.92,81.98,123.56,286.5,153.54,175.1,170.17,138.12,327.45,300.01,118.59,237.44,333.94,318.28,233.13,292.96,403.76,210.21,249.47,76.29,81.9,235.93,245.44,391.77,108.83,311.44,299.84,176.39,84.77,197.88,117.32,156.09
2001-06-06,239.31,183.74,136.36,303.21,100.06,119.23,62.92,181.23,156.4,162.81,102.58,254.05,104.23,118.32,120.77,201.15,195.2,123.46,245.84,114.5,140.98,81.69,123.9,288.34,155.64,179.74,172.16,135.47,329.6,295.36,117.09,237.42,334.2,318.52,229.6,289.17,409.69,211.47,248.66,76.09,81.2,232.47,245.72,392.92,110.38,307.99,296.74,176.13,84.19,196.54,115.65,154.41
2001-06-07,239.58,184.59,136.32,306.36,100.42,117.22,62.89,183.15,158.69,163.37,103.06,252.39,103.6,117.66,118.99,198.82,194.57,123.47,247.57,114.07,139.1,81.41,124.72,285.98,155.71,180.13,169.44,136.0,327.78,296.58,116.34,235.46,329.0,320.02,232.93,283.29,414.38,207.86,247.7,75.57,80.47,234.92,246.59,397.85,110.13,309.51,295.58,174.13,84.83,198.97,114.77,154.54
2001-06-08,239.51,188.11,135.0,310.6,100.39,117.26,62.1,183.04,160.68,163.98,102.72,253.29,103.64,117.4,119.86,199.38,193.15,123.23,244.14,113.84,137.39,81.48,126.38,284.31,154.28,178.17,168.54,135.81,329.8,293.58,114.81,231.63,329.31,320.06,235.55,283.89,416.8,207.9,250.6,74.4,79.03,234.73,248.42,400.84,110.95,310.83,297.46,174.05,85.79,197.38,116.58,156.05
2001-06-09,236.38,185.11,135.18,314.58,100.68,115.74,62.03,183.19,158.79,167.34,103.31,254.3,102.17,117.53,119.36,196.52,194.07,122.43,241.92,114.67,139.62,81.05,127.93,280.63,154.47,179.05,170.34,136.56,331.99,294.74,114.58,229.96,326.43,318.92,236.03,281.12,422.83,206.32,258.69,73.01,78.31,232.6,251.01,402.04,109.02,310.13,293.13,172.92,86.11,199.16,119.04,154.12
2001-06-10,237.57,184.68,135.57,317.4,102.22,116.67,62.36,185.54,156.88,166.75,102.6,248.02,102.12,118.75,117.75,194.2,189.58,123.11,246.26,114.23,139.17,81.03,128.42,280.16,154.3,179.15,174.18,135.62,331.46,298.62,115.44,227.68,330.13,321.31,237.94,278.91,423.94,203.04,257.77,72.89,79.7,232.15,247.89,403.52,109.72,306.72,295.05,172.3,86.21,198.42,119.22,153.43
2001-06-11,237.02,184.38,135.83,319.75,101.98,115.25,62.13,186.46,157.69,165.54,104.33,247.67,102.32,118.19,118.34,191.56,189.39,124.54,241.58,114.86,138.08,79.05,128.33,280.05,155.25,177.24,172.7,135.26,330.21,300.72,116.05,225.51,326.93,321.53,238.4,278.34,422.23,202.33,259.94,72.78,80.83,232.16,244.66,397.88,109.49,304.04,302.18,174.05,86.43,198.34,119.59,154.95
2001-06-12,236.67,183.15,137.91,319.0,102.14,115.08,61.88,184.83,158.42,165.08,105.03,244.69,103.74,115.76,118.34,192.51,188.41,124.83,241.44,114.34,136.6,79.27,127.51,283.95,156.7,178.5,173.36,137.32,337.94,301.24,117.12,223.95,331.0,323.2,236.84,273.81,423.66,199.31,260.19,73.03,80.21,234.66,249.0,400.87,109.96,303.75,300.56,174.98,87.02,199.79,121.45,154.8
2001-06-13,238.73,183.4,137.48,313.54,101.36,115.7,62.31,184.61,159.64,163.61,105.62,248.15,103.81,116.38,119.32,192.03,192.52,124.09,237.35,113.13,136.97,79.75,126.9,280.74,156.6,177.4,172.25,139.31,339.56,295.92,118.33,222.46,335.29,321.89,236.51,268.46,425.26,205.75,260.24,72.51,80.08,234.4,248.72,398.2,110.86,305.49,298.04,172.02,88.55,200.03,121.91,154.87
2001-06-14,237.91,182.35,137.81,314.17,100.64,116.8,62.11,184.67,161.23,166.66,105.0,247.22,103.35,117.46,120.12,194.92,191.0,124.73,236.42,114.24,135.45,80.01,125.91,283.59,156.29,177.82,169.58,140.96,335.86,302.7,119.58,219.71,336.75,316.35,239.85,269.05,428.33,205.63,261.98,72.63,79.05,237.67,249.95,393.85,111.75,299.5,298.74,170.16,87.94,196.48,122.48,156.77
2001-06-15,242.86,182.55,138.26,310.89,100.31,116.24,62.07,186.49,161.12,165.65,105.42,242.67,104.21,117.0,123.82,196.46,192.48,125.77,233.9,114.44,134.39,80.98,126.05,282.38,155.1,181.81,168.06,142.4,335.41,303.98,118.89,221.99,338.79,317.11,243.43,265.49,430.26,204.98,261.5,73.12,78.98,237.54,249.28,393.67,112.26,301.94,299.34,171.99,88.36,194.77,121.12,155.01
2001-06-16,243.23,181.74,138.21,313.46,99.71,117.22,62.09,184.57,158.52,165.45,105.0,247.24,104.07,118.02,123.56,197.66,192.26,123.62,231.48,114.31,134.22,81.59,126.22,282.59,150.09,180.3,166.01,144.04,336.28,308.2,118.39,223.37,342.37,321.02,241.93,262.34,429.09,205.82,260.62,73.73,79.34,237.25,249.09,397.39,112.94,302.85,296.44,173.01,88.8,193.28,122.52,155.66
2001-06-17,248.78,180.47,138.59,314.05,99.68,116.07,62.16,188.13,160.06,169.78,105.4,244.78,103.04,118.38,122.47,197.61,190.35,123.68,229.19,115.08,132.55,80.57,126.72,285.01,150.72,176.67,167.97,144.04,336.11,306.17,116.6,224.1,340.72,322.6,247.43,267.6,432.99,201.92,265.36,73.23,80.25,242.02,249.68,406.06,115.09,298.21,301.96,171.69,87.48,195.29,121.37,153.6
2001-06-18,246.33,177.54,139.81,314.67,98.83,115.27,61.83,186.96,159.48,168.41,106.44,245.51,104.57,117.97,123.45,198.63,191.1,123.68,230.83,115.09,132.39,79.55,125.69,289.12,148.92,176.81,168.86,141.26,331.41,307.48,118.03,225.21,337.79,318.54,247.54,266.67,433.67,199.68,267.5,72.84,81.82,238.59,248.82,405.07,113.18,296.23,296.98,172.34,87.77,197.16,119.93,151.82
2001-06-19,244.88,180.76,137.77,314.17,98.91,114.43,61.46,188.46,159.85,170.3,105.85,245.48,105.5,118.0,121.17,199.49,193.51,123.2,228.75,115.18,133.17,80.93,128.37,286.89,152.81,177.45,168.85,142.78,336.76,312.91,119.66,224.12,339.08,317.08,245.03,265.01,423.59,197.25,268.9,73.2,81.15,240.21,251.46,411.97,114.52,297.07,294.27,171.29,86.65,199.96,121.84,149.49
2001-06-20,242.88,181.35,139.57,315.71,99.51,114.06,61.68,188.14,157.28,167.04,105.27,243.25,106.16,117.9,119.32,197.74,193.59,123.02,228.95,114.72,132.01,82.17,127.46,289.44,154.47,177.48,168.11,142.07,340.01,310.83,120.85,224.46,336.59,309.58,244.91,264.01,426.21,199.88,271.08,73.09,81.56,239.15,249.37,404.29,114.65,296.07,296.33,171.58,85.66,203.37,123.19,149.3
2001-06-21,244.24,185.31,137.9,316.36,100.09,114.14,62.67,187.9,156.68,169.45,106.39,238.32,106.47,117.6,119.86,200.54,195.08,123.42,229.11,114.48,133.12,81.96,128.28,294.87,157.83,178.9,168.44,142.38,342.89,312.93,122.43,221.62,339.24,309.07,243.0,266.77,432.93,198.33,280.6,73.18,81.63,237.4,244.14,403.8,114.05,295.75,292.46,172.2,86.98,201.51,122.47,149.14
2001-06-22,243.38,184.27,138.49,317.83,102.21,113.88,62.06,186.53,155.71,166.77,105.99,239.93,106.52,114.7,117.91,201.07,190.57,126.95,228.4,113.67,133.14,82.19,129.11,290.64,161.63,174.33,171.89,140.79,341.52,314.59,124.53,219.06,342.71,311.06,245.13,265.46,426.02,200.09,279.44,73.0,81.38,241.39,241.85,404.22,115.16,299.16,297.63,168.31,86.51,205.03,123.39,146.87
2001-06-23,241.93,183.8,139.8,318.94,100.37,114.56,62.27,185.73,154.57,165.88,105.03,240.73,106.29,115.76,118.28,202.67,190.57,126.57,231.51,113.24,130.81,82.63,130.45,281.81,161.39,171.78,172.55,140.35,344.24,314.41,127.61,220.24,341.37,309.12,246.69,265.76,424.01,198.64,280.18,72.81,80.47,236.84,243.83,405.5,115.54,294.87,300.84,168.79,84.84,205.88,123.78,145.75
2001-06-24,238.68,184.32,143.22,318.79,101.39,112.45,62.81,188.96,155.0,167.11,104.38,240.96,106.22,115.49,120.2,204.19,189.17,125.3,233.31,111.59,132.46,83.63,131.27,282.59,158.89,172.12,173.77,139.8,342.25,312.2,126.78,218.87,342.09,310.75,245.61,268.6,426.34,200.34,284.26,72.3,79.86,240.1,240.93,403.93,115.58,289.34,299.71,168.29,84.33,208.21,124.67,144.81
2001-06-25,238.3,183.45,143.79,321.4,101.32,112.71,62.28,189.05,156.4,165.39,106.01,245.67,105.38,116.29,120.04,201.63,189.04,127.46,230.96,112.08,132.77,83.52,130.34,281.53,160.12,172.62,174.1,139.41,341.43,312.47,128.06,221.3,338.19,310.28,245.35,269.85,428.91,200.4,288.83,72.74,80.89,239.01,237.62,400.66,115.95,287.32,294.53,166.77,84.17,206.45,124.27,144.85
2001-06-26,239.65,183.71,143.03,323.18,99.63,110.87,62.68,189.99,155.36,163.58,104.78,245.96,103.83,116.4,118.01,203.91,189.21,127.02,232.98,111.83,131.15,83.25,129.77,282.19,160.52,173.87,175.86,140.14,347.3,310.63,128.06,223.23,335.96,307.07,247.13,267.32,429.05,202.15,284.7,72.72,79.66,239.78,238.69,391.78,114.05,285.3,293.15,168.24,84.8,206.44,124.6,144.37
2001-06-27,238.93,184.3,140.17,323.19,99.57,110.21,63.63,190.56,155.89,161.67,104.59,245.17,104.16,118.06,119.27,205.5,188.16,126.25,234.29,110.97,132.96,83.83,131.1,279.65,159.01,172.78,175.9,139.94,349.09,306.59,127.05,221.6,332.44,309.16,245.1,265.35,419.9,203.17,280.47,71.38,79.99,246.98,239.36,387.42,115.41,280.58,295.26,169.47,84.42,203.65,123.15,143.13
2001-06-28,234.55,182.69,141.87,328.55,99.72,110.18,62.3,190.35,156.67,158.11,104.36,242.21,103.58,118.26,118.81,201.41,188.79,124.45,234.76,111.51,130.28,84.19,132.03,276.44,159.07,174.91,174.68,140.25,345.43,304.18,126.9,220.11,331.26,314.94,246.03,264.63,418.36,199.81,280.13,71.88,80.41,250.17,241.32,383.34,114.94,276.47,294.43,170.36,84.45,200.05,125.08,144.86
2001-06-29,236.42,180.55,143.85,325.6,99.78,110.72,62.97,189.54,156.1,158.69,104.89,243.79,103.09,118.27,119.8,206.58,188.03,124.33,235.11,113.11,130.92,83.29,130.89,281.56,158.2,175.16,177.39,140.73,344.51,303.25,123.99,221.33,326.22,315.54,245.84,263.72,425.26,203.56,282.56,71.29,80.02,247.8,243.28,384.77,113.92,275.67,293.62,168.2,84.96,202.01,124.2,143.53
2001-06-30,234.6,179.53,143.37,322.79,99.82,112.42,62.65,191.15,154.08,157.54,105.41,243.99,105.73,118.02,120.46,207.79,188.71,126.8,236.09,114.09,130.33,82.75,129.36,284.89,159.12,176.39,178.15,140.48,348.41,303.41,123.03,221.23,323.84,311.11,247.79,261.3,429.33,202.72,285.27,70.36,80.25,248.1,239.72,387.12,112.65,272.28,291.28,171.92,86.21,204.27,125.01,143.16
2001-07-01,229.53,180.63,144.3,319.48,99.26,111.81,63.33,191.93,154.2,158.68,104.06,241.47,104.47,117.14,119.9,207.66,187.81,127.08,235.68,113.58,130.76,82.16,128.81,282.86,160.81,174.65,178.37,138.6,353.33,302.35,124.4,223.34,321.42,314.28,244.86,261.42,432.47,202.63,281.89,69.31,79.98,246.36,243.05,391.82,113.51,271.07,291.18,173.72,85.47,207.86,124.58,143.46
2001-07-02,233.13,181.08,144.14,316.23,98.7,111.35,63.51,194.74,156.67,160.65,104.46,243.79,103.54,116.47,120.41,208.66,188.28,125.74,235.11,114.13,129.09,81.77,125.84,286.37,158.52,174.49,176.21,141.61,351.58,302.52,123.94,223.07,321.09,309.29,243.91,260.59,435.57,203.31,282.76,68.47,80.49,247.13,243.94,386.59,113.77,269.23,290.44,176.04,83.88,203.81,123.91,145.69
2001-07-03,232.93,179.91,145.5,321.63,98.78,110.76,62.93,193.88,155.87,160.39,103.42,243.55,104.41,115.65,120.33,206.23,187.08,125.89,233.45,115.2,128.31,82.48,125.48,287.92,159.92,177.55,178.35,141.28,346.84,306.1,124.19,223.28,321.74,306.33,245.0,256.05,432.98,204.54,278.07,68.54,80.48,249.22,244.81,387.25,115.07,266.97,290.22,174.54,82.87,203.75,122.64,144.32
2001-07-04,231.21,179.66,147.22,314.43,98.53,110.07,63.26,192.73,155.91,159.98,103.02,245.95,105.46,113.33,121.69,205.85,184.8,125.91,238.8,115.45,126.75,83.07,125.22,288.69,162.21,176.5,178.81,141.48,348.73,305.02,124.5,223.56,317.48,308.44,243.45,257.5,436.02,205.62,281.84,69.9,80.13,249.98,249.07,378.16,113.5,266.93,293.52,173.3,81.79,201.77,121.72,139.7
2001-07-05,232.63,180.48,147.14,315.61,99.44,109.33,63.21,194.55,155.79,159.66,102.36,246.82,105.23,112.84,121.41,204.89,185.47,127.46,236.59,114.39,124.99,84.33,124.96,288.88,161.75,179.55,179.38,141.89,349.85,305.73,123.51,223.48,318.0,308.38,245.11,256.54,440.15,208.64,279.93,69.05,80.05,251.29,248.86,382.21,112.71,267.57,295.24,171.59,81.8,201.12,122.29,139.7
2001-07-06,234.2,183.58,147.84,316.34,96.75,107.26,62.24,193.95,155.24,160.72,101.56,248.42,104.0,113.51,122.85,205.2,185.63,126.38,234.48,112.84,126.37,83.38,122.32,283.14,163.07,180.03,179.7,142.7,353.39,303.01,123.04,222.78,316.66,304.53,244.81,252.75,439.62,205.34,275.93,69.29,80.44,252.38,249.18,374.45,112.66,270.17,293.58,171.67,81.6,198.85,120.86,137.93
2001-07-07,235.08,184.0,145.26,313.84,97.38,107.27,63.45,191.43,155.32,161.18,101.62,246.69,103.13,114.26,121.6,206.13,188.66,126.75,237.49,113.42,126.21,84.05,122.96,280.82,162.16,180.52,179.51,142.84,346.78,305.51,121.67,225.76,312.91,307.26,246.64,254.48,445.06,204.94,277.75,70.02,80.72,253.08,247.29,373.67,110.66,272.4,291.74,172.97,81.62,199.1,120.12,139.26
2001-07-08,235.27,178.05,146.19,314.66,98.97,108.3,63.92,190.99,157.02,162.51,101.99,245.49,104.12,112.33,122.86,205.23,188.85,127.9,239.63,111.99,127.77,83.58,122.08,273.94,160.32,177.62,177.53,144.96,350.73,304.68,122.09,227.06,311.06,302.48,248.39,254.19,437.56,203.25,278.38,72.24,81.77,254.78,246.68,371.39,110.52,272.35,291.5,172.82,81.61,196.85,119.99,141.33
2001-07-09,234.21,175.46,146.64,312.43,98.18,107.83,64.94,192.57,158.06,165.44,102.08,244.9,102.26,112.62,122.27,205.48,191.11,128.92,237.35,112.11,125.44,82.76,120.79,268.7,161.87,180.01,178.49,143.33,352.6,301.46,123.48,226.54,310.36,300.41,249.2,254.11,435.32,204.66,279.3,72.78,81.35,257.21,251.52,360.98,109.66,272.05,290.96,172.73,81.48,197.77,119.84,144.02
2001-07-10,233.02,173.35,147.55,317.16,96.77,106.2,64.69,191.37,156.8,164.68,102.69,243.1,104.51,111.98,118.93,204.76,192.13,130.53,238.81,113.0,124.21,82.92,121.87,265.49,161.46,179.93,177.91,142.55,353.22,306.53,123.97,221.28,310.43,298.15,248.05,253.18,433.64,202.82,285.07,73.22,82.53,253.36,252.27,363.51,109.54,271.75,289.54,174.16,80.83,197.95,121.78,143.6
2001-07-11,234.35,172.84,146.8,316.99,97.8,106.39,65.08,191.24,154.04,167.38,103.24,246.37,102.05,112.98,120.24,203.82,192.94,129.01,235.83,113.25,124.39,82.77,122.49,267.5,160.98,183.29,177.83,143.62,355.27,302.28,126.32,222.07,312.65,297.11,252.88,250.93,431.28,202.8,279.62,72.38,81.69,255.5,254.3,364.94,112.44,270.39,289.64,174.49,82.98,199.14,124.32,143.39
2001-07-12,233.54,172.93,146.61,316.02,97.37,107.03,65.02,190.45,153.64,166.35,102.49,244.86,101.29,111.36,119.91,200.62,195.1,129.99,232.85,113.58,122.27,82.71,123.31,273.45,161.16,180.99,178.18,143.12,355.13,301.35,127.94,222.62,310.82,295.65,253.19,250.34,432.1,200.8,281.05,71.19,80.56,252.33,254.99,366.79,112.87,272.07,288.59,178.44,82.46,202.81,123.97,143.54
2001-07-13,233.14,175.53,144.35,316.74,97.28,108.13,64.27,189.72,153.69,166.79,100.84,246.53,98.66,109.94,118.73,197.76,195.76,130.18,235.19,112.54,123.09,82.52,125.41,274.75,160.67,183.29,179.04,141.73,355.45,300.57,126.92,222.87,307.02,293.56,252.67,248.8,432.89,204.8,283.99,71.32,80.43,255.74,254.93,369.3,113.64,271.98,288.19,180.21,83.24,204.18,125.53,145.04
2001-07-14,230.6,175.79,145.7,315.68,98.35,107.57,63.92,189.77,152.26,166.4,99.67,246.63,100.01,110.56,117.43,198.08,195.34,129.7,238.36,113.04,121.35,80.84,126.77,274.59,157.5,182.61,180.79,144.11,359.05,305.09,127.21,227.72,304.51,289.25,249.95,249.28,434.58,205.64,282.15,71.57,79.86,251.44,253.33,363.05,114.5,270.52,286.13,179.75,82.7,207.5,123.55,142.55
2001-07-15,230.92,178.34,148.11,315.93,98.43,105.98,63.53,190.84,151.73,165.88,99.43,246.38,99.29,110.12,116.7,200.61,196.12,128.14,238.33,113.23,122.4,81.23,126.16,276.61,153.59,179.99,180.97,142.54,354.95,309.38,124.62,227.42,302.75,291.17,250.81,247.49,438.58,201.05,280.59,71.05,78.89,252.4,257.15,361.79,113.16,269.15,281.97,180.73,81.5,208.22,123.46,144.63
2001-07-16,228.36,179.36,148.28,318.25,98.83,105.09,63.64,193.72,151.1,165.8,99.04,240.79,98.81,109.11,115.62,199.27,195.41,127.65,237.13,113.49,121.9,81.49,125.98,276.45,154.73,178.85,183.81,144.14,354.81,311.94,126.41,229.47,306.26,292.24,250.27,246.79,434.83,201.85,276.51,71.83,79.18,254.04,264.24,359.93,113.02,273.75,282.75,180.74,79.92,210.12,122.92,143.96
2001-07-17,227.42,178.53,147.68,313.85,99.73,106.39,62.45,192.11,152.58,164.25,99.98,238.83,99.43,107.49,114.45,199.99,196.63,128.11,239.8,113.36,121.85,81.31,125.41,276.06,155.33,179.86,185.93,145.56,355.5,308.42,126.97,225.94,311.95,293.68,248.97,247.21,436.18,201.69,277.02,72.77,78.9,251.41,265.58,355.48,111.66,271.4,283.35,182.44,80.07,210.66,124.22,141.73
2001-07-18,225.95,177.6,151.51,312.69,100.46,107.57,62.45,191.8,152.69,165.44,100.32,240.17,99.23,110.14,113.98,202.09,194.58,125.61,245.16,114.16,121.96,81.59,123.27,276.26,157.62,177.98,185.82,145.09,357.49,309.15,124.84,224.14,313.3,289.85,251.61,243.03,438.16,203.83,277.92,72.78,77.97,249.22,264.78,353.96,110.1,272.29,287.83,180.11,80.79,210.92,122.47,143.45
2001-07-19,224.1,177.11,151.06,310.44,102.3,106.12,62.06,193.15,152.68,168.98,99.87,239.55,100.95,109.05,115.27,195.82,197.62,124.37,249.33,114.75,122.27,80.14,124.03,275.1,156.86,181.14,185.38,149.04,360.34,303.93,125.44,224.58,317.78,290.57,254.5,243.44,437.62,200.84,274.32,72.72,77.81,246.71,259.69,354.33,110.05,269.65,288.79,179.17,81.62,211.43,122.4,145.3
2001-07-20,221.92,179.87,152.47,306.86,102.24,107.86,62.5,191.43,153.24,169.17,98.57,239.22,101.94,109.7,112.38,194.5,198.21,124.36,246.49,114.68,121.66,79.75,124.91,272.55,158.58,180.63,184.52,150.02,366.95,308.76,124.13,219.15,315.48,297.88,261.27,240.29,436.06,204.08,272.93,73.81,77.72,250.35,257.49,352.43,109.56,268.84,291.25,175.95,80.37,213.22,122.35,147.95
2001-07-21,220.19,178.95,152.86,299.34,101.57,108.51,62.16,190.54,155.77,170.55,98.01,237.78,103.86,109.02,112.53,191.94,199.72,124.67,245.46,113.36,121.62,80.47,124.13,275.19,158.55,182.73,188.11,147.95,361.37,309.18,128.1,213.75,313.63,301.47,258.94,238.86,434.02,204.68,271.77,73.92,76.81,251.9,257.17,357.15,111.27,267.08,292.71,177.57,79.99,215.6,121.3,148.01
2001-07-22,222.62,177.89,150.78,301.2,101.43,107.31,63.73,188.44,153.91,170.94,98.88,242.86,104.46,107.05,111.61,192.43,201.21,126.17,250.22,113.57,121.5,81.68,123.71,274.55,160.38,182.2,190.71,148.08,356.83,311.74,128.34,209.75,314.98,307.3,261.13,238.06,434.43,203.19,270.92,73.55,75.61,255.0,257.43,361.1,111.61,267.83,290.98,178.47,80.66,213.63,122.37,147.52
2001-07-23,224.22,179.47,149.15,302.92,101.02,108.62,63.5,188.91,154.45,169.8,99.42,239.29,103.54,106.36,111.44,191.11,202.39,127.07,248.94,112.17,124.68,82.55,122.27,274.23,162.38,184.16,191.19,148.12,350.97,313.83,128.11,212.77,315.16,313.81,256.53,235.55,439.54,205.05,268.49,74.56,75.66,255.39,256.14,362.52,112.93,267.43,291.49,179.03,80.36,215.74,119.67,147.46
2001-07-24,225.7,179.08,149.77,301.38,101.5,107.51,63.56,190.43,153.83,168.01,98.83,242.15,103.23,104.45,114.13,188.46,202.35,127.81,247.0,112.26,122.1,81.14,122.11,271.94,161.67,181.74,190.61,148.29,350.53,314.79,129.26,216.47,314.32,314.6,257.82,234.36,439.37,206.0,269.35,74.8,76.99,258.47,254.91,355.78,113.05,265.3,290.16,177.76,80.56,214.93,120.5,147.87
2001-07-25,222.18,180.24,150.86,306.37,101.3,105.41,63.22,190.78,153.88,167.28,99.45,242.84,102.14,105.41,113.84,192.6,203.1,127.33,246.08,112.2,124.04,81.69,123.7,270.14,163.15,185.39,189.66,148.19,352.89,310.84,128.6,212.65,307.27,315.98,256.74,232.65,444.11,212.12,266.26,73.9,77.49,257.82,249.13,352.06,113.16,262.54,291.0,178.9,80.41,211.37,120.05,146.91
2001-07-26,220.57,178.04,151.46,306.83,102.59,106.06,62.57,191.9,153.43,168.27,100.46,244.43,101.64,106.44,112.17,193.66,199.8,127.1,249.99,111.69,124.47,83.03,121.39,272.63,160.01,186.83,185.93,149.22,353.23,307.79,132.35,212.98,307.6,317.08,259.6,233.3,439.66,211.9,268.1,74.73,77.23,258.99,247.41,352.85,113.42,264.27,287.06,178.05,79.89,215.85,119.54,146.19
2001-07-27,219.34,177.73,151.54,307.2,101.16,106.2,63.65,191.67,154.78,167.98,100.54,243.39,100.95,106.05,113.23,194.71,201.1,126.95,253.63,111.37,124.72,82.34,122.44,268.57,159.53,188.22,184.0,146.62,356.34,313.34,131.55,216.47,308.16,316.35,258.43,236.65,435.33,210.38,265.87,74.39,78.38,262.22,245.36,350.25,113.29,262.69,286.77,177.98,79.22,216.34,120.44,147.43
2001-07-28,216.77,175.51,151.45,310.34,100.88,106.51,63.47,191.13,154.89,168.08,100.71,244.48,100.62,104.74,112.28,193.59,197.42,125.98,254.07,111.89,125.92,81.54,121.5,270.73,159.64,185.46,185.75,145.85,353.36,311.91,131.6,218.81,303.7,318.43,258.41,235.25,435.12,209.56,265.22,74.51,79.07,262.01,244.45,350.05,115.8,261.43,283.96,179.09,78.8,212.62,119.88,148.71
2001-07-29,213.69,175.03,150.17,308.16,98.84,106.76,62.07,192.3,157.17,167.02,100.14,245.29,101.72,107.33,114.13,191.87,197.04,125.72,252.59,111.63,124.58,80.36,122.28,266.93,154.0,184.62,186.65,146.46,352.51,312.85,131.56,218.38,299.71,319.55,258.33,233.61,440.01,211.09,264.41,74.48,79.02,260.83,243.35,357.98,115.91,260.95,281.76,177.35,77.33,210.38,121.67,146.82
2001-07-30,213.37,173.88,149.77,309.31,98.87,106.89,62.26,191.25,159.32,166.77,98.73,247.21,102.4,106.81,112.81,189.21,194.78,124.06,252.42,111.98,124.43,80.65,123.05,267.6,152.67,185.37,186.92,147.13,353.09,309.48,130.72,222.95,297.52,319.48,260.59,232.82,438.87,216.79,264.28,74.65,78.53,257.17,241.39,357.6,116.94,263.08,279.46,178.74,78.25,212.77,121.83,147.43
2001-07-31,216.5,173.9,147.3,305.23,99.22,108.12,61.59,190.29,161.05,166.85,97.93,254.18,103.14,106.14,114.33,188.59,196.32,123.55,249.77,111.29,123.19,80.92,122.59,266.45,153.64,183.89,190.91,146.2,355.45,313.76,132.8,223.22,298.96,325.11,256.09,229.18,444.98,219.8,271.22,76.13,79.75,253.82,243.89,357.63,116.47,262.24,279.36,176.46,78.01,210.55,125.96,149.08
2001-08-01,216.92,174.08,146.57,305.09,101.26,107.19,61.77,192.14,161.13,165.03,98.11,252.85,104.75,106.01,114.82,185.79,199.98,125.15,249.33,113.86,122.9,80.27,123.17,264.34,152.96,179.61,189.33,148.7,351.42,312.02,132.84,221.13,295.2,319.73,258.06,230.81,445.75,220.72,275.06,74.78,79.95,253.69,240.96,352.51,115.77,261.73,278.87,179.44,77.09,207.92,124.91,150.7
2001-08-02,219.04,173.88,146.93,302.91,102.94,106.15,61.06,191.42,161.58,164.35,97.4,259.74,104.35,106.52,116.07,186.28,200.05,124.5,245.67,113.6,123.18,80.8,121.28,265.68,155.68,181.75,187.36,151.72,351.87,313.56,132.68,223.56,299.61,314.71,257.31,229.12,443.23,223.22,272.67,74.84,80.09,253.64,243.2,348.25,115.28,262.8,276.6,178.35,77.24,210.48,125.51,150.46
2001-08-03,218.85,174.31,146.54,300.44,102.54,106.93,61.41,191.44,158.56,163.62,97.33,258.87,105.23,106.28,116.27,187.71,198.0,125.45,247.38,112.01,123.91,80.71,122.15,264.2,154.29,181.59,189.05,155.42,348.81,311.01,132.74,226.81,300.59,315.82,257.06,229.48,446.53,220.9,270.13,74.14,80.23,253.13,248.73,346.38,115.85,266.48,276.79,177.13,75.63,211.83,125.79,150.91
2001-08-04,220.74,172.23,145.98,304.26,102.68,106.76,62.57,189.93,161.63,161.12,98.06,254.69,104.18,106.71,116.51,189.54,193.23,126.92,248.35,112.94,123.74,81.27,124.12,265.88,155.19,178.77,188.39,156.64,349.17,311.46,134.92,228.84,302.64,321.23,258.35,229.24,438.97,221.29,266.35,74.7,78.61,254.46,250.4,342.53,116.16,267.91,274.32,176.96,76.6,210.49,126.28,150.95
2001-08-05,216.63,173.59,146.75,301.05,105.08,105.67,61.7,189.61,159.8,161.06,96.65,259.35,104.19,106.18,116.37,190.97,193.79,126.0,249.98,112.65,122.18,81.51,123.92,265.63,156.96,175.2,189.35,155.12,350.19,312.89,138.52,230.54,302.43,322.55,256.77,226.66,442.78,219.97,265.74,75.24,79.06,253.14,246.07,334.48,114.47,268.55,278.0,176.36,76.75,209.77,125.97,148.72
2001-08-06,219.46,172.28,146.54,297.29,104.86,108.58,61.52,191.38,160.47,163.33,95.85,263.26,105.22,107.55,119.02,190.71,193.48,124.95,252.35,113.06,123.91,81.54,123.32,261.46,159.72,173.98,190.76,155.85,352.78,308.65,141.15,229.96,302.32,328.39,256.2,230.41,449.02,216.15,266.41,75.22,79.99,255.72,244.79,330.56,114.66,269.34,281.58,177.09,75.59,211.72,126.08,149.25
2001-08-07,214.69,173.11,145.43,296.22,105.83,108.64,60.96,192.22,158.67,162.38,95.24,262.51,104.38,107.69,118.07,191.84,191.92,127.47,250.15,111.04,123.78,81.28,124.14,260.02,159.78,175.9,192.51,154.33,350.71,305.88,142.24,229.76,305.19,327.75,258.99,233.96,455.44,217.9,270.01,74.27,80.52,253.17,249.47,330.88,114.83,268.87,280.51,176.67,75.39,212.98,127.63,149.52
2001-08-08,216.51,174.23,143.79,295.14,105.17,108.97,62.12,196.2,158.95,159.64,96.14,261.36,105.07,109.04,115.96,190.23,190.26,127.48,248.54,112.31,124.07,82.36,124.86,257.8,160.58,174.6,191.95,155.65,353.54,306.53,140.27,233.82,305.21,328.96,254.36,239.16,457.47,217.78,270.19,73.8,80.8,250.74,247.98,331.21,114.31,266.12,280.79,176.67,76.01,210.68,127.85,151.18
2001-08-09,216.4,173.86,144.23,298.32,104.55,110.58,61.67,197.33,161.35,161.36,96.29,261.44,104.85,108.58,116.94,188.75,190.39,127.11,253.2,110.55,122.59,83.14,123.71,256.21,162.27,177.02,191.76,156.52,352.25,308.51,139.6,231.91,305.69,329.49,252.29,235.16,452.8,216.84,271.64,73.02,79.18,250.55,245.95,330.42,116.16,264.02,282.12,176.68,75.21,208.97,128.85,149.93
2001-08-10,216.92,174.5,147.42,296.09,104.94,109.51,61.7,196.85,159.77,162.44,96.63,261.39,104.39,108.49,119.04,187.15,193.09,128.2,248.25,112.23,123.3,83.56,124.57,255.7,162.11,178.04,191.77,157.07,351.43,302.2,139.3,235.33,304.55,328.47,255.11,235.25,445.44,218.67,272.93,73.01,78.79,249.7,246.2,333.36,115.62,258.95,283.42,175.59,74.53,209.91,129.39,150.7
2001-08-11,216.68,176.06,144.72,299.73,106.55,110.71,60.97,199.06,159.58,160.91,95.97,260.01,104.5,109.42,121.65,182.06,192.31,128.95,248.23,112.09,120.82,83.02,124.39,252.49,162.6,177.44,189.83,157.61,351.28,300.47,140.34,234.22,307.81,325.34,256.02,232.56,446.72,214.47,273.72,73.85,78.53,253.47,246.17,336.39,115.8,258.49,284.85,176.5,75.35,212.18,129.4,149.39
2001-08-12,219.14,176.54,145.01,301.6,106.8,110.4,60.91,197.98,161.36,162.93,94.35,259.24,105.22,105.45,120.15,179.82,194.98,129.72,247.99,110.89,121.77,83.69,122.53,255.93,162.72,178.8,189.03,158.25,349.44,297.56,140.82,232.39,304.16,329.71,254.52,230.17,441.22,213.7,273.34,74.09,78.83,253.55,243.84,338.99,117.48,255.18,283.78,175.71,75.58,212.04,132.14,149.53
2001-08-13,218.82,177.13,144.21,303.35,108.1,111.32,60.84,194.96,162.09,159.79,93.73,261.32,105.42,105.51,117.03,180.07,196.56,130.91,249.47,110.87,123.31,84.62,122.9,255.37,163.41,179.8,188.08,155.43,355.6,299.23,141.58,234.37,301.2,322.87,250.38,230.74,442.29,212.06,270.95,75.56,77.91,252.09,244.17,339.69,118.13,256.11,286.18,173.39,75.75,212.85,131.26,152.34
2001-08-14,220.03,175.0,145.53,300.63,107.53,111.19,60.3,196.03,162.84,162.14,94.72,258.97,105.79,104.81,118.22,182.08,193.84,132.34,250.81,108.75,123.04,84.94,123.07,252.7,162.58,180.69,185.48,157.57,356.29,304.31,142.05,233.57,301.49,327.86,252.15,230.58,447.12,213.77,275.92,76.37,78.03,249.24,248.47,338.08,116.73,256.21,290.89,174.93,73.82,207.34,131.11,151.95
2001-08-15,219.84,175.83,143.53,302.0,107.16,111.19,59.11,194.9,162.62,163.07,94.1,257.62,107.07,104.75,119.74,178.05,196.07,133.19,249.87,107.69,123.78,84.02,122.76,254.51,163.83,178.15,184.12,156.14,350.05,302.91,143.22,229.56,302.13,324.07,250.44,228.92,450.32,214.35,274.24,75.97,77.6,248.48,248.85,334.28,115.29,254.32,295.23,177.01,73.57,209.4,129.92,150.16
2001-08-16,217.9,174.52,143.02,294.46,105.88,110.7,59.42,194.48,164.94,165.32,95.49,253.25,107.15,103.76,120.42,174.34,197.03,134.91,251.59,107.43,125.27,83.65,124.12,251.55,161.45,177.03,180.7,155.57,350.55,306.14,143.61,229.31,300.85,331.01,257.33,229.36,444.79,213.31,272.9,76.85,77.22,246.89,245.47,332.01,113.57,254.67,295.75,177.89,73.46,207.24,129.71,149.09
2001-08-17,215.68,174.1,143.55,290.55,106.43,109.77,58.9,192.86,165.85,164.98,95.51,255.48,108.25,104.41,119.17,174.29,201.42,135.97,254.02,108.04,125.1,83.14,124.37,252.15,159.08,177.14,179.79,153.03,345.8,304.03,145.0,226.64,301.23,332.48,257.35,228.83,447.26,212.8,275.62,77.43,76.25,242.75,248.85,334.44,113.42,256.58,291.23,179.22,73.43,206.64,130.33,148.52
2001-08-18,220.49,175.49,142.3,287.9,105.98,111.23,58.45,194.25,168.12,166.11,94.69,253.77,110.59,105.07,119.03,172.55,200.3,138.35,259.85,108.54,127.38,82.71,123.41,254.72,160.27,180.17,179.46,154.37,352.16,306.56,145.42,229.67,303.26,327.04,253.12,225.93,446.86,210.37,274.14,76.86,77.14,239.03,253.21,330.62,114.2,260.02,292.37,177.26,73.09,205.09,129.79,149.08
2001-08-19,217.99,174.19,143.73,288.51,106.05,112.01,58.72,194.13,171.33,164.09,95.35,254.77,113.06,106.1,120.22,174.21,198.79,138.17,262.83,108.52,127.54,81.62,122.04,257.02,160.03,179.92,176.42,154.83,353.25,307.38,146.8,229.37,304.86,322.24,254.76,225.58,438.55,211.35,273.75,78.03,76.5,242.6,254.76,337.11,114.29,258.37,295.49,174.52,73.68,203.74,129.68,147.69
2001-08-20,220.96,174.75,143.96,289.09,107.16,110.81,58.36,194.71,174.36,160.09,95.29,260.2,112.3,105.18,119.08,173.78,195.97,138.92,262.44,108.51,126.51,81.37,120.44,255.37,159.36,180.0,175.85,155.61,358.22,305.45,147.3,229.21,307.2,325.37,251.22,226.12,432.57,209.46,277.47,77.87,75.88,240.9,256.16,337.54,113.76,259.31,296.26,174.43,74.31,201.36,129.11,146.38
2001-08-21,222.12,172.96,140.36,291.93,108.33,112.86,58.32,194.38,174.68,160.14,95.16,260.11,112.46,105.08,118.06,171.99,198.67,137.47,258.67,108.88,124.78,81.46,119.86,256.62,161.33,182.01,174.23,155.88,353.29,304.58,150.42,230.26,308.79,323.64,252.45,227.83,431.32,207.19,275.44,78.35,75.22,243.0,258.32,340.82,113.61,257.46,301.17,173.95,74.55,201.76,129.11,147.59
2001-08-22,217.35,173.0,142.16,292.59,106.79,111.92,58.09,190.38,174.5,161.26,96.0,264.52,114.61,105.15,119.39,173.69,199.05,136.69,258.76,109.1,124.53,80.63,118.93,261.7,163.22,183.95,172.77,154.68,347.55,302.86,151.56,232.36,312.42,328.14,249.82,227.26,431.64,206.65,276.29,79.55,74.72,245.83,258.85,346.38,112.94,261.79,301.27,174.71,73.71,202.46,131.01,148.85
2001-08-23,218.2,173.21,142.45,290.69,107.24,111.8,58.61,190.95,175.98,159.88,96.03,269.49,115.3,106.81,120.1,173.67,202.02,133.15,262.41,110.03,126.53,81.06,117.3,259.17,164.08,183.71,172.88,152.11,348.16,306.04,154.45,229.15,313.74,326.17,249.95,228.98,426.98,208.36,276.43,79.3,74.45,249.43,254.73,338.03,111.89,263.04,301.83,172.77,73.8,203.39,132.79,148.35
2001-08-24,216.5,173.2,143.52,295.16,107.11,112.12,58.31,187.67,175.68,159.43,95.82,267.33,114.93,106.87,121.34,176.19,198.82,134.44,259.79,109.4,125.9,81.02,119.66,260.92,162.47,182.24,173.45,151.43,351.85,307.81,151.09,229.44,315.08,323.85,247.85,227.41,426.97,211.38,274.53,79.0,73.71,251.88,256.01,338.36,111.6,260.78,301.68,170.66,73.59,204.26,131.83,148.73
2001-08-25,213.86,173.88,146.05,293.36,107.29,110.7,58.09,185.68,175.94,158.45,96.93,269.57,114.17,106.87,122.21,176.77,201.39,136.34,256.76,110.43,126.22,81.85,121.19,258.42,162.95,180.64,172.63,152.09,356.34,310.56,153.12,227.93,310.6,323.53,250.51,227.32,427.7,211.44,268.49,79.34,72.67,253.75,254.92,330.27,112.92,261.44,309.99,169.47,73.83,203.46,131.97,150.04
2001-08-26,209.3,173.0,145.25,292.4,107.85,111.71,57.54,187.89,177.35,158.97,97.22,270.05,114.79,106.81,121.57,180.38,202.14,137.88,255.25,108.31,124.62,81.66,120.84,261.86,160.27,183.46,172.22,149.99,363.46,309.32,151.69,229.64,313.13,329.49,251.67,229.74,418.17,212.52,268.81,78.27,72.5,251.55,253.32,332.96,113.24,261.08,313.18,168.72,73.8,201.38,133.01,149.26
2001-08-27,208.91,171.79,144.23,291.14,108.64,111.04,57.44,183.26,172.29,160.1,96.4,264.54,115.24,106.77,121.89,181.08,203.54,136.39,252.59,107.07,125.59,80.1,120.92,259.47,160.83,180.57,169.63,148.71,368.41,311.31,150.5,227.23,320.41,327.61,251.04,228.64,407.99,214.96,264.25,79.1,73.46,256.59,252.65,337.18,116.4,263.06,312.65,171.85,74.89,204.98,131.8,153.09
2001-08-28,210.36,170.4,144.91,293.85,108.38,110.57,57.51,183.55,171.63,162.25,96.22,258.79,114.45,107.43,121.9,180.18,203.08,136.91,251.92,108.3,126.3,79.56,121.71,259.78,156.74,176.26,169.47,149.14,369.45,309.85,154.02,226.78,325.52,328.57,253.43,230.89,404.44,213.8,263.57,79.59,74.15,251.91,249.82,329.49,115.21,261.93,316.39,168.34,75.4,203.09,131.41,150.63
2001-08-29,209.21,170.79,144.16,295.44,106.21,112.2,58.23,184.32,172.92,163.62,95.35,261.32,115.37,109.29,122.92,179.72,206.63,135.53,253.21,107.81,125.39,78.73,121.04,258.21,155.29,177.67,168.62,149.06,368.53,310.42,154.35,230.49,329.9,326.68,252.03,234.42,401.44,214.02,262.92,79.22,73.66,255.57,253.38,324.82,115.34,263.68,315.88,169.75,75.83,201.66,128.98,151.0
2001-08-30,208.81,171.41,144.08,293.34,107.69,111.98,57.88,184.83,172.87,159.37,94.89,256.24,116.06,110.17,122.44,179.87,206.58,135.87,254.25,107.24,126.79,79.06,121.83,257.96,154.41,178.12,168.1,148.88,374.67,314.78,154.31,230.96,327.28,320.79,251.05,233.31,402.66,215.58,270.16,78.26,73.25,258.15,257.58,323.97,116.07,262.9,314.07,169.13,76.83,202.36,128.64,151.41
2001-08-31,210.55,172.55,144.47,292.42,108.47,113.32,57.59,184.62,174.33,159.81,94.66,257.68,115.34,109.9,122.67,179.65,202.91,136.79,256.75,106.81,128.77,79.74,119.13,258.81,157.01,179.5,170.24,146.93,373.57,316.28,154.69,232.6,325.76,321.28,253.21,230.65,408.92,218.45,268.69,77.73,74.79,255.26,255.75,328.79,115.88,259.0,316.58,167.35,77.33,202.49,129.15,152.2
2001-09-01,210.44,172.25,145.23,287.4,108.17,115.83,56.73,185.79,175.72,160.48,91.98,254.36,117.05,110.6,124.05,180.08,202.95,136.29,257.04,103.13,126.7,80.38,120.02,257.64,157.86,184.22,168.1,143.77,373.52,320.13,152.85,232.04,330.82,314.26,251.0,229.21,414.62,214.86,268.08,77.38,74.29,256.69,254.07,330.67,115.58,258.93,323.94,168.42,77.3,204.18,127.6,152.04
2001-09-02,211.04,171.43,143.77,286.06,108.88,116.34,56.59,186.7,179.78,158.76,89.94,259.33,117.01,111.34,125.37,181.31,202.88,137.0,258.94,105.07,126.02,80.29,118.23,261.78,154.24,182.85,167.05,140.73,368.92,315.87,153.63,229.51,334.38,314.5,252.48,233.28,411.26,215.2,268.99,78.04,73.14,252.91,255.15,328.17,116.54,258.3,326.91,168.6,75.57,205.54,126.57,152.56
2001-09-03,212.25,170.62,142.92,282.63,107.67,114.81,56.58,185.98,179.92,156.8,88.86,261.59,117.87,111.88,124.93,182.33,205.12,137.21,256.36,103.72,126.06,80.09,117.82,265.76,153.28,186.01,169.79,141.1,372.94,315.78,154.96,232.06,341.22,308.29,251.24,233.01,413.44,214.62,268.33,77.66,73.23,247.35,252.98,321.61,114.88,258.93,330.33,168.47,76.69,203.88,128.32,152.01
2001-09-04,210.01,171.25,141.51,286.23,107.46,115.15,56.82,187.34,179.68,154.93,89.24,259.98,116.89,112.46,125.77,184.77,206.27,138.45,258.55,105.35,128.31,78.46,118.07,264.74,154.04,185.28,170.04,139.56,374.04,318.9,155.12,234.42,338.22,309.33,255.08,234.04,411.59,214.15,266.84,78.18,72.84,246.9,249.75,319.35,115.09,256.12,330.38,168.11,76.76,203.52,127.13,151.26
2001-09-05,212.84,168.83,140.09,287.13,109.18,113.81,56.51,187.49,181.34,155.74,88.87,256.41,118.71,112.67,123.99,184.58,206.11,139.36,254.9,106.21,127.34,77.67,116.96,267.01,152.87,183.56,169.12,137.15,374.5,315.29,156.92,236.79,341.01,307.58,257.96,233.27,412.27,216.6,264.68,79.14,72.7,248.77,246.32,327.38,115.24,256.06,327.0,168.97,75.45,199.88,127.47,151.82
2001-09-06,212.34,168.78,139.44,288.03,110.16,113.04,56.41,189.83,181.11,155.12,90.68,255.66,118.78,112.89,121.66,183.09,207.72,139.61,258.19,106.11,127.08,78.18,120.45,266.74,152.52,187.81,169.09,138.55,378.34,318.38,155.79,233.96,345.07,306.42,260.58,234.95,415.2,214.28,263.23,79.92,71.73,247.86,242.69,327.73,114.47,257.89,329.47,168.38,74.75,199.75,129.27,151.21
2001-09-07,214.36,167.46,140.61,288.44,109.84,113.39,55.95,189.74,182.5,157.51,90.68,255.13,119.3,112.87,121.74,181.76,206.06,137.08,254.19,106.3,125.29,78.52,120.32,268.24,153.5,187.37,170.55,138.35,375.6,323.73,154.35,231.75,349.07,303.66,259.0,238.52,418.07,213.71,262.12,80.22,71.66,245.67,244.49,323.94,113.64,256.96,332.13,168.38,75.21,200.52,130.31,151.86
2001-09-08,216.74,165.83,139.91,286.27,112.33,115.72,56.48,187.56,185.56,156.76,91.05,255.52,117.64,113.39,122.44,182.93,204.92,135.98,254.66,105.25,124.62,77.03,119.64,268.78,153.03,190.24,172.9,138.57,372.71,319.44,153.72,235.16,351.17,311.05,258.59,241.0,414.84,217.44,264.24,80.81,71.2,244.75,243.81,321.89,115.22,252.82,331.02,168.65,76.1,202.46,131.6,150.88
2001-09-09,214.78,168.49,140.28,286.03,112.55,115.18,57.77,186.41,183.6,154.01,91.8,255.61,119.6,111.22,122.63,184.47,204.02,135.32,258.09,107.19,126.5,76.47,119.08,265.64,151.85,189.85,175.53,137.94,364.94,314.46,153.26,232.8,353.02,308.97,255.6,242.15,409.02,218.14,264.5,80.4,71.48,246.21,245.33,323.73,115.52,246.8,335.93,169.45,76.33,202.29,129.51,149.8
2001-09-10,212.65,167.97,139.9,286.04,114.32,111.94,58.28,187.01,185.9,152.76,92.49,260.72,121.21,110.38,122.84,184.38,199.39,135.47,258.29,109.12,127.24,77.32,119.49,263.26,152.4,192.1,178.33,134.75,360.97,314.72,152.84,238.22,349.39,307.42,254.37,245.91,409.91,220.44,264.01,81.65,71.71,249.06,240.67,319.61,115.41,245.32,337.17,168.55,76.33,203.07,130.93,149.91
2001-09-11,211.07,166.2,138.81,283.81,114.6,113.08,58.63,186.8,184.99,151.14,91.39,257.89,120.62,109.33,124.2,186.24,199.96,136.62,259.46,107.86,126.77,77.44,118.78,259.88,152.27,195.03,179.43,132.04,359.08,320.32,153.92,234.28,345.03,307.42,251.5,242.0,406.65,215.93,266.65,81.87,71.68,249.15,239.03,317.84,114.97,246.52,334.3,166.95,76.17,205.36,128.62,150.73
2001-09-12,211.15,163.44,137.5,280.71,114.99,111.76,58.36,186.94,185.23,151.42,92.36,258.91,122.42,108.32,123.41,188.36,200.82,136.88,258.62,107.53,126.27,76.31,116.68,258.95,151.25,194.0,179.21,131.4,361.76,322.71,153.46,236.8,347.04,306.21,254.43,240.84,402.31,214.59,267.41,81.91,71.8,252.63,239.37,319.5,115.38,244.42,330.05,168.78,77.19,204.93,126.95,147.98
2001-09-13,214.08,165.03,138.31,285.05,118.07,109.2,58.17,187.39,183.56,150.71,91.5,258.82,122.78,109.81,122.41,189.58,203.44,135.84,259.77,108.28,125.63,75.73,116.17,260.64,151.58,196.67,175.17,131.42,362.16,316.12,153.05,233.0,344.77,307.56,256.87,240.88,402.92,212.09,269.39,83.39,72.5,248.35,243.62,322.35,116.08,240.88,330.27,169.31,76.63,202.76,127.65,147.13
2001-09-14,212.79,163.86,139.27,285.51,119.14,108.7,58.76,189.01,183.7,151.02,91.39,263.92,124.32,110.41,122.4,189.46,204.09,135.2,262.35,107.01,125.24,76.48,118.24,261.29,149.39,198.76,175.44,133.33,360.37,313.97,154.65,230.91,347.0,306.34,254.18,239.92,401.0,214.87,266.07,81.75,73.09,250.68,243.33,324.84,117.17,244.06,326.4,165.78,76.6,203.12,129.82,147.65
2001-09-15,213.14,165.1,137.47,283.64,119.37,108.5,59.41,190.8,181.86,148.27,91.14,265.31,123.45,109.45,122.86,188.47,205.9,136.3,261.09,105.48,122.69,74.87,120.15,263.95,148.64,201.16,174.69,133.89,359.7,314.83,155.34,235.86,341.71,306.44,255.04,240.83,395.86,213.58,270.84,83.17,72.37,251.84,243.84,324.52,117.76,242.37,326.97,164.37,75.83,204.99,130.51,148.96
2001-09-16,212.65,163.28,138.32,282.17,118.38,109.01,58.84,191.77,180.91,147.59,90.31,264.75,120.21,109.48,122.64,188.95,207.41,135.04,260.7,106.27,120.89,73.79,119.81,263.91,149.2,201.44,176.82,134.84,360.78,319.29,153.76,235.58,340.63,301.97,252.84,241.8,395.87,212.07,269.4,83.14,71.03,246.17,242.32,327.58,116.81,243.43,327.79,164.46,75.5,202.67,130.86,147.2
2001-09-17,211.93,161.33,139.32,290.61,119.43,110.6,58.87,188.66,181.55,147.13,90.6,261.34,121.24,109.22,123.29,189.08,203.61,133.35,260.52,105.73,121.87,73.05,117.6,264.31,148.74,203.34,177.17,135.01,363.22,319.6,154.68,232.38,339.25,300.88,248.88,239.66,393.66,210.72,269.97,83.92,71.76,243.02,244.0,329.8,115.45,244.85,330.47,167.39,73.67,206.58,132.63,144.68
2001-09-18,212.97,162.56,139.64,291.52,120.28,112.98,58.21,189.54,181.12,149.18,91.65,262.77,121.17,107.66,123.49,189.42,203.37,132.7,263.87,105.25,118.74,73.62,118.27,264.63,148.29,209.59,177.08,135.33,358.56,320.42,154.37,227.96,338.27,302.02,242.65,234.14,387.32,206.8,266.04,84.51,70.37,238.93,243.15,334.52,115.84,247.3,335.56,167.7,73.39,205.83,134.43,144.06
2001-09-19,214.5,163.42,141.29,291.9,119.93,113.89,57.37,191.04,180.72,146.51,91.15,263.72,122.23,108.55,121.65,186.7,206.59,132.44,261.19,105.01,119.11,72.74,119.02,264.1,149.13,210.66,175.66,134.76,365.37,316.43,154.39,227.11,341.92,304.85,244.33,234.51,387.62,205.16,264.73,84.43,69.89,239.6,244.83,331.22,115.91,246.83,333.82,169.52,73.34,208.31,134.6,145.9
2001-09-20,211.91,160.16,139.11,295.87,118.72,113.02,58.03,192.51,180.18,145.27,91.59,269.44,122.01,105.96,123.3,185.12,207.81,132.02,264.47,104.99,120.32,74.02,118.3,260.95,148.52,212.9,175.12,134.05,363.78,321.09,153.29,228.91,349.96,306.22,244.83,236.29,383.29,205.34,258.71,84.58,70.21,240.91,245.07,333.35,115.43,246.89,337.22,170.25,73.77,204.81,136.27,145.29
2001-09-21,215.21,162.01,138.98,297.33,119.8,112.03,58.67,190.12,183.4,146.85,91.66,269.16,120.01,107.26,122.5,184.46,206.11,131.4,265.52,104.23,119.69,73.31,118.24,264.99,146.15,209.6,178.15,132.03,358.83,320.87,153.56,231.59,343.34,307.46,248.03,238.16,386.25,202.85,253.34,83.8,70.18,241.25,244.85,332.71,114.75,249.91,343.14,168.34,73.5,207.23,136.68,142.33
2001-09-22,219.88,159.78,139.58,297.83,120.96,112.42,59.34,191.47,185.15,145.19,92.21,272.34,119.27,107.53,122.22,182.63,209.25,129.24,265.2,103.14,121.87,74.02,118.21,266.75,146.57,213.34,177.28,132.73,358.68,318.21,153.24,227.54,343.22,308.72,244.57,243.72,389.8,202.78,251.56,85.18,71.15,242.12,237.22,333.54,113.17,251.28,344.19,166.48,73.82,208.46,136.69,141.38
2001-09-23,223.25,159.33,137.53,294.25,122.18,114.94,59.42,193.82,182.82,143.79,92.14,274.28,120.01,105.85,121.18,182.04,207.92,128.14,268.52,103.76,121.43,74.8,118.13,266.02,147.36,213.25,176.84,133.19,351.87,314.11,156.96,226.67,342.38,307.32,239.97,245.05,388.76,201.33,252.04,84.27,71.0,240.66,234.52,332.7,112.64,251.3,345.49,166.48,72.84,204.42,137.81,140.1
2001-09-24,224.43,159.73,136.7,295.05,120.47,115.53,58.29,196.34,185.0,145.44,92.77,275.02,120.53,105.72,120.69,186.43,203.51,126.95,264.58,104.24,119.32,74.63,118.78,265.04,147.02,213.87,175.04,134.27,350.07,314.97,158.23,229.21,335.56,310.97,240.32,247.57,388.86,203.43,256.47,84.8,69.98,242.56,236.0,325.57,112.39,252.16,343.57,166.42,72.39,203.2,138.37,139.78
2001-09-25,226.16,160.18,135.94,297.36,119.09,115.6,57.62,195.83,185.72,144.97,93.14,271.04,120.68,105.25,119.09,187.24,200.73,126.56,262.7,104.37,119.64,75.41,120.03,267.98,146.5,214.87,177.14,133.12,357.4,311.74,156.38,227.51,337.83,308.96,242.54,243.03,390.31,206.36,260.75,84.7,70.64,243.02,237.3,320.97,112.06,253.93,339.94,168.75,71.57,203.54,139.11,140.11
2001-09-26,225.5,159.63,134.79,301.13,120.73,115.1,57.58,195.49,184.96,147.59,94.14,273.37,120.56,106.22,117.96,190.13,200.39,127.57,264.66,104.63,119.02,75.8,120.85,269.84,147.61,217.77,175.35,130.66,349.97,315.55,156.38,225.26,333.94,306.96,243.61,240.67,390.48,206.95,260.07,85.88,70.91,239.67,237.69,319.35,113.36,253.43,335.15,169.86,72.38,205.87,138.14,141.23
2001-09-27,224.88,159.08,133.52,307.69,119.78,115.18,58.5,195.73,184.32,145.84,93.2,273.94,120.85,106.89,118.41,191.06,202.24,125.79,265.25,103.43,118.82,75.96,122.69,268.75,147.81,219.11,173.46,131.07,353.6,318.78,156.72,220.93,332.41,303.99,244.23,236.68,391.09,207.61,259.36,86.84,72.08,242.45,237.76,317.4,111.9,251.99,337.24,170.78,72.71,202.95,136.77,139.59
2001-09-28,225.7,159.99,133.33,310.87,121.29,112.99,57.93,193.39,185.2,148.3,93.92,274.11,122.04,106.81,119.45,190.73,205.78,126.87,270.09,102.25,120.8,73.7,123.02,269.63,146.97,222.97,177.52,130.79,351.35,326.91,155.6,221.05,331.04,304.11,242.9,237.69,394.4,211.53,263.45,87.27,71.8,246.88,239.09,319.07,113.53,249.64,338.22,169.66,71.75,202.21,135.96,137.9
2001-09-29,225.11,160.28,132.12,317.92,122.11,113.72,58.61,193.3,185.36,147.99,94.41,274.34,122.7,109.06,122.68,190.94,203.27,127.28,272.25,102.43,120.64,72.83,124.22,272.12,147.49,218.67,173.8,132.48,358.1,331.48,154.13,220.77,330.14,305.38,244.27,238.66,397.67,211.66,265.28,86.99,71.88,247.12,243.27,316.11,113.61,251.08,340.32,169.35,71.05,201.38,134.19,140.56
2001-09-30,225.54,161.67,134.25,318.51,122.31,110.52,57.99,193.11,186.69,148.03,93.78,275.3,122.98,110.72,123.49,189.99,200.85,125.16,273.48,102.66,119.8,72.58,125.58,271.18,147.82,218.78,171.77,135.17,352.66,331.24,155.22,215.97,331.0,306.5,244.02,242.31,395.48,208.11,265.29,86.81,71.85,253.68,244.69,314.42,113.21,250.87,340.0,169.05,70.62,199.85,135.63,140.8
2001-10-01,227.92,163.86,133.26,316.64,123.38,110.67,58.62,193.84,187.2,147.28,95.34,269.42,125.66,110.77,125.11,189.26,199.89,124.5,267.45,105.12,121.12,72.14,125.5,275.11,146.06,217.82,171.33,133.33,358.12,329.64,154.48,213.56,332.35,307.05,244.47,243.17,393.27,204.73,267.27,87.17,72.23,249.01,245.06,316.47,114.02,252.5,340.96,169.55,70.09,200.86,136.33,141.24
2001-10-02,228.34,165.11,133.68,315.08,125.55,111.88,58.55,191.79,187.5,149.98,96.79,272.5,125.52,110.74,123.65,187.14,199.5,123.49,263.3,107.23,120.71,72.85,124.43,274.46,144.4,209.65,168.47,131.32,354.68,324.84,153.58,213.39,331.81,308.33,239.4,243.07,401.0,205.57,268.49,87.54,73.65,244.7,242.7,312.71,113.76,250.86,339.74,166.79,70.02,203.85,133.92,142.33
2001-10-03,225.92,162.37,135.27,314.96,126.99,111.46,58.8,192.26,187.56,150.6,95.82,274.6,124.26,111.47,122.19,191.39,199.79,121.95,259.75,106.91,121.27,72.25,125.39,274.52,142.09,212.01,167.1,131.69,358.11,323.15,155.31,213.58,329.53,310.29,235.19,237.69,392.92,203.39,270.24,86.79,74.03,242.85,243.06,314.4,112.77,247.96,338.48,164.4,70.53,206.02,134.97,143.65
2001-10-04,228.57,158.29,134.92,311.89,127.88,110.53,59.19,190.82,186.63,153.19,94.91,270.73,121.54,111.63,121.95,187.07,198.09,122.32,264.58,106.04,118.99,71.43,125.07,273.73,141.41,212.14,167.07,133.48,362.46,317.57,156.2,214.61,322.71,311.12,234.8,239.23,393.09,205.72,274.23,86.75,74.88,239.1,244.85,313.41,112.86,249.75,345.14,164.41,69.99,206.03,135.26,147.93
2001-10-05,231.4,158.68,136.12,312.05,128.2,112.84,60.56,188.09,186.69,152.45,96.01,273.13,121.21,111.3,124.59,187.36,197.35,121.97,263.66,108.36,118.96,70.76,123.11,273.56,141.46,211.13,167.99,135.19,366.24,320.46,156.01,210.03,323.04,312.81,235.79,237.1,398.43,209.02,273.98,87.1,75.43,239.14,244.79,311.14,113.16,253.15,346.41,163.81,70.24,203.49,136.51,147.79
2001-10-06,231.97,157.52,136.28,309.56,128.58,111.7,60.46,186.02,185.56,149.72,95.28,268.39,121.83,111.96,124.63,191.37,194.63,122.07,264.65,107.77,119.1,72.0,125.05,271.65,143.74,211.84,166.06,135.81,369.51,320.43,156.98,211.01,321.77,311.71,234.01,234.1,403.08,204.97,273.28,86.59,75.82,240.92,242.59,315.98,113.77,255.25,340.84,163.64,70.8,206.62,138.87,146.79
2001-10-07,229.81,156.26,137.39,316.03,129.86,111.34,59.81,186.32,183.55,148.03,96.83,269.93,120.56,112.77,124.04,193.61,193.16,122.26,264.17,107.22,120.27,71.79,126.39,269.15,143.06,209.91,167.33,134.33,368.6,320.18,155.96,215.07,320.84,312.49,233.95,233.01,407.33,206.9,273.66,86.66,75.6,240.63,243.04,314.39,114.82,252.74,343.95,161.17,71.38,206.38,140.0,147.23
2001-10-08,230.02,158.89,136.99,313.29,132.28,112.16,58.91,188.63,186.71,146.62,97.03,267.68,121.59,113.35,123.02,191.72,194.14,121.98,264.01,109.44,122.2,71.3,128.21,270.06,142.8,212.72,169.59,135.63,369.99,320.38,157.64,213.81,321.75,311.26,231.67,232.79,409.82,207.31,272.96,87.93,75.76,241.37,241.07,314.31,114.16,247.77,346.17,160.44,70.6,204.85,141.16,147.76
2001-10-09,229.09,158.33,137.3,320.24,133.43,113.01,59.0,189.28,186.07,148.98,96.7,268.52,120.13,111.63,123.47,188.82,192.91,121.29,263.06,109.07,121.3,71.32,128.05,269.53,141.8,211.39,168.04,134.4,370.25,316.07,157.31,214.15,315.31,312.71,230.87,232.91,407.36,207.6,278.52,88.13,75.86,241.65,243.9,310.05,114.59,251.46,351.15,159.81,71.22,205.73,142.24,150.16
2001-10-10,229.82,157.46,136.2,314.85,133.03,113.13,58.84,190.1,188.51,147.36,97.11,268.91,119.23,112.58,124.02,190.4,192.05,120.29,263.77,110.23,119.93,70.94,125.11,272.26,140.68,209.61,169.76,136.49,375.24,312.18,155.14,213.92,313.21,313.68,225.24,235.41,408.75,210.11,278.09,88.38,77.12,239.08,247.69,310.87,114.42,248.92,350.26,158.78,70.08,205.25,142.05,151.88
2001-10-11,230.07,159.43,135.02,315.97,130.94,114.39,58.85,192.5,188.63,147.38,98.3,269.46,117.74,112.39,124.09,193.77,190.83,120.19,265.3,110.76,120.68,71.8,124.15,271.21,142.34,209.2,171.07,132.91,376.41,307.52,156.93,216.65,311.69,315.64,228.0,238.29,405.76,214.15,277.12,86.71,76.12,243.51,249.06,308.45,112.84,251.25,353.45,161.0,69.62,204.09,141.91,152.18
2001-10-12,232.41,159.33,133.24,310.02,130.43,114.52,58.78,192.68,194.06,146.26,99.8,270.61,116.89,113.62,125.7,192.67,188.56,120.16,263.02,108.99,118.67,71.8,122.89,266.82,143.93,206.88,173.53,133.26,383.76,305.89,156.15,216.54,313.55,316.15,225.83,236.06,402.86,214.89,276.2,84.97,75.57,240.83,248.24,311.55,112.4,250.03,352.76,161.06,69.27,201.13,142.76,152.61
2001-10-13,231.69,161.65,134.82,315.29,127.14,114.81,58.93,194.1,197.45,144.84,99.9,275.65,118.16,114.63,127.14,191.94,188.65,118.87,263.28,110.1,119.05,73.08,121.28,266.93,143.44,207.53,175.89,133.74,388.02,304.22,155.96,216.64,314.89,312.26,226.3,235.16,402.76,214.65,278.5,86.07,75.25,240.54,248.65,311.76,111.44,253.57,349.28,160.3,69.02,203.03,145.66,152.47
2001-10-14,233.1,162.33,134.7,313.62,128.07,116.38,58.38,192.53,198.14,145.49,98.32,270.2,116.74,113.97,129.16,193.04,189.59,118.96,264.05,111.36,120.65,73.7,122.58,263.51,142.29,208.31,176.39,135.46,383.34,305.47,154.75,213.26,312.62,311.47,225.58,233.74,402.86,215.69,283.78,83.97,75.57,243.1,249.19,310.24,111.99,253.78,340.06,157.16,67.57,201.31,145.04,151.25
2001-10-15,233.36,163.32,133.45,316.81,128.58,116.04,59.15,190.6,195.17,142.64,98.13,271.73,117.96,114.24,128.79,194.3,190.54,118.44,263.9,112.11,120.47,73.37,122.08,261.03,142.42,209.78,175.84,136.78,383.37,301.2,155.81,210.21,313.58,312.98,225.31,236.74,408.49,215.62,284.34,84.6,74.73,245.1,250.83,308.53,111.68,253.51,339.3,155.57,67.48,197.5,144.94,149.9
2001-10-16,230.67,163.35,134.25,314.7,126.9,115.99,59.56,188.71,196.75,143.31,99.85,268.52,119.13,114.06,127.17,197.67,188.04,119.21,265.01,111.43,121.87,72.96,122.34,265.09,140.86,212.62,172.27,138.9,383.81,307.66,157.03,210.75,314.92,310.45,223.91,238.22,396.64,216.58,283.59,84.73,73.8,242.36,248.9,309.41,110.5,250.26,334.65,158.14,66.67,196.53,145.06,150.08
2001-10-17,234.19,165.09,134.3,315.71,126.97,115.64,57.94,190.14,198.21,144.62,101.45,268.46,118.07,113.43,127.49,196.77,188.04,121.71,263.55,111.34,122.25,73.92,120.6,266.29,143.14,212.19,167.55,140.78,385.75,308.29,153.45,209.37,312.66,313.0,224.11,235.43,403.84,217.62,285.77,83.68,72.82,243.22,247.66,304.67,109.33,250.2,330.96,156.87,66.76,195.77,148.76,151.4
2001-10-18,234.18,163.98,133.5,319.9,128.66,114.89,57.81,191.47,196.3,144.87,100.62,269.2,118.98,114.57,127.22,194.72,187.88,120.16,262.43,111.54,121.53,73.23,120.91,262.72,142.06,214.9,167.89,141.17,381.42,310.14,152.97,209.04,314.45,310.84,222.97,236.36,399.28,218.04,285.82,83.56,72.74,245.17,251.15,308.67,108.58,250.9,328.12,156.11,66.25,193.26,148.84,150.04
2001-10-19,231.93,167.53,133.29,319.69,129.26,113.82,58.19,188.25,197.31,142.98,99.88,269.04,118.74,114.09,127.78,194.58,186.5,118.53,264.24,110.3,122.27,73.41,122.18,263.05,144.5,216.52,166.48,138.71,384.62,311.39,151.74,211.13,312.11,314.32,218.36,234.83,390.37,215.1,283.94,83.06,73.09,241.59,253.61,304.49,108.55,253.56,324.25,154.99,64.92,191.56,146.68,150.45
2001-10-20,230.08,166.23,133.66,314.87,128.93,112.98,57.73,185.22,199.24,141.6,98.61,269.83,117.05,116.03,125.0,195.68,188.38,118.04,264.69,108.15,123.64,72.74,122.24,262.54,146.15,216.99,164.72,138.49,390.58,308.95,153.74,212.43,306.88,312.23,219.51,234.96,392.37,218.02,284.73,85.08,71.54,240.4,249.17,307.05,107.41,255.79,326.97,156.1,64.91,193.1,149.52,151.18
2001-10-21,232.58,166.36,134.74,315.81,127.96,113.27,57.47,186.32,199.79,142.65,97.5,267.2,119.59,114.24,124.31,195.57,187.02,118.01,266.11,110.31,124.86,72.33,122.98,258.91,145.01,218.64,164.5,139.54,390.46,312.94,152.81,209.62,308.15,308.57,215.77,233.09,393.35,218.11,283.65,85.65,72.34,242.2,247.79,309.07,108.19,252.7,325.41,155.94,64.51,194.95,149.83,152.01
2001-10-22,230.08,166.83,134.93,315.37,129.96,112.81,57.95,183.56,203.65,141.9,97.67,267.85,117.8,115.22,126.38,193.64,187.43,116.99,264.63,110.8,125.05,72.49,123.08,259.08,145.77,214.96,163.99,140.14,386.2,312.89,151.79,212.01,305.79,310.45,213.84,233.06,385.8,217.32,281.42,85.21,71.67,241.88,245.89,306.93,110.31,252.98,328.62,155.59,64.53,193.97,149.39,150.81
2001-10-23,230.76,166.2,134.05,313.37,130.34,111.53,58.25,184.99,204.17,140.87,97.39,265.38,116.14,113.62,125.24,193.74,190.43,116.61,264.93,109.83,126.12,72.82,122.75,256.01,147.54,216.5,162.27,136.71,387.43,307.96,151.45,216.93,307.2,312.07,214.36,233.19,388.88,218.59,281.58,85.72,71.93,236.77,247.92,304.49,109.89,254.59,323.57,158.05,65.26,193.85,147.15,150.79
2001-10-24,229.42,166.71,133.1,312.14,130.24,110.75,57.18,185.12,202.54,139.44,95.2,264.04,116.8,114.0,125.22,190.85,191.72,116.16,260.67,111.27,125.65,71.44,122.26,259.77,148.01,218.41,163.3,137.83,381.64,311.01,152.45,216.1,302.96,315.4,213.56,234.74,390.27,218.86,286.94,85.16,70.78,234.78,249.97,303.9,110.57,252.01,324.98,156.73,64.55,195.12,147.59,150.57
2001-10-25,228.98,164.36,134.56,309.74,131.11,109.51,56.98,183.43,200.94,137.77,93.65,263.14,115.1,113.48,125.76,192.96,192.32,116.24,260.07,110.65,123.49,73.09,123.1,255.12,152.82,217.46,162.79,137.54,383.5,305.44,153.27,214.66,307.84,316.14,210.51,235.47,390.94,217.05,285.82,85.6,69.83,232.22,254.16,305.33,110.25,251.43,317.74,158.54,65.3,192.17,149.98,149.77
2001-10-26,226.93,162.74,133.64,310.76,132.06,109.14,56.01,185.41,199.16,136.36,93.32,267.12,112.46,112.91,127.09,191.33,191.08,118.16,262.31,108.77,123.28,72.96,125.26,252.97,148.43,217.75,161.18,138.23,376.58,307.78,154.8,213.71,308.33,318.15,211.25,238.0,387.8,216.07,284.04,83.88,70.01,234.03,253.53,310.19,111.47,254.21,318.29,156.15,65.11,193.17,150.72,148.89
2001-10-27,225.55,161.36,133.14,309.54,130.51,107.73,57.03,188.3,198.58,136.07,93.89,268.27,112.57,114.29,128.35,193.7,191.29,118.34,263.42,109.15,123.08,72.99,126.48,253.63,148.39,221.54,159.63,138.86,371.2,307.09,156.87,210.32,308.65,317.15,211.5,240.03,393.29,214.02,285.7,84.15,71.63,232.47,251.09,312.14,111.85,254.03,315.06,154.39,64.59,191.56,148.96,148.93
2001-10-28,225.09,160.71,132.47,307.77,129.32,108.96,56.69,186.48,201.61,137.32,93.72,263.44,114.8,114.51,128.49,193.64,193.74,119.63,265.02,109.21,122.9,71.94,127.47,251.13,147.85,218.25,159.09,139.62,365.38,308.22,157.1,209.66,308.2,314.68,207.36,241.48,395.41,215.68,289.73,83.15,71.55,229.51,247.16,318.26,109.3,254.56,316.05,155.94,63.59,193.21,150.5,148.45
2001-10-29,228.49,162.97,131.78,308.55,129.63,108.71,56.93,187.52,200.66,137.31,94.58,261.62,116.29,113.12,129.06,194.44,192.65,119.36,268.63,109.84,123.13,72.9,128.17,250.86,145.23,215.57,160.0,138.07,365.48,309.65,158.29,209.44,312.69,310.1,208.66,239.98,394.9,215.74,288.59,82.98,71.12,229.03,245.01,316.12,110.18,253.29,317.34,155.13,63.87,194.42,149.71,148.07
2001-10-30,232.84,163.47,130.68,308.39,131.49,110.47,57.46,190.22,202.22,136.36,95.18,260.69,116.1,114.08,127.1,195.67,193.53,117.78,265.84,110.29,122.47,73.28,127.2,250.17,144.72,214.51,159.36,137.68,361.99,308.32,160.76,211.1,314.6,310.45,207.5,243.59,394.88,213.49,286.23,83.5,71.91,228.84,247.86,315.75,108.27,254.65,317.18,156.3,64.56,191.72,149.57,147.51
2001-10-31,232.9,161.6,131.56,306.9,130.12,110.24,58.3,192.38,209.42,135.33,96.28,261.62,117.87,114.76,126.91,197.84,191.56,117.25,267.6,110.07,122.85,73.45,127.47,249.97,147.09,214.89,161.09,140.16,365.89,308.35,158.56,211.06,317.43,313.29,207.16,240.17,399.96,209.81,282.37,83.81,72.5,227.37,248.4,312.04,108.91,257.86,315.23,157.58,64.96,191.64,148.34,148.91
2001-11-01,231.37,163.15,130.66,307.68,131.5,108.38,58.45,192.5,209.15,134.67,95.64,260.95,118.59,116.18,126.99,197.76,191.01,117.23,263.46,111.06,122.99,72.69,127.37,251.2,147.15,213.05,161.14,138.28,369.25,305.82,157.31,211.64,312.01,308.66,207.66,239.04,399.19,210.33,280.55,84.64,72.54,228.15,250.6,312.51,111.21,252.97,316.83,156.29,65.49,191.96,148.58,148.81
2001-11-02,228.49,166.64,131.93,312.4,133.86,109.17,58.71,189.39,208.33,134.85,94.99,254.75,119.6,116.29,128.65,200.64,190.86,117.5,261.72,110.65,123.53,72.76,130.55,251.65,144.55,209.49,162.46,140.79,363.91,309.54,157.42,212.37,311.81,305.28,207.95,237.34,395.34,209.91,281.21,85.83,72.36,225.8,253.83,307.89,111.2,255.73,316.68,156.11,65.29,194.14,149.14,148.12
2001-11-03,227.34,167.89,130.94,307.46,134.4,108.89,58.59,190.87,209.57,132.58,95.7,253.47,119.15,116.77,128.65,199.63,188.46,117.22,263.22,111.71,121.78,73.27,131.8,252.75,144.62,209.96,165.06,142.96,362.16,308.89,157.1,212.15,310.24,308.22,209.03,237.29,398.12,211.33,278.77,86.21,71.95,223.16,252.33,308.65,110.84,255.44,320.89,155.12,65.5,194.17,150.3,151.69
2001-11-04,230.88,166.87,128.3,306.66,133.36,110.09,58.68,190.78,210.3,132.33,94.57,249.27,120.02,116.6,127.33,197.13,188.12,116.6,267.73,111.59,122.84,72.11,132.19,252.46,145.24,207.94,163.83,142.59,367.71,310.73,158.81,214.46,307.59,305.18,210.31,241.89,403.92,214.1,278.38,85.28,72.48,221.62,256.58,306.33,111.73,258.67,319.85,154.85,65.43,192.05,151.57,152.26
2001-11-05,229.25,164.79,129.48,307.58,133.15,109.56,58.32,193.11,209.49,133.15,94.02,247.92,121.41,116.28,126.51,196.62,189.15,116.97,267.29,112.48,121.99,71.79,132.95,249.37,145.34,208.55,165.24,143.79,363.54,312.94,156.33,215.0,304.75,305.24,215.25,241.59,409.11,213.84,279.54,84.0,71.68,222.25,258.53,304.67,110.29,254.9,320.17,151.81,65.11,191.36,152.46,153.38
2001-11-06,229.6,163.2,129.13,305.29,130.25,110.06,59.58,195.33,210.39,133.04,95.21,249.36,120.68,119.05,128.34,194.13,190.54,117.48,265.62,113.53,120.8,71.23,135.42,250.19,146.64,205.52,163.49,144.37,366.67,316.42,155.4,213.3,304.48,301.51,215.23,242.53,402.06,214.28,280.9,84.24,72.31,219.88,261.06,312.28,108.97,253.14,320.73,152.56,64.68,189.89,152.43,151.64
2001-11-07,229.21,166.72,128.22,306.07,133.15,109.1,59.39,194.55,208.05,132.26,95.46,253.66,121.43,119.25,127.23,194.52,190.01,117.46,266.95,112.25,122.97,70.98,134.19,247.27,146.36,206.89,164.11,147.93,369.21,317.1,156.0,213.06,304.86,301.0,210.27,242.01,400.06,211.1,280.74,84.39,72.24,216.91,256.89,310.09,111.48,250.15,330.13,152.3,65.82,192.47,153.26,151.78
2001-11-08,232.52,168.01,126.21,305.64,133.36,110.39,59.59,193.68,207.14,134.08,96.32,249.17,121.05,121.3,126.58,193.04,187.62,117.52,268.82,114.57,124.33,70.55,135.13,244.28,148.77,206.12,162.52,145.61,366.4,321.87,155.57,210.58,306.92,297.79,207.97,238.27,405.95,211.96,279.91,84.12,71.34,213.53,260.39,312.55,110.41,255.65,333.21,153.68,66.29,194.63,151.61,153.24
2001-11-09,237.2,166.77,127.89,309.32,134.04,110.3,60.01,195.64,205.15,132.64,97.17,250.0,119.95,119.16,128.16,191.01,183.76,116.7,269.78,112.95,125.84,70.84,131.92,246.5,149.15,207.14,164.31,144.05,365.68,323.19,155.88,210.9,307.38,294.94,204.33,237.49,406.44,212.22,281.15,83.77,71.5,210.52,262.24,313.44,110.43,252.19,334.11,154.73,65.55,192.29,152.25,153.87
2001-11-10,234.74,166.19,128.78,305.42,134.9,111.17,60.64,195.71,208.44,131.74,97.18,248.79,121.75,120.85,128.28,194.69,183.57,117.37,273.6,112.79,124.6,71.21,132.85,247.66,148.29,206.95,164.09,144.3,365.37,320.55,156.62,211.1,305.65,292.4,201.52,238.67,400.27,211.98,279.93,84.68,71.38,210.96,261.17,309.77,108.77,256.26,333.52,154.11,65.6,190.04,157.05,154.9
2001-11-11,237.09,165.39,129.92,307.72,131.92,112.86,59.83,199.81,211.18,132.03,96.6,248.19,123.3,118.9,128.38,195.61,182.41,118.99,275.19,113.65,124.4,72.09,131.52,244.62,149.39,208.23,161.74,146.31,363.39,319.07,156.44,214.04,306.22,293.79,199.59,235.68,394.38,211.7,278.06,85.88,72.37,213.76,259.28,311.37,108.24,253.19,333.54,156.18,66.43,186.49,158.25,155.4
2001-11-12,237.83,162.87,131.49,303.26,132.96,113.01,59.86,200.16,208.74,131.73,96.25,242.96,127.02,119.39,130.84,195.51,181.89,115.87,273.29,114.23,124.96,72.78,129.52,246.65,149.75,205.06,162.04,145.12,357.99,316.31,157.7,215.98,307.15,296.07,197.11,238.61,395.23,215.79,274.18,85.31,72.48,212.48,256.36,311.28,108.12,252.66,337.71,155.95,66.57,185.51,160.24,155.71
2001-11-13,239.33,162.44,128.82,298.84,132.21,113.14,59.99,197.87,207.31,131.59,96.65,242.85,126.13,119.97,130.74,192.89,182.16,114.27,274.28,114.78,123.88,72.15,128.12,243.22,149.68,205.1,159.94,145.92,358.1,313.97,156.22,216.28,307.42,297.53,196.05,236.87,396.06,218.76,273.77,86.77,71.25,213.36,255.46,309.82,108.91,256.76,340.57,156.96,65.71,183.04,161.92,154.61
2001-11-14,240.15,163.6,130.27,297.68,131.95,110.66,60.15,199.63,206.59,129.99,95.76,244.65,129.39,121.61,129.87,195.47,182.65,113.19,274.53,113.92,124.07,71.41,128.76,248.47,148.36,206.39,160.65,146.09,361.79,312.73,155.0,215.25,308.21,300.61,196.93,232.85,403.79,220.34,275.14,87.42,71.2,213.52,256.0,314.41,108.71,256.76,346.56,157.06,64.84,181.24,162.53,156.87
2001-11-15,238.37,164.24,131.34,296.59,134.05,112.14,60.92,200.25,209.24,130.01,97.24,245.67,129.68,123.03,128.1,195.09,183.93,113.89,275.28,114.9,122.21,70.64,127.79,251.43,148.52,206.38,160.04,145.8,369.08,319.98,154.72,213.07,312.79,300.98,193.65,234.5,402.89,220.63,278.97,87.29,71.5,211.85,256.11,313.95,108.25,260.7,344.87,157.15,65.28,183.66,161.99,157.81
2001-11-16,237.69,165.81,132.6,298.02,133.43,110.19,61.12,198.78,210.8,129.92,96.31,251.43,130.27,123.55,129.9,197.96,184.1,112.96,276.49,113.94,121.07,71.1,127.65,254.76,148.88,205.67,158.87,147.48,365.21,317.82,151.84,212.97,311.93,293.11,195.81,230.85,404.88,222.57,274.75,86.67,71.22,212.06,254.99,311.95,107.87,260.39,345.34,158.93,64.64,183.81,161.52,157.38
2001-11-17,238.71,166.75,134.79,301.08,132.9,111.28,61.9,199.24,214.13,131.35,96.33,250.22,129.42,123.91,127.96,200.55,187.31,111.21,276.78,117.23,120.68,72.13,127.47,257.35,149.35,205.43,159.37,147.16,365.0,317.81,150.87,207.2,312.3,294.97,193.02,229.82,403.2,222.4,275.44,88.31,69.96,215.88,254.49,305.78,109.56,265.54,347.66,159.05,63.88,183.14,160.8,155.28
2001-11-18,238.13,170.02,133.91,300.51,132.75,112.45,61.84,201.49,214.74,132.41,98.44,252.14,128.49,120.93,126.14,199.47,187.1,111.8,274.25,117.07,121.1,71.55,128.37,251.9,150.27,208.55,158.56,148.28,362.29,311.22,151.45,206.2,308.5,290.45,196.04,225.41,402.94,222.32,272.69,89.4,69.6,216.17,253.68,299.76,109.13,264.55,346.37,160.38,63.09,182.18,161.25,157.86
2001-11-19,240.44,168.46,135.37,300.09,134.52,112.52,61.23,202.58,213.32,131.61,97.95,249.61,129.8,122.16,125.59,203.05,187.5,113.35,273.85,116.63,121.72,71.08,128.16,255.3,149.86,209.4,156.6,148.97,358.72,306.96,152.76,204.7,311.74,287.56,196.58,226.13,404.7,221.62,277.0,88.19,70.58,215.34,253.29,297.96,110.16,269.89,345.13,160.62,63.35,181.8,161.87,157.89
2001-11-20,239.08,170.03,134.09,298.93,136.16,111.81,61.85,202.86,213.79,134.49,97.27,247.33,130.34,119.3,125.19,204.06,184.66,113.55,277.27,116.13,122.08,71.96,129.62,254.19,149.85,208.23,156.37,151.05,359.43,301.13,151.43,202.49,315.16,282.9,195.93,225.19,401.19,221.31,279.6,87.66,70.57,219.22,254.77,291.96,110.95,267.09,344.45,162.14,63.49,183.91,159.22,157.7
2001-11-21,240.38,172.36,132.91,297.83,134.65,112.16,62.5,199.46,211.99,134.82,96.78,248.72,130.73,120.34,125.83,204.62,180.51,115.32,277.1,113.66,123.55,73.18,127.92,252.09,149.52,206.52,154.5,152.84,356.91,299.88,150.1,199.12,313.35,289.77,195.97,229.21,407.03,218.31,285.1,87.83,70.4,220.83,253.42,289.61,113.12,265.13,344.55,162.75,62.12,186.75,157.82,160.21
2001-11-22,240.02,170.98,133.61,294.24,134.02,111.67,63.22,197.68,209.44,136.01,96.7,249.92,130.46,118.63,125.82,205.63,176.65,117.1,276.58,114.86,122.9,72.32,128.74,251.55,151.5,208.09,155.89,152.83,359.07,304.09,150.7,199.24,308.06,286.9,195.2,230.45,403.8,219.9,290.33,87.08,70.37,222.38,249.4,287.78,115.17,258.48,337.24,161.82,61.93,185.76,157.05,161.24
2001-11-23,240.17,168.89,131.83,293.59,132.43,111.99,62.7,197.94,204.94,134.33,95.4,252.7,130.93,118.71,127.53,204.37,177.65,116.44,272.53,115.71,121.81,72.9,128.66,257.57,151.44,205.65,155.93,150.61,357.38,306.79,149.81,200.6,309.42,289.03,194.13,227.66,402.45,220.28,290.76,87.38,70.09,219.92,245.67,284.94,114.02,257.51,337.76,161.59,61.59,185.44,158.84,161.28
2001-11-24,238.8,169.65,132.72,292.4,134.88,111.96,62.38,198.91,203.47,132.62,95.79,252.1,132.08,117.96,127.12,206.18,177.71,118.74,272.83,114.81,120.28,72.85,126.71,256.65,150.92,207.17,155.64,151.61,356.22,306.06,148.87,201.44,309.29,287.94,198.67,229.36,413.23,221.27,289.32,88.56,70.55,221.73,240.0,286.27,112.24,257.54,338.14,161.5,61.34,189.98,155.33,163.09
2001-11-25,235.11,169.26,133.78,290.82,135.34,112.05,61.11,197.42,204.31,135.05,95.77,248.26,132.48,117.89,126.97,203.94,178.79,118.54,275.18,113.99,119.06,72.9,126.42,253.14,149.68,207.11,156.64,151.66,360.45,305.92,148.9,200.52,310.04,289.9,197.31,229.83,411.5,226.03,289.2,88.25,70.36,221.87,241.06,290.45,113.56,256.39,339.32,159.54,61.39,187.15,155.97,159.56
2001-11-26,232.04,168.08,133.07,291.63,135.37,112.04,61.25,198.27,206.24,135.11,96.74,244.23,134.46,118.76,127.61,205.19,180.76,118.77,276.01,112.99,119.3,72.19,125.03,254.58,149.6,208.67,156.1,152.39,363.72,299.81,152.26,198.69,310.32,289.85,195.51,229.74,415.2,226.09,290.4,88.39,71.6,224.78,235.25,287.02,115.47,261.45,332.07,159.09,62.16,189.25,154.09,158.12
2001-11-27,234.17,170.03,130.56,289.82,134.47,112.07,61.24,202.1,206.91,133.48,96.85,242.34,132.97,118.97,128.75,205.05,181.9,117.37,274.87,111.97,119.51,74.03,124.96,256.46,148.28,208.83,151.63,151.8,362.72,299.14,149.65,198.81,320.12,289.86,193.77,225.74,418.78,226.9,293.56,88.84,71.16,220.62,237.72,288.92,116.36,262.16,333.57,159.56,61.89,191.29,156.04,157.54
2001-11-28,234.54,171.5,131.1,287.88,135.8,111.66,60.86,199.38,206.62,134.0,96.87,238.48,131.33,118.72,128.35,202.87,182.59,117.81,275.17,111.05,117.35,74.67,125.25,257.07,148.19,207.01,150.17,151.34,364.21,295.13,148.45,196.78,323.96,292.81,191.62,226.55,426.37,227.49,289.68,88.89,71.47,223.63,237.35,290.54,113.73,264.82,328.07,159.92,61.91,191.65,154.23,159.97
2001-11-29,233.26,171.19,130.4,288.53,136.71,110.85,60.62,201.51,206.13,132.41,97.3,237.14,132.46,116.19,127.2,205.52,181.95,117.52,276.27,111.64,118.54,75.05,124.58,253.82,145.87,207.33,149.51,151.92,359.09,296.61,148.37,197.87,321.4,296.33,191.53,227.73,419.32,228.28,286.3,89.1,71.98,227.25,240.93,290.0,116.01,265.73,325.35,160.93,61.65,193.86,156.21,160.07
2001-11-30,236.15,171.87,128.98,286.64,135.54,110.57,61.48,199.04,206.88,131.82,97.33,237.49,131.83,118.11,125.58,208.24,184.15,116.82,277.56,110.63,120.12,74.54,126.45,255.11,148.36,208.52,148.69,150.98,355.07,296.93,146.94,195.64,321.93,296.02,191.17,225.76,410.26,229.14,290.41,89.19,70.83,229.09,235.32,289.19,117.14,268.07,323.82,162.2,62.0,193.91,156.07,159.74
2001-12-01,234.56,170.18,130.0,285.53,136.99,111.51,61.16,200.17,209.83,132.27,97.73,238.8,132.93,115.73,125.16,207.01,182.72,117.05,278.02,109.99,119.41,73.75,125.4,260.87,149.17,210.21,147.19,150.73,356.12,301.47,146.38,195.68,320.84,298.23,191.68,226.6,407.9,230.69,292.52,88.89,70.35,226.8,234.8,289.27,115.01,266.72,327.3,159.86,61.09,193.6,157.47,161.46
2001-12-02,236.07,168.74,128.28,286.83,138.12,110.9,60.05,201.06,209.93,133.42,96.42,240.13,130.5,116.41,125.28,205.6,182.98,117.63,285.16,109.54,119.16,72.73,125.04,263.57,150.74,212.6,147.39,150.24,355.26,302.93,147.15,194.47,322.56,301.02,191.35,221.66,407.5,233.6,295.19,87.89,70.37,226.1,234.69,280.54,114.81,261.23,329.15,160.25,60.67,194.43,156.89,159.78
2001-12-03,237.43,167.89,131.36,288.4,137.13,111.19,59.49,198.97,212.05,134.88,95.36,236.31,131.59,115.39,126.38,204.34,183.14,117.35,283.16,108.97,119.61,72.65,125.01,266.75,150.08,215.67,145.88,150.33,355.27,304.16,145.56,195.54,324.71,299.38,191.51,219.49,411.18,233.99,297.7,87.85,70.56,223.46,238.16,281.78,114.11,260.59,329.42,160.16,59.25,194.81,155.63,159.7
2001-12-04,236.21,168.02,130.93,289.08,139.92,111.69,59.52,196.12,215.32,135.21,94.51,238.39,133.18,115.01,126.38,200.91,181.46,116.5,281.8,108.19,119.78,71.97,125.64,262.96,150.0,214.52,144.14,149.57,347.95,308.93,145.71,194.72,319.69,300.67,189.73,220.37,409.45,230.84,304.07,87.37,70.51,224.89,242.52,284.63,114.91,258.17,334.28,157.71,59.56,192.71,153.64,158.69
2001-12-05,236.74,166.64,129.09,290.97,139.13,113.07,59.21,195.67,214.3,135.93,93.87,236.82,133.07,115.54,126.26,201.36,181.68,116.11,284.69,107.95,121.65,72.7,124.77,264.65,148.61,214.75,142.56,150.0,349.25,308.05,145.64,195.63,310.63,299.47,190.92,219.55,406.81,231.05,309.12,88.45,70.89,222.73,241.74,283.37,113.57,262.26,327.72,158.23,59.87,192.28,153.13,156.76
2001-12-06,236.58,167.14,130.28,291.59,139.88,113.38,58.99,195.85,215.39,135.04,94.46,238.44,134.31,116.15,125.98,197.47,180.88,114.54,290.29,108.18,122.03,74.43,123.83,261.71,146.67,212.39,141.44,147.29,354.97,307.43,146.49,196.1,312.67,299.62,190.64,217.68,405.33,230.33,311.12,88.11,71.03,219.6,245.79,284.21,113.65,263.46,329.35,157.86,59.78,193.85,151.25,157.6
2001-12-07,237.97,169.4,130.81,292.45,139.43,111.91,58.61,197.6,213.85,133.56,93.63,241.09,134.37,116.3,126.77,197.43,183.34,114.53,288.02,107.62,124.21,76.08,121.82,262.95,148.24,213.34,141.61,147.8,357.69,307.15,146.39,192.84,316.16,295.01,191.39,217.75,406.76,229.0,312.16,88.74,71.21,219.08,249.71,288.38,115.01,262.12,324.78,158.18,59.27,194.98,152.67,155.58
2001-12-08,236.98,168.52,130.55,292.04,142.15,111.44,57.48,196.73,214.1,134.59,94.44,240.09,131.31,115.83,126.94,198.12,184.54,115.09,287.52,107.07,124.55,75.46,122.89,263.57,149.34,210.55,142.12,149.11,356.79,302.74,148.13,190.74,315.91,295.71,190.59,218.24,410.5,228.35,313.14,87.7,71.1,219.79,254.99,284.37,115.14,261.32,321.46,159.37,58.87,196.17,151.1,155.37
2001-12-09,235.02,167.49,129.71,295.28,142.85,111.43,58.21,195.45,211.07,135.01,93.02,237.72,131.68,118.45,127.21,198.15,185.22,116.89,288.54,106.01,124.15,73.8,121.95,262.19,149.58,210.46,145.3,147.36,358.5,303.93,148.5,189.29,312.32,296.45,189.2,221.3,416.5,230.01,307.95,88.57,71.41,222.69,257.14,283.4,114.21,259.78,316.82,161.81,59.18,194.46,152.27,155.31
2001-12-10,236.94,167.89,127.88,291.92,143.81,110.06,57.86,194.12,213.17,133.03,93.16,236.1,132.37,115.0,125.84,198.33,183.56,117.47,289.97,104.92,124.23,73.41,123.6,263.04,150.99,211.36,144.96,148.27,355.41,305.6,148.22,190.38,309.1,291.91,190.29,221.87,419.02,227.28,308.76,89.97,73.08,222.91,257.85,290.59,112.84,258.78,314.45,161.35,59.3,197.06,150.83,154.82
2001-12-11,236.22,168.6,128.79,291.8,144.91,109.5,57.76,193.92,212.09,134.25,92.44,237.16,131.59,114.95,125.2,199.06,183.69,115.0,294.16,105.44,122.75,72.74,125.56,262.98,150.96,210.14,146.14,146.74,357.19,305.3,146.6,190.49,308.0,292.87,188.47,224.13,422.73,226.35,308.3,91.15,73.74,226.77,259.94,293.98,112.23,264.16,304.24,160.21,60.41,196.95,148.07,152.34
2001-12-12,231.31,168.87,128.71,286.95,144.7,108.47,58.24,192.76,211.94,133.93,92.61,240.75,133.04,113.97,125.54,201.25,182.47,113.77,294.18,104.94,121.89,72.52,125.38,262.51,150.71,208.09,146.04,145.64,349.29,302.3,146.42,189.71,305.63,290.54,187.93,221.13,426.42,225.34,307.6,90.66,73.44,224.94,261.62,294.06,112.96,265.08,303.84,156.97,60.96,193.48,147.15,153.23
2001-12-13,231.03,167.5,126.81,281.61,147.55,109.13,57.79,192.73,210.32,132.84,91.56,240.1,131.93,114.35,127.86,197.6,181.01,112.42,285.19,106.77,122.54,71.99,123.38,267.68,149.34,208.57,148.66,146.12,345.02,300.64,145.3,187.7,307.45,287.48,187.0,223.47,421.31,224.21,303.0,91.33,72.47,226.49,263.85,294.82,113.94,264.47,308.46,156.4,60.97,194.12,147.16,151.71
2001-12-14,230.07,171.42,126.6,279.61,148.65,108.56,57.47,191.75,211.39,134.2,90.5,243.76,131.05,112.73,127.97,194.9,182.89,112.09,285.64,107.97,123.65,72.14,123.93,268.62,150.12,212.87,148.18,145.8,342.85,299.83,145.93,188.66,303.11,284.36,183.17,224.31,419.95,219.96,301.79,92.99,71.54,224.46,264.48,298.53,112.04,261.97,310.25,157.68,61.04,193.35,147.07,149.28
2001-12-15,231.84,170.55,124.69,283.53,147.13,108.44,57.12,191.74,213.11,135.23,90.33,242.49,130.58,110.96,129.27,195.08,179.9,109.65,284.67,107.74,122.94,73.14,126.34,266.47,152.23,212.01,149.41,146.81,347.01,297.73,146.84,190.61,310.33,283.08,184.35,223.92,420.73,222.49,303.97,93.66,71.93,227.81,267.56,299.07,110.44,263.81,306.59,159.12,61.52,191.77,145.86,150.2
2001-12-16,230.62,168.58,124.2,285.9,146.15,109.35,56.93,190.03,216.85,135.3,90.23,244.87,129.43,110.9,130.25,193.61,177.55,107.14,281.86,108.01,122.47,73.88,128.07,267.22,152.56,213.45,150.34,148.55,347.98,295.33,146.64,190.19,308.1,280.85,183.31,226.16,421.52,219.0,303.1,94.88,72.39,227.36,266.28,299.4,110.43,263.04,295.86,159.22,61.46,188.43,145.88,148.76
2001-12-17,227.71,170.76,122.87,283.31,147.08,108.66,57.71,189.55,216.96,136.34,90.56,241.31,129.43,110.86,128.74,191.78,177.73,107.63,289.11,106.11,123.17,75.39,127.64,267.38,151.34,212.74,152.2,147.18,350.42,295.88,145.27,189.89,311.11,277.63,184.04,229.94,417.07,217.28,307.34,96.15,72.28,227.18,269.15,299.08,110.18,261.48,292.72,160.01,61.06,188.18,148.71,147.93
2001-12-18,229.07,168.66,124.13,280.22,149.39,110.25,57.59,187.89,217.33,138.07,89.45,243.34,129.41,110.17,127.1,188.71,178.03,107.99,287.5,106.27,123.24,74.75,128.72,266.46,153.06,214.74,150.84,147.21,346.16,292.98,145.62,189.99,317.39,272.69,186.74,230.03,416.67,217.05,305.32,94.98,71.75,227.86,271.53,293.15,111.07,262.26,290.99,160.31,61.02,186.64,147.67,151.85
2001-12-19,229.87,168.2,123.46,274.72,147.23,110.01,56.89,189.1,214.73,139.95,89.32,242.92,128.43,109.86,127.24,187.66,175.35,108.8,285.61,108.38,123.42,75.72,131.92,268.48,150.64,215.03,150.69,148.72,347.0,290.27,147.6,191.44,319.25,273.89,183.28,227.06,410.94,215.17,301.64,95.44,72.64,225.94,274.41,295.18,111.86,260.69,293.51,160.89,60.91,187.41,149.01,154.75
2001-12-20,227.07,169.33,121.73,272.39,149.29,110.0,57.45,188.39,215.76,141.26,89.87,238.42,127.69,108.27,126.84,187.03,177.74,108.42,284.73,108.52,122.54,75.39,132.32,270.17,149.56,214.54,148.21,151.42,345.37,292.48,145.05,194.3,311.64,273.93,183.72,228.14,412.3,212.91,301.34,94.33,71.07,222.7,277.67,294.73,113.14,264.64,294.96,161.53,60.4,186.99,150.32,152.21
2001-12-21,231.07,168.76,121.17,272.09,149.01,109.4,57.46,190.97,216.71,139.96,90.44,239.44,128.36,108.04,124.92,183.76,177.41,109.56,288.24,108.06,123.58,75.39,134.0,271.57,147.3,211.65,146.79,149.24,348.13,290.46,144.44,193.75,309.86,278.5,183.57,229.42,415.37,211.53,302.82,92.62,70.82,220.47,281.18,296.06,112.02,263.21,293.41,161.35,60.61,184.22,151.93,150.4
2001-12-22,228.12,169.21,121.88,269.44,148.81,110.42,57.89,187.22,221.06,140.5,90.06,240.83,127.71,106.21,122.86,186.19,178.21,109.59,287.74,107.38,124.16,75.23,136.57,271.66,145.75,213.05,148.78,148.14,346.81,289.55,142.76,194.04,308.54,278.41,187.04,228.1,411.56,211.01,300.34,92.0,70.65,220.84,280.59,297.34,111.99,263.36,287.37,160.62,60.81,183.0,152.86,149.61
2001-12-23,221.32,168.49,120.12,270.95,149.15,108.85,57.71,190.39,224.22,141.32,90.88,238.99,126.97,107.08,122.9,183.52,177.33,108.89,289.49,108.21,123.41,75.36,133.87,270.5,144.4,215.85,148.02,147.34,350.02,286.17,143.33,193.24,307.51,278.72,188.55,230.43,410.92,212.07,300.81,92.14,70.33,222.65,279.99,296.78,113.71,260.0,282.1,157.51,60.63,184.22,151.56,150.21
2001-12-24,226.42,170.98,120.0,273.98,150.13,109.93,58.37,190.23,225.24,141.17,92.99,237.41,129.57,108.32,121.98,185.32,179.4,110.12,295.35,106.6,121.61,75.24,136.2,275.7,143.85,217.32,147.27,149.87,349.65,287.44,142.66,194.19,306.95,278.14,188.81,229.56,413.15,210.61,301.55,91.85,70.63,220.68,281.45,296.67,115.13,260.08,285.26,157.92,61.33,182.23,152.17,148.23
2001-12-25,223.62,169.83,118.15,272.9,150.99,110.92,58.33,188.34,224.03,140.21,94.02,234.54,130.6,107.35,121.05,181.11,180.79,110.14,299.51,108.5,121.41,75.92,135.42,278.14,141.46,215.37,145.2,150.56,346.1,287.63,141.59,193.63,310.5,277.59,187.32,226.98,414.42,210.7,301.45,93.18,68.82,220.82,280.36,298.53,115.25,256.46,286.46,157.32,61.07,181.25,152.64,148.57
2001-12-26,225.92,171.08,120.21,274.58,152.32,110.75,57.99,191.08,224.88,141.27,94.56,233.38,130.09,104.87,122.2,180.89,180.28,110.34,297.67,109.49,121.1,75.39,135.06,279.32,142.54,220.94,147.73,148.82,347.52,289.88,141.78,192.66,313.32,277.91,184.06,224.48,410.09,208.91,301.63,93.22,68.9,223.68,278.46,301.75,114.74,254.81,285.54,156.5,62.24,182.64,153.6,148.84
2001-12-27,228.3,169.53,119.63,278.51,153.99,110.59,57.7,192.58,223.67,142.73,94.28,235.34,128.26,105.67,121.33,182.02,179.69,110.92,299.24,110.06,120.88,74.81,135.5,280.57,140.61,222.39,147.06,149.05,351.45,293.82,143.95,191.38,311.42,277.37,183.72,223.98,407.67,208.62,303.12,92.67,68.31,218.32,275.64,305.52,115.31,252.04,287.48,156.88,61.61,183.45,154.25,148.99
2001-12-28,223.87,168.33,118.67,281.55,152.17,109.66,56.81,194.56,222.07,141.82,94.18,233.54,130.54,104.24,120.93,180.26,180.76,111.23,298.84,110.74,120.12,73.97,135.5,277.15,140.3,222.99,148.2,150.24,350.52,292.79,144.18,194.4,305.19,278.45,185.42,225.71,408.93,209.66,305.16,92.31,68.14,218.1,272.21,306.21,115.98,250.45,286.08,155.93,62.74,182.12,157.55,147.68
2001-12-29,223.95,169.16,119.81,279.69,152.65,110.16,56.32,192.11,221.73,142.94,94.48,233.37,131.56,103.7,120.1,178.68,179.42,109.22,298.16,110.48,119.63,74.84,134.42,276.06,140.86,219.66,148.21,151.99,349.5,294.51,140.47,192.42,311.24,283.53,186.14,223.31,406.09,209.02,307.63,92.21,67.16,219.33,274.54,302.38,117.34,248.58,291.68,153.16,62.43,183.49,156.4,149.69
2001-12-30,226.65,167.19,118.24,279.8,151.8,110.88,55.56,191.65,224.37,143.58,94.4,234.7,130.71,103.15,120.87,179.76,178.87,108.76,296.9,109.77,119.29,74.46,133.4,275.2,140.28,219.88,147.96,151.93,349.58,295.85,140.0,194.33,307.25,283.05,187.51,223.12,411.61,206.77,307.56,91.93,67.86,220.71,279.48,305.15,118.97,249.16,286.21,154.07,62.51,185.53,156.95,149.63
2001-12-31,227.35,165.36,117.37,283.83,151.19,110.3,55.03,189.35,226.06,144.81,93.51,234.49,131.68,103.42,121.44,178.36,176.66,108.81,292.54,111.34,118.04,73.24,134.22,276.0,138.35,215.66,146.53,150.37,348.42,294.04,138.87,195.44,303.1,283.78,188.0,225.76,412.0,206.8,313.22,91.67,67.34,218.5,279.34,305.53,120.21,252.84,284.2,152.41,62.78,183.21,159.11,149.71
2002-01-01,227.78,164.19,116.23,285.45,151.0,112.23,55.64,187.6,224.2,143.81,93.42,233.33,131.26,105.2,120.45,177.4,175.43,108.64,286.91,110.31,117.66,73.28,132.48,277.9,140.22,218.3,146.2,151.76,351.01,294.13,140.81,193.41,302.33,283.71,193.41,223.29,413.5,205.27,310.93,93.48,68.94,221.61,278.46,306.04,121.9,253.51,284.2,150.65,63.03,180.3,159.9,152.05
2002-01-02,229.07,164.21,116.87,286.68,152.53,112.38,55.52,185.62,224.44,141.01,92.94,232.62,130.94,104.08,119.78,176.73,176.08,108.97,288.69,109.49,117.4,73.92,132.26,281.5,142.23,221.23,145.98,152.33,348.17,288.35,142.07,190.36,302.05,287.03,194.17,219.77,414.11,203.92,313.29,92.87,70.19,221.52,279.59,307.7,123.94,256.8,286.73,151.52,64.26,178.43,159.29,151.74
2002-01-03,231.83,162.03,117.1,288.6,151.74,112.39,55.84,185.31,225.99,142.48,94.43,229.91,127.56,104.64,120.62,178.84,175.75,108.9,286.92,109.13,117.8,74.02,132.91,284.65,144.19,218.8,146.59,151.06,343.53,289.06,142.17,189.01,297.94,289.18,192.14,220.42,415.06,202.55,312.97,93.05,70.09,222.68,276.58,306.59,125.92,256.17,280.81,151.57,65.14,177.71,155.63,149.21
2002-01-04,233.86,159.95,116.49,286.88,152.14,113.09,56.03,185.73,224.57,141.19,95.78,232.19,128.61,103.61,122.47,178.41,175.26,109.44,286.46,109.86,117.95,74.98,134.41,281.3,145.35,221.8,147.74,150.29,342.79,288.0,143.2,191.15,299.47,288.59,194.47,220.1,411.15,201.9,315.54,93.02,69.3,221.64,278.78,301.92,127.7,252.34,280.07,152.06,65.97,175.08,156.57,149.61
2002-01-05,233.54,158.88,117.51,290.51,154.67,112.69,56.66,186.19,222.98,142.26,95.91,233.76,127.92,103.03,123.24,181.24,176.45,109.02,287.88,108.95,117.78,74.62,137.2,280.4,148.99,222.17,145.19,149.75,343.21,287.14,140.42,190.1,296.53,291.4,194.76,218.6,411.9,201.08,317.2,93.97,69.25,226.46,277.88,301.11,129.56,252.72,284.48,151.47,65.8,175.54,155.25,148.29
2002-01-06,232.96,156.68,117.09,287.73,155.4,112.34,57.32,185.89,221.29,142.31,94.82,234.24,127.5,100.96,124.09,182.33,177.34,109.07,290.61,109.27,117.55,74.59,136.55,282.15,150.43,221.85,142.37,148.52,345.91,287.96,142.34,192.4,295.63,289.63,191.83,215.3,404.0,201.35,321.4,93.27,70.49,229.91,277.53,304.49,130.74,249.74,287.39,151.75,64.4,179.08,156.95,148.47
2002-01-07,233.97,155.47,117.34,288.38,154.59,114.45,58.01,183.6,220.9,141.06,94.2,232.88,128.33,99.83,123.8,181.33,179.47,110.12,291.3,108.07,116.65,76.16,137.75,283.55,147.71,218.45,142.45,149.07,342.32,280.59,142.3,190.97,295.38,292.34,189.49,214.02,404.75,200.07,324.36,92.33,72.05,229.02,275.86,302.46,129.75,250.5,285.35,150.55,64.18,180.14,155.39,148.5
2002-01-08,232.53,156.95,116.65,285.28,154.75,115.26,57.29,186.04,223.1,141.07,95.76,231.59,126.11,99.22,123.56,185.62,177.78,110.59,292.87,106.83,116.44,77.08,138.67,281.01,147.47,218.33,145.32,149.98,339.99,280.33,143.01,188.95,295.13,296.27,188.35,214.17,401.31,197.91,323.51,91.77,71.37,228.8,271.23,302.88,129.25,248.37,289.03,149.01,63.54,181.08,154.26,145.71
2002-01-09,230.54,155.3,116.9,284.09,154.55,114.8,57.9,185.71,220.87,142.16,95.02,231.11,125.08,100.94,121.75,184.23,177.25,107.32,294.05,108.55,117.44,76.24,137.12,279.65,150.83,218.02,145.1,152.04,337.51,282.86,144.37,191.99,291.34,299.47,189.48,217.15,406.36,197.7,322.61,91.09,71.25,229.29,268.11,302.41,127.87,249.88,288.48,148.19,64.15,179.88,153.1,146.76
2002-01-10,234.08,156.6,117.03,284.68,153.35,113.11,57.43,187.37,220.52,140.63,93.86,229.86,123.7,101.46,122.6,186.67,175.08,107.41,294.24,106.87,117.28,76.82,136.51,281.14,154.6,217.02,146.29,150.66,341.9,285.02,147.94,192.11,297.97,293.54,190.69,217.7,406.1,198.3,323.32,90.91,70.0,227.98,266.95,296.65,129.32,253.33,289.44,147.35,64.14,177.2,151.62,144.6
2002-01-11,230.41,157.91,116.86,284.03,153.1,113.15,57.65,187.17,219.73,138.89,95.64,237.19,124.23,101.29,123.77,187.06,174.52,108.08,296.92,107.07,118.8,76.21,135.62,283.85,153.94,214.95,146.87,152.03,343.05,285.67,146.56,192.6,301.02,295.72,192.46,218.11,410.51,196.09,323.98,90.09,69.24,227.52,261.78,303.3,127.92,253.23,288.16,146.44,63.08,176.6,150.92,144.68
2002-01-12,232.65,155.38,116.78,283.41,152.66,111.92,57.95,189.47,221.56,136.93,96.34,232.78,123.77,101.17,123.48,184.53,173.55,108.12,295.5,106.94,119.18,75.45,137.47,282.31,155.17,219.12,148.06,151.82,345.24,285.96,148.22,187.59,301.01,294.09,192.58,219.86,411.81,194.07,320.36,89.83,69.0,227.53,263.79,304.35,127.54,252.11,288.26,147.06,62.97,175.95,150.09,145.27
2002-01-13,233.25,156.62,115.74,281.51,149.49,112.75,58.43,189.69,225.07,136.98,97.06,234.31,122.78,100.96,127.08,184.25,170.93,108.39,298.48,107.74,117.52,74.54,140.88,281.77,153.73,225.04,148.96,154.8,342.24,284.34,148.15,186.33,299.67,297.88,194.47,218.65,407.74,194.08,318.78,89.19,68.58,227.92,268.34,303.87,128.79,254.62,291.32,146.14,63.16,178.0,149.47,145.53
2002-01-14,232.98,156.85,114.72,285.49,151.46,112.61,59.31,188.39,231.61,136.0,97.57,232.86,124.52,99.4,126.62,183.97,170.32,106.03,304.59,105.17,118.93,75.02,141.75,284.34,151.56,227.97,149.81,152.8,345.65,286.67,147.58,184.65,300.11,296.85,194.59,219.34,408.0,192.49,317.77,88.01,68.58,228.03,265.48,308.37,129.74,252.45,288.9,148.15,62.82,176.55,149.33,144.57
2002-01-15,236.54,156.81,115.06,284.8,153.44,112.0,59.05,186.77,233.93,135.9,99.04,233.46,126.32,101.1,125.02,183.14,167.72,103.85,303.22,106.09,119.54,73.28,141.42,281.33,151.61,225.14,148.63,151.63,349.29,286.96,147.57,184.76,299.9,295.18,192.16,219.79,404.2,192.39,315.84,88.06,67.27,227.06,267.71,308.07,130.78,251.84,286.56,149.34,62.32,175.96,146.86,144.95
2002-01-16,239.07,157.5,114.39,287.74,152.63,112.4,59.45,190.92,236.97,139.48,99.25,235.51,127.44,101.88,124.69,181.85,167.01,104.0,304.87,106.75,118.73,73.31,142.35,279.61,150.07,227.92,148.23,152.64,349.89,291.58,146.4,186.88,299.92,294.72,196.65,219.42,402.02,193.46,318.33,87.51,68.04,221.14,267.28,315.45,130.07,252.61,286.15,150.8,62.61,176.55,145.79,147.88
2002-01-17,239.69,158.23,115.7,284.84,152.83,111.06,58.98,190.8,238.42,138.49,99.19,236.36,126.17,102.18,125.11,181.11,168.31,103.94,306.18,104.29,118.52,72.39,143.24,278.12,148.74,229.49,147.23,150.29,353.11,296.59,148.13,184.8,300.46,294.22,195.37,220.38,406.31,193.19,320.29,88.61,68.61,219.43,263.29,315.97,129.7,250.41,281.01,152.58,62.54,175.06,145.4,147.47
2002-01-18,244.64,156.16,114.79,290.65,148.17,109.84,59.02,188.77,240.03,137.35,98.54,233.63,125.12,101.5,128.04,180.25,168.05,105.19,305.53,103.01,120.01,72.05,143.51,278.8,149.12,226.94,146.89,151.82,353.1,294.52,149.62,183.3,296.06,290.76,196.47,220.16,407.69,193.0,318.22,91.01,67.15,223.09,267.64,316.62,128.25,248.42,279.01,152.4,62.02,176.51,146.21,147.86
2002-01-19,244.71,157.43,114.6,287.36,146.99,108.0,58.75,190.16,237.18,138.43,98.57,234.78,125.25,101.19,127.91,179.59,166.49,107.7,307.88,100.51,120.0,73.41,146.28,279.05,148.71,227.54,145.18,153.7,346.18,297.72,148.16,184.48,300.23,290.83,191.66,220.93,412.43,192.61,317.05,90.16,65.52,219.95,266.76,315.61,130.87,245.36,278.62,151.13,61.09,174.53,148.33,147.35
2002-01-20,243.05,156.67,114.55,288.48,146.64,109.65,57.76,190.39,234.38,140.65,99.37,235.23,127.21,101.79,128.75,178.99,164.02,107.79,311.25,100.0,120.86,72.32,145.0,277.8,149.43,230.17,144.07,151.87,348.65,300.63,149.49,188.35,301.91,293.09,193.85,223.27,409.9,191.64,313.11,90.55,66.03,216.85,261.16,319.6,130.75,244.89,279.31,150.34,61.5,176.05,147.9,149.09
2002-01-21,241.25,153.64,115.16,287.44,148.8,110.07,58.62,192.28,239.49,138.68,100.33,232.68,125.89,101.63,129.29,178.98,162.71,106.9,313.25,100.82,121.34,72.93,144.36,271.6,149.86,228.95,146.5,150.93,349.85,294.4,150.26,189.0,303.32,292.36,191.62,223.67,409.31,189.93,311.38,89.81,66.62,219.1,257.41,313.65,130.64,248.1,280.22,149.24,62.35,175.32,151.45,150.98
2002-01-22,239.45,150.99,114.37,286.56,146.44,108.41,58.71,187.54,238.13,139.74,100.04,228.16,124.79,101.1,129.27,179.12,164.33,107.62,305.76,101.98,122.16,70.85,144.54,269.84,152.17,230.79,146.59,152.71,346.58,301.35,151.16,189.0,308.69,290.99,191.07,223.27,411.98,193.51,311.73,88.69,65.43,220.59,257.94,319.85,132.89,247.16,284.61,149.47,62.45,176.5,148.68,151.09
2002-01-23,236.02,152.88,114.93,292.37,147.48,106.9,59.75,185.68,239.51,143.29,100.51,228.37,123.32,100.63,131.43,176.76,166.74,108.13,305.42,101.8,123.59,71.46,145.84,266.37,155.62,230.67,143.71,152.08,345.82,303.56,149.95,189.13,305.98,284.59,191.83,222.44,416.18,192.84,311.54,90.1,64.71,220.9,258.5,319.44,132.57,247.18,289.84,149.71,63.19,177.76,148.81,151.39
2002-01-24,238.23,151.6,116.26,288.66,146.2,107.78,59.39,183.24,236.65,142.1,100.2,231.02,122.77,100.71,130.84,177.83,166.11,107.37,305.18,102.01,125.0,71.44,146.11,269.66,154.18,229.92,146.25,152.06,347.42,302.78,148.5,187.69,309.33,288.29,196.16,221.77,418.97,191.08,310.0,90.33,64.67,223.18,258.91,319.58,133.51,248.37,289.27,149.96,63.03,177.14,150.55,150.07
2002-01-25,239.37,148.88,117.6,292.15,147.07,109.49,59.46,179.14,234.8,143.36,100.06,226.8,123.52,100.8,130.73,176.62,162.6,107.52,306.29,103.23,125.8,71.64,147.32,270.07,155.48,228.91,147.29,151.75,347.53,301.95,146.78,186.26,313.63,288.19,198.98,227.51,419.41,190.22,309.16,90.9,64.95,225.07,258.43,312.94,133.33,244.79,285.65,149.78,63.12,178.39,150.28,148.46
2002-01-26,237.2,148.74,116.19,295.17,148.32,110.05,60.01,177.92,230.53,141.05,98.92,227.59,125.32,102.08,130.68,180.75,161.03,106.65,308.99,104.29,127.24,71.1,147.36,267.92,154.96,227.74,150.09,151.79,342.82,309.4,146.0,189.16,314.61,287.8,197.4,231.48,421.52,189.84,311.93,92.8,64.16,221.42,255.12,314.57,133.68,247.23,286.03,151.1,63.54,177.76,146.97,150.09
2002-01-27,234.94,147.33,114.77,294.66,150.64,111.51,60.11,177.06,232.1,139.65,100.81,225.9,124.69,102.55,130.6,182.01,159.63,106.8,307.59,103.08,127.71,71.79,147.75,267.51,153.11,223.83,153.66,150.27,338.94,308.15,145.47,189.38,312.73,286.04,197.49,227.5,421.77,188.95,310.86,93.77,64.08,218.21,252.46,312.75,130.7,244.26,281.67,148.79,63.71,176.58,146.95,151.07
2002-01-28,236.13,151.43,111.1,292.22,150.95,110.65,60.83,178.04,234.55,140.21,99.67,225.96,124.19,101.93,129.46,181.88,160.87,106.29,310.96,102.85,130.2,72.03,147.59,267.82,154.74,219.69,153.48,151.92,334.64,308.83,146.98,189.82,312.87,282.81,195.08,227.38,424.58,187.77,306.48,93.79,65.24,217.47,253.16,312.09,130.26,243.28,283.98,148.53,63.77,177.47,150.13,151.26
2002-01-29,236.78,150.86,110.52,297.79,149.36,108.19,60.25,177.19,235.32,141.18,99.81,225.8,123.24,103.08,130.65,179.45,163.38,107.31,315.87,101.24,129.9,73.21,145.46,270.12,153.88,221.01,154.13,151.25,331.74,307.14,148.63,193.13,317.45,283.71,196.2,230.03,418.75,185.95,310.08,93.27,66.29,215.87,251.16,312.04,128.23,246.42,278.48,149.1,63.72,172.66,149.51,151.97
2002-01-30,238.48,153.74,110.45,297.64,149.77,105.38,60.75,179.74,234.34,143.18,99.2,222.26,120.92,101.47,131.26,176.63,165.13,107.59,317.7,103.0,131.21,73.5,144.22,270.11,153.82,221.97,154.59,151.65,329.04,306.81,147.2,192.35,317.61,288.02,194.37,231.14,415.04,186.21,312.27,94.8,66.52,218.46,251.53,319.53,127.66,239.14,274.25,151.02,63.69,170.22,149.82,154.07
2002-01-31,237.8,154.85,109.47,298.13,149.27,105.86,61.49,179.57,230.69,143.57,100.61,219.66,120.24,101.61,133.62,176.73,162.69,107.38,320.13,102.59,130.75,74.03,145.68,271.63,151.69,225.0,154.48,151.54,331.57,304.61,148.51,194.68,319.4,286.66,191.46,230.61,409.53,185.93,311.74,94.2,66.65,220.75,250.51,318.97,125.86,243.53,273.28,149.89,63.37,171.04,151.98,153.72
2002-02-01,239.06,154.96,108.01,299.18,150.5,107.77,61.81,181.31,237.88,143.77,100.94,218.89,121.46,102.87,133.92,180.7,166.95,104.97,318.76,103.38,129.61,74.42,147.04,271.43,150.58,222.91,154.75,150.27,330.76,299.75,146.99,195.58,318.74,282.2,189.81,227.32,400.76,184.47,311.54,93.95,66.42,220.56,250.56,316.29,124.67,238.24,275.61,148.61,63.63,172.01,150.08,156.29
2002-02-02,237.92,156.94,108.33,300.02,151.8,108.79,61.93,185.95,239.82,141.13,99.78,219.46,119.38,104.43,132.02,179.63,168.31,105.07,318.94,104.28,128.55,73.34,143.93,270.96,149.92,218.64,153.04,151.79,329.69,300.02,148.81,195.84,317.07,280.79,188.51,227.85,406.17,183.89,313.57,94.48,65.88,219.79,250.8,311.19,124.17,236.68,277.02,149.94,64.15,170.34,150.95,156.04
2002-02-03,238.13,158.04,107.57,303.57,151.35,108.87,61.52,187.48,238.45,141.01,98.24,219.85,118.58,104.3,132.39,177.09,168.09,106.04,316.73,103.63,129.7,73.95,142.25,274.02,151.59,221.22,156.58,151.14,333.43,298.53,147.45,196.89,316.77,279.48,189.3,225.06,411.99,185.94,315.62,94.45,65.61,218.62,250.63,318.25,124.43,241.9,276.99,148.93,64.62,171.41,152.22,157.52
2002-02-04,241.59,159.12,108.04,302.92,150.57,108.64,60.59,182.7,235.04,141.19,97.05,217.95,116.05,105.14,132.63,174.14,168.16,106.66,320.47,104.13,129.49,74.17,143.0,268.4,152.59,220.75,156.98,148.89,332.7,299.13,146.93,198.53,317.58,275.3,189.29,226.14,414.2,183.46,315.4,94.0,64.98,221.55,251.29,321.41,122.79,242.3,273.82,151.06,65.49,168.71,151.41,158.59
2002-02-05,242.05,158.69,108.41,303.39,150.72,108.44,61.17,184.03,231.37,141.88,96.84,217.02,116.18,105.4,133.0,175.65,167.86,107.21,319.78,104.6,130.71,74.03,143.32,270.96,152.96,219.51,157.86,149.5,329.96,300.18,148.91,198.82,323.55,279.37,188.75,225.89,414.03,180.79,315.08,94.46,65.24,223.07,247.49,318.58,123.81,241.76,274.48,149.92,64.68,167.89,151.58,156.41
2002-02-06,241.64,160.18,107.35,301.5,148.53,109.26,61.38,185.92,229.55,141.36,97.81,221.77,117.46,104.97,132.41,176.88,168.07,104.54,315.83,104.64,130.05,74.52,141.5,276.14,153.35,217.86,158.43,151.06,329.8,293.03,146.93,199.52,326.74,280.91,188.32,222.69,414.44,178.02,314.79,94.6,65.5,226.94,244.06,321.15,125.09,242.3,275.85,150.08,65.34,163.92,149.12,158.22
2002-02-07,246.33,158.45,107.61,299.16,152.39,109.44,61.25,184.64,232.27,142.46,96.98,220.89,118.77,104.44,134.64,177.49,164.36,105.02,317.02,105.6,130.91,74.25,141.88,278.56,156.88,217.35,157.21,152.31,325.03,300.78,147.56,199.17,327.36,283.09,188.92,223.55,410.27,177.46,313.76,94.8,66.34,228.08,246.51,326.88,124.9,242.75,275.83,152.89,63.88,162.66,149.35,156.92
2002-02-08,245.45,157.79,108.17,296.35,153.47,110.22,60.64,185.9,235.79,141.9,97.23,219.37,119.55,106.54,135.76,176.99,164.51,106.44,317.99,105.15,130.76,74.58,140.41,283.94,156.3,217.34,159.12,150.2,324.89,301.49,148.14,201.99,328.67,281.77,190.67,223.98,414.72,178.66,316.3,93.83,66.34,229.25,247.19,328.14,125.52,236.12,275.09,152.62,62.5,161.64,148.02,154.88
2002-02-09,244.75,157.22,107.86,296.45,153.71,108.99,60.91,187.22,235.25,139.36,98.17,220.0,118.97,107.16,135.64,180.79,163.92,104.91,319.27,106.24,132.29,75.02,139.71,286.46,158.43,216.15,158.74,146.68,326.8,299.46,148.79,204.52,335.34,277.77,190.03,225.12,414.26,180.76,315.57,93.08,66.67,228.2,244.52,328.01,126.31,233.51,271.96,153.96,62.12,163.86,145.38,153.91
2002-02-10,243.18,153.96,108.6,294.71,153.17,108.95,61.66,186.59,235.03,138.17,99.87,217.85,119.36,107.7,137.34,179.76,163.0,105.57,322.02,105.14,132.1,76.31,138.7,286.16,160.89,213.45,159.05,146.44,327.66,295.45,148.69,205.55,333.88,280.22,188.08,225.24,422.14,180.11,317.94,94.34,66.47,227.44,243.61,325.37,125.79,232.68,272.6,154.73,61.13,163.03,143.86,154.16
2002-02-11,247.3,154.0,108.29,291.79,155.02,108.82,62.63,185.9,237.8,137.31,99.57,218.6,121.13,107.14,138.21,180.05,165.79,106.31,320.94,104.81,130.79,76.46,139.63,289.33,163.12,215.98,161.38,145.07,330.99,296.4,149.87,205.38,325.56,282.25,186.7,226.45,419.18,178.85,323.22,95.15,67.15,226.66,245.45,325.36,126.22,232.69,274.97,155.57,59.98,163.41,143.49,152.6
2002-02-12,247.49,155.41,109.57,288.23,151.22,109.29,62.19,185.49,240.49,135.95,98.62,216.71,121.24,105.88,137.97,176.78,166.39,107.09,315.55,103.05,131.1,76.22,139.64,289.42,161.48,217.45,164.34,146.57,332.16,292.12,151.46,204.21,326.3,283.21,184.52,229.57,419.49,175.28,324.86,95.04,66.79,228.17,242.25,327.88,128.07,235.48,273.42,150.55,59.2,161.7,144.44,152.79
2002-02-13,251.39,154.71,107.75,285.81,150.9,110.22,61.98,184.52,238.82,136.44,98.67,214.46,121.18,106.29,137.76,177.62,163.95,104.56,314.72,102.95,131.45,76.24,139.59,289.0,163.55,218.51,165.63,145.21,329.8,289.01,151.75,204.4,325.04,285.34,184.64,229.11,425.53,175.87,324.46,95.45,67.82,230.86,242.61,324.64,126.34,236.15,271.07,148.58,59.53,159.85,146.77,150.92
2002-02-14,254.54,157.52,106.37,289.49,151.69,109.27,62.86,184.1,238.15,135.1,98.53,213.47,121.08,106.89,138.42,177.67,165.57,105.64,317.63,103.77,132.75,77.73,141.6,292.39,165.01,219.55,168.38,148.29,329.23,292.82,148.62,203.1,325.19,287.73,185.7,230.87,436.29,178.69,324.41,95.36,67.66,232.68,241.3,330.36,125.79,236.63,272.21,148.34,59.09,159.1,145.95,150.95
2002-02-15,256.49,158.81,106.37,289.27,150.52,109.78,63.57,184.33,237.39,136.75,98.91,211.16,120.99,106.89,139.98,179.55,164.05,106.42,316.84,102.8,132.77,78.76,140.28,290.05,164.2,216.84,170.2,147.08,324.4,291.07,147.28,202.77,324.98,287.58,185.2,228.06,443.77,178.09,322.63,95.53,67.51,234.57,241.97,327.24,128.04,229.3,274.45,148.34,58.59,160.09,147.25,150.78
2002-02-16,254.74,157.9,107.09,297.02,149.0,111.04,63.54,182.98,235.88,135.33,99.93,209.94,122.26,106.0,139.02,177.64,165.32,107.09,315.72,102.52,129.46,79.51,140.68,289.62,162.93,217.25,172.83,148.71,320.28,295.29,147.32,200.75,327.92,287.25,185.8,226.19,443.99,175.54,319.47,95.28,68.21,234.44,243.98,324.92,127.82,228.55,269.68,148.67,59.28,159.13,146.15,148.88
2002-02-17,255.23,159.58,106.65,296.42,150.02,110.51,63.09,183.19,236.72,135.04,100.6,213.44,122.83,103.92,138.94,178.76,165.8,106.43,317.86,103.19,132.19,80.3,138.88,290.34,163.51,214.27,172.82,149.05,324.36,290.31,145.29,199.12,329.01,280.29,188.11,230.49,441.3,176.84,318.89,96.13,67.16,231.21,239.29,324.78,128.18,227.94,270.0,150.51,58.21,157.7,146.03,149.17
2002-02-18,253.03,158.98,106.97,298.71,151.84,108.95,62.72,182.59,238.64,138.05,100.83,217.43,123.37,103.92,138.67,178.76,164.94,107.73,320.22,103.91,132.17,79.86,137.58,282.8,163.7,216.0,170.97,148.08,326.45,292.24,147.96,199.77,333.45,284.16,189.38,227.29,441.8,179.0,317.24,95.45,66.77,231.07,234.08,324.37,127.26,225.36,272.56,150.08,58.44,158.37,146.75,149.31
2002-02-19,254.41,158.63,106.36,296.76,151.23,106.97,63.3,185.01,242.12,138.06,101.18,215.88,123.94,104.56,141.18,180.09,165.21,106.13,313.78,103.18,133.08,79.0,137.72,282.7,163.07,215.26,170.97,148.55,322.75,290.49,148.96,198.12,329.93,284.47,193.54,226.31,442.91,180.1,322.82,95.75,67.2,228.53,232.88,328.59,129.38,227.26,272.1,151.2,58.81,161.58,149.92,149.96
2002-02-20,251.27,159.43,106.15,294.48,150.81,108.4,63.46,183.24,242.68,137.15,101.52,215.36,123.63,103.42,142.59,176.61,165.9,106.07,310.5,101.74,130.59,79.52,138.28,280.06,163.81,216.51,170.82,148.46,328.27,289.04,148.52,197.01,331.88,283.15,195.49,223.75,446.25,179.62,322.61,96.08,67.26,228.35,233.95,329.09,129.66,224.49,272.2,150.23,58.09,162.36,148.59,148.06
2002-02-21,249.11,158.64,106.27,296.45,151.55,108.21,62.71,184.62,241.69,138.32,101.58,213.75,122.41,104.45,140.3,175.8,165.34,105.84,309.05,101.24,132.13,79.4,139.13,282.72,164.07,217.04,170.49,148.17,328.28,286.59,149.49,199.75,333.68,282.83,193.73,222.34,443.26,182.67,323.13,96.05,68.24,231.28,230.91,331.96,132.4,226.46,270.98,147.44,57.2,160.9,149.27,149.62
2002-02-22,250.57,161.79,107.2,304.77,150.42,107.33,62.81,184.86,244.98,135.64,101.33,211.05,120.83,106.08,139.56,174.84,163.68,104.33,309.73,100.92,133.04,80.38,136.47,282.78,163.07,217.12,170.2,148.63,328.8,281.67,150.51,197.74,335.8,280.7,196.86,222.57,443.8,182.58,323.35,95.89,68.79,231.95,231.22,328.26,135.64,226.29,270.75,147.21,57.43,160.18,149.49,149.94
2002-02-23,251.15,163.19,106.55,309.07,148.64,106.4,63.04,183.44,245.51,136.78,101.89,212.72,121.64,104.47,139.64,177.26,163.69,103.17,307.74,101.68,135.73,79.97,137.33,283.67,163.01,216.18,170.54,147.26,335.22,278.01,153.04,196.32,341.67,280.57,196.79,223.76,444.14,180.14,330.91,94.54,68.58,235.32,228.25,325.37,135.59,228.16,271.78,147.93,57.41,160.8,146.0,148.96
2002-02-24,254.17,164.53,106.31,304.23,147.04,107.66,62.68,187.1,247.28,135.83,102.24,212.35,122.35,104.89,142.02,178.69,165.84,102.48,305.05,101.89,136.57,79.64,135.95,288.0,161.12,220.93,171.19,148.03,334.21,282.49,152.96,194.1,342.6,281.62,194.85,227.2,450.7,178.33,333.51,95.46,68.14,233.99,228.13,319.91,136.55,231.24,273.5,148.5,57.58,159.91,145.62,148.83
2002-02-25,254.52,163.54,107.88,308.81,146.04,107.57,62.36,185.05,249.81,136.1,101.81,212.43,122.37,104.59,141.4,181.39,165.51,103.05,307.07,101.58,133.85,79.42,137.8,287.56,161.89,221.05,172.75,149.32,337.56,275.92,152.97,195.13,338.58,288.33,192.85,223.58,447.34,176.62,334.83,96.8,68.15,237.23,228.15,322.45,134.12,228.57,274.94,146.15,58.46,161.35,146.59,147.86
2002-02-26,257.18,161.16,105.92,307.91,144.83,105.78,61.88,187.79,247.03,137.7,101.84,215.55,120.04,104.63,140.37,182.64,165.83,102.07,306.13,101.84,135.17,77.78,136.56,293.31,164.56,218.88,171.09,149.2,336.98,278.19,152.52,196.54,334.2,292.21,188.78,224.43,450.42,175.43,329.3,98.48,66.56,241.14,227.11,317.96,134.04,226.77,274.6,145.15,58.85,164.05,145.84,151.16
2002-02-27,254.27,162.43,105.54,310.47,146.67,105.88,62.59,188.34,246.18,139.73,101.15,218.54,120.45,103.91,136.91,181.93,163.83,101.71,301.51,102.09,136.1,76.49,135.57,291.18,163.04,219.17,171.25,148.34,341.13,278.3,151.12,197.94,336.45,290.43,188.01,227.4,455.36,173.68,325.72,98.7,66.56,240.26,226.83,314.8,134.29,224.37,270.67,143.68,58.22,164.32,147.19,151.3
2002-02-28,255.51,160.92,105.06,312.89,144.15,105.05,62.95,186.07,250.98,139.9,102.62,222.46,120.02,104.79,138.99,181.48,162.46,101.62,304.03,101.43,136.18,75.72,135.05,293.1,160.77,220.86,168.44,150.71,339.49,272.75,150.88,199.81,330.73,296.05,188.84,226.3,462.05,176.32,325.85,98.69,67.89,241.04,228.9,317.15,135.65,225.99,272.28,140.71,58.22,165.38,146.83,150.42
2002-03-01,250.43,158.22,104.13,313.96,142.28,104.79,62.2,186.62,250.24,137.77,103.24,223.67,121.83,105.99,139.16,181.07,164.0,101.19,304.19,101.42,138.33,75.67,134.21,295.59,160.15,216.45,168.19,150.65,340.64,272.36,150.76,197.45,337.07,293.84,185.3,226.65,463.13,179.68,326.36,99.61,67.2,239.99,229.38,320.55,133.14,224.15,265.99,138.53,58.02,163.62,143.29,149.03
2002-03-02,251.99,160.11,104.96,314.35,139.65,104.96,61.98,186.67,254.48,137.73,104.14,224.17,120.77,104.77,136.56,181.21,165.12,101.63,305.79,100.93,138.46,74.68,135.01,290.42,159.71,217.21,167.66,151.79,346.19,276.37,149.38,197.0,340.55,290.38,183.21,224.69,457.83,179.3,326.78,98.64,66.91,236.95,230.6,326.34,132.54,228.16,262.46,141.55,57.74,163.82,141.81,150.8
2002-03-03,250.65,159.98,105.53,316.99,138.35,104.42,62.73,183.12,251.48,134.35,104.71,223.04,119.98,105.81,138.32,182.88,163.73,101.01,307.93,101.25,140.36,75.23,135.7,289.25,158.87,215.59,166.48,151.71,342.83,279.94,150.64,199.13,346.61,289.74,184.5,224.6,456.93,180.0,327.94,98.53,65.7,234.8,230.63,328.51,133.18,229.49,265.06,141.06,57.59,159.03,143.54,151.54
2002-03-04,250.35,162.67,104.58,323.63,133.63,104.28,62.12,181.01,250.96,135.75,104.03,223.47,120.87,107.67,138.47,182.72,166.29,100.49,305.42,103.08,141.44,74.9,133.97,288.94,158.74,214.32,164.67,150.92,346.38,281.98,152.03,202.2,349.87,290.18,184.89,221.41,448.61,180.79,332.11,98.17,65.24,235.59,230.05,331.23,134.02,231.85,261.0,142.61,57.11,159.2,142.87,151.23
2002-03-05,252.32,161.32,104.52,322.8,132.18,101.84,61.93,180.62,249.66,137.59,105.46,225.43,121.37,108.53,137.89,182.64,167.91,101.68,310.97,104.14,140.06,75.33,134.79,286.75,158.27,215.05,163.76,150.93,344.65,279.15,153.61,203.26,343.42,290.14,183.62,224.62,451.95,182.79,337.15,98.23,67.27,238.01,225.12,330.72,135.42,231.36,263.22,140.57,56.66,159.04,141.66,153.12
2002-03-06,251.91,162.53,103.26,322.34,132.18,103.1,62.78,178.72,251.44,136.53,105.11,225.92,120.4,108.14,137.59,180.74,167.93,103.17,307.26,104.06,143.33,74.54,136.54,286.38,159.82,216.4,163.35,149.49,349.15,277.9,152.13,207.19,341.81,287.03,181.51,225.02,455.56,182.16,335.02,99.86,67.39,236.55,223.1,335.62,133.69,229.11,260.71,140.35,56.52,162.19,143.38,150.06
2002-03-07,252.01,161.75,103.7,323.37,131.9,103.94,62.89,179.13,252.69,134.64,105.93,225.66,120.28,107.38,140.34,183.72,169.49,103.8,310.96,104.73,141.51,74.77,137.99,289.06,159.71,216.9,163.52,150.26,346.15,282.59,152.24,203.79,343.41,285.78,179.58,226.93,459.39,186.35,336.15,98.76,66.25,236.26,219.41,340.74,135.88,228.49,256.81,138.35,56.69,162.78,143.62,147.9
2002-03-08,253.24,160.2,104.23,327.25,130.52,102.75,62.01,177.03,254.94,134.0,106.9,223.79,122.88,108.5,138.73,188.7,170.34,105.18,308.59,105.19,140.87,74.99,137.49,287.91,157.83,219.0,164.32,150.73,350.52,284.48,154.04,206.81,344.76,282.2,179.61,226.51,457.76,187.85,332.9,98.75,66.44,237.94,217.76,343.9,135.02,224.69,261.75,136.44,56.53,161.87,144.29,148.06
2002-03-09,249.95,159.67,102.97,330.16,128.46,102.57,62.07,177.68,256.67,136.0,106.81,224.41,121.64,109.02,139.83,188.44,170.87,105.3,305.23,105.83,140.19,74.79,137.13,287.76,158.67,216.91,162.3,148.2,356.99,283.87,154.38,209.21,342.99,281.8,182.55,225.18,446.45,186.84,332.58,99.32,66.24,235.15,218.32,350.78,135.3,219.92,262.86,137.88,56.0,165.86,141.7,147.39
2002-03-10,252.83,160.56,103.39,332.92,129.81,103.47,61.81,176.04,257.09,137.41,104.96,225.88,120.55,110.24,141.64,188.2,176.03,106.41,305.41,106.22,141.09,75.16,138.93,286.15,159.94,216.58,161.22,146.79,356.76,283.25,157.49,206.83,343.54,278.86,181.11,226.71,441.41,183.09,332.38,99.91,65.81,234.91,217.76,346.54,132.74,215.97,264.86,139.04,55.59,167.11,140.46,149.21
2002-03-11,252.71,159.63,103.26,333.1,130.06,102.5,61.56,178.83,255.72,139.68,103.61,226.11,120.3,112.42,138.93,186.62,176.13,106.6,300.59,104.28,141.65,74.5,139.3,283.81,159.98,217.37,161.68,148.2,352.38,285.66,155.71,207.78,342.69,276.17,178.16,223.78,443.57,180.38,332.26,101.23,67.08,239.79,217.79,346.92,132.52,217.15,263.16,138.09,56.37,169.16,140.15,149.56
2002-03-12,249.45,159.9,103.55,333.6,131.18,101.52,61.01,179.98,254.19,140.64,103.75,228.74,121.74,110.82,138.0,185.67,176.6,107.07,296.08,103.7,143.48,74.4,140.17,281.81,162.11,218.51,160.88,148.43,349.04,287.87,155.51,207.14,345.31,275.66,176.88,224.6,441.55,178.44,332.03,99.36,65.93,241.12,213.17,345.67,131.1,216.02,261.92,138.24,56.58,167.15,140.87,148.23
2002-03-13,253.31,160.77,102.98,335.75,130.64,102.19,60.5,177.37,252.18,137.42,104.55,229.45,122.9,110.07,136.28,184.72,175.7,106.34,291.91,102.7,148.17,73.26,142.7,284.48,163.24,218.81,162.65,147.9,350.92,289.22,155.13,208.85,347.58,269.74,177.56,223.66,435.92,180.03,333.62,100.51,65.52,239.68,214.05,351.2,129.66,218.61,263.47,137.04,57.37,167.31,141.44,149.23
2002-03-14,254.33,162.69,102.17,342.99,130.12,101.75,61.69,178.98,253.76,138.31,104.4,228.2,121.42,108.96,137.0,187.25,177.4,106.07,296.38,102.77,147.91,73.43,144.52,287.63,164.39,218.86,161.5,148.37,348.31,287.86,156.59,205.29,341.72,267.98,179.64,227.53,435.08,182.03,334.65,100.47,65.33,242.16,214.08,344.42,126.58,220.28,264.0,138.03,58.2,166.69,140.72,152.38
2002-03-15,256.37,161.26,102.83,345.23,129.96,102.56,61.22,176.23,253.26,140.88,104.4,226.41,120.57,108.48,134.08,186.01,176.06,105.43,291.88,103.22,146.96,73.09,145.84,283.57,166.9,216.47,162.21,146.5,340.47,290.38,154.49,205.84,344.22,272.18,181.16,228.06,440.14,183.65,333.88,100.84,65.51,239.56,214.2,348.62,122.76,223.56,268.18,138.1,58.0,165.73,140.58,152.03
2002-03-16,260.13,161.36,104.26,347.13,130.5,103.03,61.84,176.96,256.02,139.83,105.34,225.09,120.9,106.29,137.1,189.5,176.93,105.75,290.48,104.58,148.5,72.77,143.39,284.35,165.77,215.76,163.21,145.9,335.05,295.52,155.49,208.47,349.94,274.43,179.62,224.97,439.88,184.72,340.71,99.79,65.89,236.34,211.08,346.65,123.13,224.57,268.76,136.71,57.71,166.63,140.1,149.55
2002-03-17,259.74,162.09,104.47,343.6,130.93,105.58,61.65,177.11,256.68,139.29,103.44,227.57,121.35,109.42,136.24,187.35,175.9,105.3,284.82,104.85,152.13,73.8,144.25,283.44,164.68,219.88,163.09,144.79,329.49,301.84,156.04,205.96,348.03,272.24,179.87,228.34,445.13,185.89,344.62,99.49,66.97,236.24,209.02,346.83,120.85,226.16,268.29,135.3,57.93,168.01,140.4,149.22
2002-03-18,261.18,163.26,104.76,346.8,129.79,105.78,61.8,175.14,256.77,138.39,103.4,224.84,120.16,110.97,134.94,189.78,177.5,104.85,286.23,104.12,154.95,71.59,145.72,287.82,164.97,220.72,160.84,145.54,330.9,292.49,159.28,210.13,346.46,275.34,179.65,226.49,443.0,185.75,350.4,98.24,66.3,234.46,208.31,345.33,120.78,227.92,268.73,134.41,57.14,167.11,143.33,149.74
2002-03-19,258.48,165.74,104.01,347.64,128.39,104.12,61.73,174.16,255.47,139.67,104.3,224.65,121.06,110.79,134.5,189.46,177.13,107.85,288.84,104.91,155.53,70.36,145.32,287.16,166.43,221.34,162.66,147.87,330.18,289.7,158.53,209.31,343.84,277.91,179.74,223.11,439.9,184.54,349.72,98.88,66.18,233.67,209.64,344.93,120.49,223.76,265.82,133.77,57.55,164.04,143.41,150.6
2002-03-20,255.54,165.56,102.69,344.23,128.93,102.96,62.25,175.02,256.71,136.98,103.43,219.2,120.42,110.08,136.46,189.24,177.66,107.49,288.06,105.1,154.35,70.23,144.49,285.91,166.62,222.48,164.93,147.08,333.86,287.73,158.22,213.76,345.78,275.52,177.12,222.99,446.34,186.33,350.37,98.27,66.49,231.6,205.8,349.84,118.4,224.46,266.82,131.84,58.35,162.36,143.78,149.06
2002-03-21,257.06,165.72,103.1,347.27,130.12,103.13,62.25,174.88,252.26,138.01,103.33,219.54,121.67,110.94,136.43,188.24,176.22,108.88,285.77,106.0,154.31,70.25,142.62,284.66,169.65,221.35,165.04,146.66,331.16,287.56,159.06,212.42,344.46,271.82,176.41,222.15,450.86,185.63,350.96,99.33,66.43,228.09,203.22,354.44,119.07,221.92,264.43,131.72,58.4,163.36,143.84,149.64
2002-03-22,259.66,165.82,104.24,341.88,129.04,104.82,61.87,176.17,249.89,138.62,102.83,217.92,122.21,111.42,137.77,187.35,174.92,108.9,281.82,106.02,155.71,69.83,143.04,286.66,166.59,218.93,163.58,146.7,332.6,288.67,161.72,214.86,341.95,270.81,177.57,227.53,459.2,183.93,355.69,102.18,65.56,228.7,203.5,353.03,120.44,219.19,264.19,130.77,59.17,164.89,143.72,147.08
2002-03-23,256.63,164.95,104.94,341.58,128.93,104.92,61.35,176.42,248.78,138.42,103.56,217.9,121.32,111.63,137.02,187.64,177.33,110.12,282.96,105.69,157.31,70.51,143.6,289.87,167.45,217.28,161.22,146.31,340.24,290.81,161.0,214.98,344.23,270.06,177.37,225.38,456.62,186.22,356.88,100.42,65.67,232.14,202.89,355.89,119.9,217.45,263.98,131.7,58.08,166.72,144.81,150.22
2002-03-24,256.09,164.19,103.75,345.56,130.32,104.43,61.11,177.09,253.91,137.72,103.43,218.59,119.67,111.85,136.93,189.09,179.44,110.75,281.68,103.98,155.92,69.71,144.75,284.75,170.05,217.96,163.08,146.04,338.9,291.26,159.82,217.19,344.29,267.36,177.66,220.17,455.43,185.27,359.6,99.93,65.97,234.02,201.95,357.32,119.05,218.15,265.41,130.47,57.04,164.35,145.47,149.38
2002-03-25,255.01,164.9,104.23,340.81,129.96,103.51,60.57,179.91,254.35,138.1,102.62,216.93,117.81,113.45,135.76,187.79,180.97,112.45,282.22,102.6,155.72,70.02,146.94,288.77,168.5,221.27,163.96,145.22,338.89,294.52,160.96,218.73,344.08,272.78,175.79,220.65,456.02,182.3,357.13,100.7,65.24,237.52,196.57,355.66,120.58,214.04,262.94,131.07,56.71,165.14,143.39,148.82
2002-03-26,256.27,164.95,103.41,338.86,131.12,104.35,61.32,178.33,255.04,142.1,103.84,218.45,119.84,114.51,135.48,183.61,180.25,110.72,283.2,102.84,157.38,70.3,148.78,289.55,168.13,221.01,162.0,145.57,338.4,297.75,160.06,218.04,337.25,275.96,176.3,223.66,454.76,183.54,358.08,98.83,66.13,237.08,198.55,354.19,120.33,210.54,257.43,132.43,56.45,164.0,145.01,147.36
2002-03-27,258.42,167.74,102.21,340.04,130.45,104.9,60.91,180.96,252.05,141.28,102.12,218.58,119.62,113.2,134.67,180.47,177.96,111.87,281.19,104.27,156.34,68.61,151.03,291.28,167.89,222.45,162.26,145.47,339.47,292.72,158.98,223.17,340.9,274.9,175.71,219.62,444.31,183.06,364.08,98.25,65.77,238.02,199.08,348.73,120.74,209.25,262.25,133.68,56.32,164.99,144.56,147.15
2002-03-28,260.29,167.78,102.06,343.05,131.21,105.99,61.37,181.26,251.19,142.58,102.06,219.48,118.06,113.02,134.85,180.5,177.31,112.79,280.0,106.96,156.78,67.88,151.31,290.04,168.88,221.3,159.8,145.81,335.93,296.88,158.08,229.0,339.85,277.59,174.69,214.1,447.47,182.97,367.84,97.9,65.81,242.48,197.52,346.44,120.62,211.77,260.97,135.29,56.72,167.21,144.62,148.6
2002-03-29,260.56,167.71,101.29,337.88,131.43,106.62,62.24,179.45,246.48,143.42,102.26,222.99,117.47,112.95,135.12,179.38,176.55,115.34,275.12,106.99,156.58,67.78,152.66,287.46,169.59,219.78,159.63,146.36,328.32,296.98,156.29,231.68,335.25,278.14,176.88,213.53,455.42,182.98,371.83,98.19,65.6,239.93,195.93,353.25,119.05,210.41,262.63,133.31,57.52,165.76,145.21,147.32
2002-03-30,257.86,167.68,102.64,336.85,131.18,107.91,62.6,178.54,244.72,142.06,102.43,222.25,115.52,112.3,134.36,181.95,178.4,115.06,277.12,107.04,158.27,68.57,153.86,282.99,168.39,215.94,158.29,145.44,327.27,299.75,153.71,229.25,336.6,282.87,179.48,212.74,455.5,182.45,369.3,96.78,65.48,240.51,198.14,351.38,117.97,211.5,257.9,132.81,57.84,162.93,144.96,148.79
2002-03-31,259.07,169.18,100.83,333.52,130.09,108.89,62.17,176.74,249.43,141.48,102.6,219.46,114.25,111.65,135.57,184.35,177.26,114.8,277.69,106.39,159.34,67.76,155.07,282.17,167.97,215.45,159.92,146.02,327.52,299.23,154.0,230.41,339.13,281.46,178.86,215.35,460.04,180.91,369.64,96.44,64.84,241.14,198.4,355.09,116.39,210.66,255.5,132.71,57.89,162.08,142.9,146.9
2002-04-01,257.22,169.57,101.79,335.9,129.98,109.26,61.94,178.69,249.51,140.51,101.92,219.25,115.85,111.16,134.23,186.45,175.37,114.23,270.96,109.27,160.38,68.42,156.58,279.51,168.83,213.84,158.41,145.9,330.94,296.46,154.7,231.35,334.82,281.58,176.95,214.27,459.01,183.64,364.28,96.64,64.21,240.22,199.99,356.9,117.1,212.29,259.54,129.64,56.9,163.59,145.63,146.52
2002-04-02,258.08,169.92,103.1,336.46,130.3,110.54,62.56,179.27,247.13,139.87,102.85,219.03,117.04,112.27,135.66,188.94,174.57,112.62,270.01,109.17,158.53,69.18,158.16,274.75,169.64,211.87,158.83,145.73,326.4,297.6,151.42,232.2,332.14,280.5,178.45,212.8,463.66,183.69,362.74,96.91,62.9,240.76,202.13,359.45,114.78,209.03,259.06,128.96,56.94,163.86,146.35,148.99
2002-04-03,255.73,168.43,103.3,336.78,128.86,110.95,63.23,178.79,245.92,142.26,105.03,220.57,115.17,114.2,135.36,190.05,177.22,113.66,269.58,110.64,158.55,68.49,159.0,273.16,170.97,212.83,158.67,144.73,326.9,298.99,152.64,232.63,334.38,275.67,177.86,212.83,465.72,184.77,367.43,97.62,63.52,237.04,200.3,365.01,115.16,207.0,259.9,129.45,57.0,166.54,147.19,149.15
2002-04-04,254.2,168.52,101.17,339.13,128.28,110.49,63.69,177.58,246.53,142.38,102.97,220.64,114.63,113.91,136.88,192.05,178.8,115.17,264.62,109.94,157.66,68.1,157.77,270.65,173.19,214.42,159.91,145.45,326.74,301.25,154.2,235.39,327.39,273.09,177.65,211.95,472.76,182.7,362.43,97.38,63.03,233.93,199.41,367.48,116.64,205.06,255.98,127.85,56.29,165.07,148.65,148.49
2002-04-05,255.38,171.85,102.59,339.54,126.93,110.47,63.52,181.28,249.75,142.89,102.05,220.3,115.36,114.01,136.17,194.9,180.19,112.93,268.55,111.01,158.75,67.32,157.0,267.49,172.66,212.86,162.95,147.87,323.87,304.77,155.57,239.44,330.45,270.69,178.49,211.91,463.41,182.38,369.59,96.95,62.03,233.22,199.55,370.05,114.35,207.73,258.89,129.44,55.44,165.21,148.97,146.85
2002-04-06,252.85,168.71,102.69,334.62,124.86,110.45,63.28,179.83,249.24,142.82,101.28,220.6,115.14,111.88,135.43,196.16,177.63,112.57,269.6,110.78,158.33,67.87,158.45,264.43,173.76,212.24,160.61,146.5,324.32,301.62,156.68,238.38,329.5,269.38,177.58,212.21,457.12,183.35,366.38,96.84,62.87,233.4,200.9,371.06,114.59,206.28,259.29,128.8,55.73,163.74,150.06,149.23
2002-04-07,257.99,168.53,102.55,336.91,126.7,110.18,63.6,182.06,248.68,143.61,101.54,219.62,118.18,110.33,136.9,194.08,179.67,112.83,275.03,111.88,160.15,67.33,158.72,257.82,175.93,212.68,161.3,145.62,322.49,303.33,159.89,240.13,330.56,267.73,179.34,213.84,462.75,183.4,364.66,98.0,63.2,235.33,201.67,373.15,113.15,205.5,262.39,128.8,56.51,162.0,150.17,148.47
2002-04-08,258.91,167.88,101.04,340.22,125.74,109.81,63.97,184.75,254.54,142.93,99.54,221.31,118.95,112.21,136.49,193.29,180.61,111.28,270.68,111.17,158.36,68.17,158.56,264.44,177.11,217.29,159.4,143.69,322.04,304.94,158.34,239.76,333.46,270.87,178.77,214.41,464.84,183.74,357.49,97.1,63.18,237.38,200.23,376.95,114.06,205.56,259.63,130.55,55.89,162.91,152.19,147.92
2002-04-09,263.38,171.46,101.21,344.06,125.46,108.84,63.91,184.78,252.55,142.63,100.6,221.33,119.09,112.6,136.2,194.53,181.0,112.74,270.46,110.82,159.92,68.68,157.08,262.94,179.04,215.16,159.03,142.7,320.8,310.0,157.88,239.62,333.2,267.72,176.99,214.14,467.73,179.57,363.6,98.78,63.09,236.31,206.44,368.96,113.57,201.39,256.89,132.63,55.3,160.32,150.79,149.02
2002-04-10,258.09,172.24,100.58,351.56,124.03,109.38,64.99,186.0,251.32,140.11,100.64,221.33,118.79,112.89,135.17,194.51,180.11,114.29,272.47,110.98,159.03,68.78,157.34,263.61,177.25,217.34,161.13,142.61,319.96,309.63,157.78,240.67,331.02,265.65,177.17,217.18,458.41,180.15,369.98,98.96,62.92,236.26,206.39,369.08,113.77,202.33,252.86,131.43,54.89,160.09,154.01,147.71
2002-04-11,254.25,173.61,101.09,356.03,125.09,109.87,66.14,185.79,250.55,138.92,100.26,220.52,118.02,111.55,132.9,194.3,181.9,113.2,271.68,111.57,158.9,66.84,156.4,265.19,175.91,216.72,161.58,143.64,315.56,309.81,156.66,242.73,331.99,262.56,176.39,213.5,461.3,178.71,365.04,98.86,64.97,236.56,206.46,373.98,115.04,202.73,253.13,130.51,56.07,159.1,150.97,148.1
2002-04-12,252.12,175.36,101.11,353.5,124.49,111.77,65.52,184.9,251.89,139.73,99.89,221.26,117.68,111.05,133.67,194.94,184.25,111.59,272.97,112.85,156.33,66.96,156.9,267.09,175.57,216.49,162.44,143.31,314.37,313.73,159.7,242.31,332.58,262.56,174.76,213.8,460.97,175.93,366.91,98.44,64.53,237.56,204.21,379.13,115.29,207.98,252.14,129.34,56.31,157.29,150.96,148.63
2002-04-13,252.33,175.88,100.83,357.69,124.18,111.25,65.49,182.6,254.27,140.34,98.67,220.48,117.05,110.48,131.93,193.52,183.7,109.67,271.37,114.58,155.65,66.95,155.62,266.75,169.68,215.75,164.06,140.66,310.88,314.01,158.55,243.28,326.65,261.77,173.83,214.29,465.19,178.08,367.4,96.56,65.22,238.44,203.84,385.05,116.27,199.25,256.5,130.51,56.26,155.03,149.79,147.38
2002-04-14,254.15,176.02,101.42,351.11,123.39,110.68,63.95,181.81,251.89,139.68,97.51,222.31,116.37,110.02,132.23,193.5,182.06,110.17,271.29,117.47,155.11,67.21,154.28,265.95,173.99,213.55,163.06,139.85,312.33,312.63,160.61,241.9,322.3,263.82,175.0,217.01,472.13,181.53,367.68,97.31,64.86,240.04,199.5,390.26,117.6,201.22,258.18,131.75,55.3,156.2,149.66,147.57
2002-04-15,256.19,178.91,103.58,351.4,123.73,112.24,63.65,181.62,252.44,138.52,98.95,223.05,115.26,110.39,132.26,191.72,181.66,110.25,271.72,119.37,154.84,66.17,153.24,269.67,173.7,212.87,165.21,142.24,312.68,311.16,160.92,233.93,323.18,263.62,174.71,217.57,476.58,184.5,368.59,98.03,65.14,238.24,195.44,393.66,117.81,202.67,257.56,130.46,55.33,154.61,150.26,146.26
2002-04-16,258.9,180.35,103.2,354.32,124.96,111.5,63.87,181.37,248.74,139.86,99.64,224.39,114.89,111.21,134.22,190.35,180.7,110.09,278.43,120.21,154.83,66.1,152.67,266.56,173.44,212.32,167.29,141.39,316.63,303.14,159.84,234.88,327.45,266.74,175.47,213.69,470.24,185.85,370.91,97.9,66.33,235.97,198.19,392.55,117.67,202.9,256.8,129.3,55.64,153.4,149.51,147.59
2002-04-17,259.69,177.98,102.58,349.56,121.97,113.6,65.27,181.96,249.14,135.72,98.85,227.02,115.43,110.49,133.12,192.61,180.36,109.8,275.25,121.81,155.82,65.89,153.51,262.97,174.01,212.33,167.03,141.98,318.52,307.18,159.78,233.81,327.27,270.31,176.38,215.07,476.92,185.2,367.45,97.14,64.69,236.03,194.59,394.27,119.48,203.31,253.75,131.43,55.38,153.44,148.84,147.73
2002-04-18,257.87,178.9,102.96,353.42,122.03,114.27,64.85,183.51,247.86,135.03,99.26,230.31,118.56,110.66,131.76,193.13,180.68,110.61,270.61,121.21,155.51,65.23,154.32,262.11,173.02,211.48,164.23,143.72,321.96,302.98,159.81,231.56,323.94,271.1,174.33,216.95,475.05,186.7,365.84,98.33,64.75,236.97,196.64,397.52,122.07,200.73,254.71,132.39,54.56,154.81,148.51,147.91
2002-04-19,256.42,178.52,102.11,356.64,122.13,114.42,65.76,183.49,249.85,133.75,101.01,230.12,118.52,110.22,131.96,192.32,180.31,111.48,271.55,121.31,156.19,64.27,155.01,263.74,173.05,210.47,162.61,144.81,317.28,307.31,162.55,231.53,325.89,270.35,173.39,217.6,479.72,186.37,370.74,99.46,63.49,232.18,197.08,393.35,121.33,196.47,251.15,132.38,55.02,154.68,149.4,149.97
2002-04-20,255.01,179.14,101.79,363.16,119.53,114.8,66.88,181.59,248.98,135.95,100.68,231.0,119.36,111.09,131.25,191.5,179.94,111.3,269.85,120.63,154.89,64.65,154.82,262.18,172.99,208.9,164.22,144.8,314.72,302.89,160.51,235.06,323.28,271.96,173.42,218.74,476.44,185.55,375.02,99.48,63.69,233.45,197.34,392.22,120.14,198.91,248.66,131.21,55.92,156.51,150.73,151.24
2002-04-21,255.71,178.98,103.01,361.52,120.85,113.68,66.18,183.04,252.58,138.11,103.07,230.65,119.31,109.98,132.23,191.89,179.24,111.73,268.1,120.55,155.57,63.68,154.76,263.8,173.89,205.5,161.87,144.47,310.83,303.8,161.88,232.57,322.4,276.31,172.91,216.79,471.95,185.38,375.53,100.69,62.86,237.46,194.56,398.51,118.22,198.24,248.91,133.6,55.83,154.77,151.51,151.12
2002-04-22,256.91,180.07,104.45,362.56,121.77,114.07,65.94,181.32,253.05,134.76,101.92,231.42,120.49,111.42,133.77,191.75,182.28,113.13,267.94,120.82,156.19,62.84,153.29,265.39,173.13,204.71,162.35,143.2,306.31,304.07,161.6,234.14,317.07,277.0,172.94,214.79,475.76,187.57,366.35,99.48,63.06,237.69,194.77,400.26,117.78,196.57,249.46,132.5,56.13,154.48,154.04,150.01
2002-04-23,255.81,181.31,103.67,361.84,122.02,116.33,64.07,177.09,252.86,131.73,101.58,228.96,119.65,110.05,134.68,191.42,184.32,111.58,275.38,121.31,152.62,63.06,151.61,266.78,175.06,205.21,163.4,144.25,307.65,303.56,161.77,231.52,315.86,278.07,174.93,213.63,474.08,189.8,365.5,99.41,62.23,239.44,196.95,393.67,117.1,198.61,249.89,133.51,54.92,155.6,152.31,149.64
2002-04-24,256.47,178.28,104.17,357.91,121.0,117.42,64.84,175.03,249.68,131.86,103.15,232.46,118.89,108.64,134.15,193.27,180.31,112.84,272.24,120.25,149.23,63.11,148.93,270.97,172.28,205.3,161.27,144.1,306.43,305.87,164.47,228.27,319.99,281.99,173.7,215.52,476.92,188.69,360.91,98.71,62.46,239.79,196.43,390.0,116.85,198.78,247.62,134.49,54.85,157.62,152.89,148.13
2002-04-25,258.32,176.04,104.42,355.98,121.01,118.47,64.65,175.0,246.07,130.71,103.55,231.91,121.82,108.65,132.64,194.21,181.22,112.82,275.41,120.79,146.99,63.5,148.6,267.1,171.1,210.3,159.28,145.43,303.98,304.68,165.53,230.03,322.83,280.76,175.35,213.17,479.33,187.29,364.92,98.47,62.71,242.08,197.77,386.67,117.0,197.69,246.76,135.57,54.96,155.24,151.62,146.42
2002-04-26,256.94,178.22,105.37,352.75,122.19,118.68,63.71,173.1,247.29,132.69,101.66,235.67,121.5,109.26,130.6,192.43,182.21,112.59,278.47,120.82,147.1,64.41,150.02,266.04,169.1,211.12,158.94,144.12,302.37,300.15,163.31,231.79,327.02,277.25,175.96,216.67,475.42,188.22,358.66,99.77,62.88,242.26,200.4,380.83,118.34,195.53,245.21,136.44,53.8,155.59,150.28,144.34
2002-04-27,254.05,179.58,104.26,355.79,122.51,119.0,63.98,173.43,248.84,134.47,104.07,235.77,120.45,109.47,130.62,186.96,184.35,112.24,280.81,120.96,145.16,64.31,150.78,266.59,171.67,213.27,157.7,141.11,301.2,298.07,163.94,238.27,327.65,271.0,176.84,215.48,479.78,187.4,357.09,98.29,63.01,242.09,201.22,379.75,119.27,193.65,245.28,134.16,53.75,156.45,147.16,143.87
2002-04-28,254.63,181.9,104.42,359.53,122.43,118.13,63.35,173.0,245.76,131.99,103.26,239.93,120.84,107.14,131.6,189.34,185.06,114.35,282.1,123.21,146.88,64.55,150.5,265.09,169.5,212.63,157.85,143.19,303.12,294.5,163.18,240.39,331.31,272.37,178.13,213.07,480.58,190.54,353.01,99.19,63.32,243.38,202.15,379.47,119.7,196.36,244.46,134.21,53.61,154.65,146.5,141.6
2002-04-29,259.66,182.3,102.17,361.3,124.63,117.89,62.75,175.9,244.96,130.58,103.53,239.57,120.73,107.76,130.35,190.87,180.53,114.07,281.88,123.28,146.6,64.35,149.64,267.25,172.35,208.69,159.75,141.67,300.08,293.69,159.52,240.77,329.38,273.94,178.48,215.38,484.58,193.5,362.03,97.33,61.85,239.56,200.13,381.91,119.8,195.75,250.87,133.44,54.08,154.77,147.91,141.17
2002-04-30,257.13,182.82,102.47,358.25,123.83,117.65,63.67,176.27,244.87,128.38,103.46,236.58,120.21,107.24,126.72,194.2,179.44,113.57,283.15,122.56,148.9,63.72,147.37,269.63,168.31,209.98,160.96,143.35,302.86,293.61,158.87,236.42,325.01,273.5,178.43,218.77,483.48,193.25,359.28,96.78,61.77,235.42,201.92,387.38,122.33,196.31,248.5,135.09,53.79,154.32,148.01,140.96
2002-05-01,255.78,183.41,103.88,357.71,123.33,117.79,64.29,177.43,246.9,129.99,104.01,238.07,121.28,108.5,125.4,188.22,178.32,113.27,282.76,122.41,146.94,64.03,150.0,270.24,170.04,208.99,157.24,142.59,302.7,292.12,157.96,232.01,323.17,269.1,178.17,215.95,481.58,192.09,357.17,98.09,61.36,237.34,204.75,387.73,121.21,196.26,245.94,136.13,53.45,155.12,147.13,139.6
2002-05-02,253.4,182.57,103.89,362.43,122.12,115.32,62.73,178.92,245.93,128.7,105.46,237.82,121.54,108.51,127.01,188.73,176.86,113.14,283.09,122.77,146.74,63.83,152.83,271.46,170.65,210.9,156.48,142.98,304.19,295.94,158.8,231.82,313.9,273.58,177.39,216.9,482.58,186.15,355.1,96.94,61.19,242.47,204.31,388.81,122.22,195.23,244.1,135.66,53.89,155.92,145.61,137.97
2002-05-03,254.18,183.81,102.93,360.5,123.48,115.29,62.15,180.29,248.06,125.78,104.78,232.83,121.82,110.55,127.0,190.92,175.52,111.93,289.76,122.27,144.93,62.88,154.0,272.82,171.73,210.06,156.66,143.16,306.17,296.29,163.62,231.86,315.99,268.57,177.6,214.79,484.8,182.44,356.7,97.46,61.68,240.62,205.09,389.33,120.56,194.75,237.3,134.86,53.33,155.47,145.19,137.04
2002-05-04,252.92,184.26,103.53,366.05,122.98,117.29,62.76,180.57,246.79,125.09,104.0,236.9,122.36,111.75,129.02,190.81,172.93,112.1,288.07,121.83,144.88,62.07,153.93,275.21,172.99,213.78,157.52,143.37,296.71,297.11,166.49,234.17,319.09,269.34,180.29,214.24,491.72,181.55,352.82,99.18,62.18,241.7,205.08,385.1,123.62,194.6,232.38,133.4,53.57,155.86,143.77,137.28
2002-05-05,251.42,183.69,102.43,362.71,124.82,118.04,63.43,182.58,247.22,125.48,103.52,236.9,121.84,110.26,129.81,191.32,174.44,112.18,284.35,120.58,143.39,61.82,155.01,276.23,174.04,212.38,158.5,143.75,295.18,298.67,165.3,235.44,318.96,269.0,181.63,210.22,495.32,184.02,350.94,97.84,62.2,242.39,205.43,385.91,126.09,193.87,233.19,133.38,53.12,155.61,143.62,136.84
2002-05-06,252.97,182.58,102.81,360.23,121.72,117.23,62.51,185.34,251.73,126.54,100.63,239.91,121.03,111.5,126.6,196.5,171.97,112.94,284.68,120.75,143.46,62.05,154.21,275.76,171.69,209.92,159.16,145.4,289.9,299.18,165.74,234.57,318.04,269.53,184.81,207.99,499.72,184.47,348.22,98.24,61.96,243.63,203.06,389.01,123.65,195.94,230.69,132.8,53.75,155.15,145.93,135.99
2002-05-07,246.88,180.84,102.71,360.6,123.39,118.32,62.5,186.06,253.77,125.33,100.61,244.12,120.39,110.81,128.36,197.16,172.01,111.11,285.66,120.7,142.46,63.36,152.1,280.71,169.69,210.0,158.33,146.07,293.03,300.2,164.51,235.76,316.15,270.42,181.86,208.94,501.85,185.19,342.9,99.02,62.42,241.13,199.8,379.51,124.21,198.36,230.4,136.98,53.24,154.54,147.65,135.1
2002-05-08,247.97,180.58,104.85,362.67,122.16,117.05,62.13,185.42,249.18,127.05,100.79,240.21,120.56,113.33,127.7,198.37,172.53,111.75,285.57,120.23,142.06,62.87,149.9,276.66,169.42,212.26,158.0,146.43,293.2,300.7,165.55,237.96,315.96,271.05,181.82,209.36,492.62,183.18,339.62,98.51,61.64,246.4,200.59,380.62,125.79,199.51,229.32,137.75,53.69,154.58,149.6,134.67
2002-05-09,248.83,181.63,105.14,366.37,122.07,117.21,61.33,185.85,248.62,126.33,100.97,241.75,120.64,113.63,123.97,193.4,172.83,113.0,284.73,120.03,141.16,62.8,148.75,275.35,168.97,211.57,157.68,145.94,285.23,303.31,165.42,233.18,320.68,267.31,185.73,209.57,496.04,182.26,338.34,99.01,61.13,247.27,199.67,376.36,126.3,196.46,230.59,138.74,53.99,154.6,150.14,135.28
2002-05-10,253.98,179.9,104.32,365.4,120.69,115.99,60.49,186.33,252.36,127.65,100.52,243.58,121.17,117.11,124.9,196.57,173.76,114.16,284.57,118.95,141.91,62.57,150.25,275.18,168.66,214.68,158.26,146.49,285.86,307.97,167.8,232.35,320.25,270.15,188.47,208.49,497.11,180.53,334.55,97.99,60.96,247.91,201.13,377.67,124.82,198.28,233.55,138.3,54.82,155.51,150.34,134.01
2002-05-11,252.62,178.65,102.7,369.24,118.85,115.89,60.43,183.73,259.17,128.1,99.53,247.37,122.04,117.2,126.98,195.53,174.17,114.73,283.76,118.58,140.99,63.06,148.58,272.25,167.97,214.26,161.58,147.14,285.94,311.16,167.89,226.21,320.25,270.5,187.44,210.91,493.09,183.74,335.95,97.46,61.13,246.07,200.73,380.68,126.64,199.32,235.31,137.96,54.53,158.16,150.34,134.05
2002-05-12,250.8,177.26,104.39,368.31,119.57,115.76,60.38,184.55,262.79,125.19,100.22,244.58,120.82,120.12,129.39,196.63,172.41,113.64,285.1,117.07,144.27,62.17,146.21,275.09,167.25,215.72,162.82,145.46,289.09,306.46,168.19,229.27,318.29,271.45,187.4,215.04,490.87,186.97,334.84,96.7,61.27,249.71,201.55,378.75,125.64,197.14,235.28,139.89,55.35,158.13,147.77,134.5
2002-05-13,255.66,178.73,104.87,373.01,120.67,117.15,59.28,182.87,266.45,124.72,100.61,249.32,120.33,120.09,128.73,199.46,170.83,113.04,285.55,116.73,143.55,62.85,146.51,278.51,166.74,210.9,161.99,145.91,289.42,305.47,169.73,229.43,318.63,269.48,188.16,215.38,491.5,188.14,330.79,96.69,61.11,246.21,203.11,375.43,127.57,197.4,235.36,139.49,55.52,157.38,147.97,133.27
2002-05-14,258.79,177.27,106.04,371.07,121.41,117.33,58.6,186.26,265.53,124.82,99.7,247.53,118.44,120.65,125.86,198.53,170.5,112.94,280.55,115.51,144.24,62.45,147.21,282.44,167.61,206.0,161.89,146.95,286.47,308.0,172.38,230.06,319.23,272.97,190.41,216.22,493.47,184.01,328.9,97.33,60.82,248.25,204.01,372.79,126.07,197.78,238.97,138.66,55.61,156.68,148.23,130.83
2002-05-15,260.58,176.91,106.26,374.8,121.51,118.23,59.38,188.93,266.09,125.44,99.83,249.06,117.6,121.92,127.06,199.05,168.01,112.63,277.06,113.86,143.05,63.6,145.38,280.4,165.41,203.13,162.92,145.87,284.05,309.87,170.8,225.05,314.31,272.9,189.91,217.64,489.43,184.53,330.4,96.59,60.24,248.9,203.39,369.53,126.48,197.68,235.0,137.66,55.17,153.38,150.15,129.99
2002-05-16,259.53,176.57,105.79,370.04,122.56,116.58,60.43,192.22,264.81,125.72,98.31,252.01,117.9,121.96,125.89,200.75,167.48,112.2,277.27,113.54,144.19,64.07,146.74,278.16,166.76,203.45,165.35,146.85,283.56,308.6,168.98,225.91,309.48,275.92,189.15,215.12,491.74,187.12,330.84,97.04,59.9,246.59,203.08,363.63,125.73,194.77,234.75,138.01,55.15,154.72,147.76,129.52
2002-05-17,262.24,178.1,105.21,372.84,122.59,116.53,60.27,194.39,266.49,125.01,98.37,251.4,116.29,124.26,126.38,200.58,168.78,112.52,278.52,112.83,144.59,63.48,146.42,273.59,164.49,206.72,166.39,146.8,282.21,311.14,172.09,229.77,307.23,276.86,184.48,215.41,490.91,186.79,331.47,97.74,60.67,247.37,203.49,368.55,124.42,192.63,236.66,137.26,54.48,154.47,147.0,126.64
2002-05-18,261.31,178.45,105.57,372.69,121.07,116.16,60.67,192.27,267.72,125.81,99.09,253.25,116.14,124.47,127.63,199.53,168.14,111.34,276.96,113.53,142.55,64.14,145.89,271.57,166.28,205.54,163.83,149.0,281.38,307.72,171.42,230.61,306.94,275.6,181.62,218.74,486.28,186.28,331.85,98.46,59.78,248.39,202.34,371.23,124.57,191.42,233.9,136.79,54.92,151.09,147.75,127.14
2002-05-19,259.58,179.59,105.88,372.66,123.55,115.18,60.95,192.95,264.67,126.35,98.53,257.75,116.23,123.79,125.46,199.02,167.68,111.53,277.21,112.05,140.2,63.47,147.67,269.81,163.07,206.47,164.45,147.95,279.8,313.67,172.62,230.45,307.09,274.51,185.71,216.8,488.32,183.48,332.37,97.54,59.62,245.29,202.63,374.21,125.59,194.33,230.74,137.86,54.28,150.86,147.11,126.39
2002-05-20,257.91,178.99,106.56,368.8,122.94,115.72,60.81,193.18,264.95,127.14,97.77,256.38,114.77,123.85,123.39,195.49,168.67,109.65,280.38,111.9,141.07,63.32,148.14,273.87,160.38,207.68,164.98,147.42,275.98,310.17,171.33,233.32,306.04,272.63,186.65,216.13,490.45,184.68,330.09,97.83,60.0,244.26,204.82,373.01,127.97,191.61,230.67,137.95,53.31,152.48,143.52,124.37
2002-05-21,257.18,178.86,106.01,374.25,120.72,115.02,60.37,188.06,266.71,127.78,98.09,257.38,113.32,122.54,124.57,194.9,166.62,110.61,282.03,111.04,141.03,63.26,148.72,272.15,158.5,206.15,164.72,148.81,279.81,308.77,174.52,230.39,298.66,277.49,188.45,220.07,493.24,185.83,330.93,97.37,60.22,244.47,208.23,365.9,128.33,189.99,229.18,141.89,53.07,153.07,145.54,124.09
2002-05-22,256.21,182.39,103.82,373.39,120.28,114.81,58.94,189.74,268.58,127.83,96.53,256.72,111.69,121.7,123.56,195.92,169.77,111.03,283.88,109.43,138.54,63.67,146.27,269.75,159.66,204.32,169.08,148.41,280.21,307.68,179.42,226.94,299.47,278.53,189.06,219.04,498.64,185.95,332.85,98.1,59.6,243.86,206.09,368.06,128.97,192.03,227.35,144.81,53.73,152.15,145.98,124.66
2002-05-23,252.31,186.35,103.52,376.89,121.78,111.48,57.76,188.63,268.62,126.72,94.96,256.03,111.83,118.57,123.19,195.53,168.93,111.03,288.3,109.59,140.94,63.67,145.25,268.65,160.9,208.78,166.52,147.95,277.45,314.38,176.87,225.66,297.78,283.91,191.18,221.32,497.27,185.73,329.89,99.16,60.09,246.06,202.97,370.56,125.9,191.78,228.27,144.59,53.05,148.84,144.4,126.05
2002-05-24,249.62,184.79,104.39,375.32,122.72,111.55,57.82,185.44,270.93,124.96,94.02,257.61,112.82,116.8,124.05,196.67,167.45,111.3,290.08,109.87,141.32,63.7,147.55,267.11,160.82,211.51,169.17,151.86,278.16,315.99,175.81,226.14,292.67,282.09,192.47,216.34,495.35,185.27,328.48,99.48,60.1,245.64,201.14,370.16,126.42,191.18,228.07,145.99,52.93,147.76,144.69,124.32
2002-05-25,252.55,184.46,104.07,376.23,123.94,110.31,56.88,187.18,266.25,124.71,93.07,255.77,114.28,115.83,123.39,196.74,165.56,110.14,290.75,107.96,141.63,62.7,147.86,267.06,160.15,211.52,169.95,151.86,277.47,313.58,176.25,228.1,287.47,276.0,194.94,213.28,494.87,186.46,327.2,100.35,58.63,249.36,199.87,372.05,129.44,193.75,228.7,146.33,52.65,147.34,143.16,123.27
2002-05-26,256.25,183.74,105.13,375.77,125.86,109.06,57.37,186.28,268.42,123.98,91.96,252.75,115.2,113.11,123.13,198.47,165.68,109.87,289.35,107.06,141.17,62.57,146.41,266.82,160.17,208.43,170.2,153.84,276.96,309.99,174.53,230.46,287.44,273.88,197.21,215.5,494.42,187.29,329.03,102.08,59.69,246.36,198.73,373.34,129.14,192.34,224.9,145.61,51.7,146.78,142.97,123.54
2002-05-27,260.35,182.84,106.47,381.16,125.44,106.74,57.47,185.17,268.48,120.15,91.66,249.38,114.85,112.03,122.62,193.88,165.19,109.13,292.67,106.74,139.51,63.26,146.82,266.76,161.7,210.1,169.71,152.78,276.54,311.51,174.86,232.43,281.52,273.89,198.35,215.56,491.49,186.87,327.75,102.25,60.47,247.45,201.13,377.36,131.01,188.41,227.5,145.8,51.9,147.17,143.12,124.01
2002-05-28,260.59,182.43,104.6,386.14,124.33,106.8,57.88,187.77,263.71,118.84,94.15,252.7,114.48,112.89,122.24,195.31,164.14,108.09,291.83,105.63,138.09,63.48,145.42,267.67,161.34,210.02,170.94,149.4,276.66,312.22,175.6,231.52,278.53,277.39,200.64,222.09,490.31,188.95,332.4,101.68,60.3,246.7,200.69,378.26,131.31,190.17,230.68,148.17,52.21,146.57,145.73,124.99
2002-05-29,263.05,185.28,104.63,385.38,126.09,107.24,58.05,186.62,262.24,117.22,94.6,256.78,113.5,110.82,121.31,198.19,166.9,108.47,294.31,105.4,142.08,65.1,146.69,263.0,161.12,209.41,169.19,148.15,275.23,311.7,176.45,236.1,279.55,273.66,201.49,225.73,485.62,186.83,335.3,102.51,61.48,246.69,201.25,382.89,129.39,189.51,233.94,148.99,53.35,144.76,148.34,127.06
2002-05-30,261.72,185.13,103.85,384.05,123.22,106.58,58.68,188.81,264.64,116.62,95.0,263.78,113.18,110.88,122.91,196.34,164.57,108.58,295.0,105.82,141.74,66.24,146.85,264.11,161.67,206.24,170.03,148.51,271.62,314.86,177.51,236.13,279.02,272.66,201.71,224.72,485.86,189.22,339.16,102.12,61.27,245.05,203.26,383.29,130.91,189.06,231.52,147.07,52.97,145.95,144.97,126.15
2002-05-31,264.62,181.79,104.88,382.61,122.79,105.83,58.83,187.42,264.3,116.7,95.38,258.64,112.25,109.58,125.17,196.65,163.45,109.75,291.69,106.49,139.55,67.0,145.83,260.87,160.8,204.62,170.01,150.41,273.99,319.83,178.91,237.48,275.19,270.65,199.57,225.01,488.35,187.01,335.97,102.9,61.69,243.98,202.12,391.85,131.09,186.46,230.0,148.54,53.22,145.81,146.64,125.98
2002-06-01,266.71,186.46,102.54,384.03,121.81,105.2,58.63,188.28,263.5,117.88,94.17,260.89,110.51,110.15,125.18,199.04,165.09,110.1,297.43,108.55,139.63,66.65,145.94,260.5,161.52,207.71,168.71,148.63,272.02,319.88,181.18,237.85,272.51,271.12,197.74,225.98,484.31,186.28,340.55,103.65,62.4,240.75,198.2,384.04,132.29,184.19,231.03,149.12,52.48,143.71,146.27,126.39
2002-06-02,268.78,185.69,100.16,380.24,122.94,106.79,58.41,185.53,264.86,119.02,93.49,258.27,109.33,110.48,125.03,198.38,167.55,110.56,293.55,109.19,142.79,67.06,145.72,258.55,160.91,206.56,168.09,148.2,271.27,318.07,183.83,239.66,272.52,274.26,201.77,226.72,491.7,184.62,334.92,103.97,62.12,238.87,196.24,382.23,131.36,180.89,234.97,148.62,52.38,143.96,146.85,125.39
2002-06-03,264.69,186.05,99.96,381.46,124.64,106.83,58.85,189.77,264.24,117.72,93.86,257.44,109.64,110.31,125.92,198.21,164.67,109.78,292.26,109.34,144.4,66.51,145.58,255.81,158.96,208.35,169.25,148.77,270.45,318.01,182.35,236.87,272.02,272.3,202.38,225.46,498.26,183.7,338.23,103.45,62.47,237.89,197.47,377.13,133.04,179.76,238.44,148.62,52.65,146.86,146.06,124.44
2002-06-04,266.57,186.21,98.77,382.1,126.55,107.86,59.14,189.59,264.38,116.13,92.86,253.88,109.38,111.85,127.84,197.29,166.22,109.27,293.15,106.16,140.95,66.9,146.93,251.57,160.28,210.54,171.01,147.94,268.21,320.46,177.38,237.45,274.53,269.18,203.24,224.2,494.87,181.6,339.37,104.73,61.05,237.74,198.18,380.11,132.96,181.13,244.44,148.89,52.2,148.21,146.4,126.66
2002-06-05,261.69,187.82,98.43,378.36,127.21,108.11,59.26,188.9,269.55,113.6,93.25,252.94,111.48,111.64,127.27,196.44,167.68,108.98,296.28,106.78,138.12,66.35,144.11,253.19,163.02,209.2,171.77,146.68,263.89,317.69,176.27,237.32,276.32,273.36,201.84,224.99,496.65,182.24,337.23,104.6,60.48,237.15,198.82,384.62,132.17,181.06,242.6,147.24,51.93,149.66,146.4,127.36
2002-06-06,264.94,189.75,97.97,377.68,129.53,106.08,59.41,188.53,269.27,113.68,93.33,253.99,112.01,113.3,127.33,196.63,164.69,108.54,294.95,108.91,138.1,66.21,143.85,248.54,163.06,209.94,172.18,147.14,262.03,316.56,175.54,233.5,279.8,273.43,202.93,225.25,500.59,186.83,336.19,103.74,60.45,236.94,197.6,386.77,130.77,182.16,242.58,146.03,52.14,153.81,146.55,127.98
2002-06-07,268.79,188.67,98.03,378.45,128.73,105.87,59.48,187.92,271.51,114.19,92.56,254.31,112.82,114.82,128.13,197.63,164.56,107.1,292.17,108.32,138.12,66.71,143.81,245.48,164.7,211.41,170.39,147.22,263.97,322.22,176.81,233.35,283.66,275.96,202.92,226.68,500.44,188.28,334.45,104.38,60.78,236.74,200.55,384.43,130.19,181.56,239.86,143.54,52.3,156.93,146.94,128.46
2002-06-08,269.42,188.96,99.76,379.9,127.23,104.83,58.77,190.26,274.35,114.95,93.1,255.63,113.0,114.97,129.71,197.77,161.21,107.31,287.15,106.75,138.77,67.05,143.12,242.26,164.54,209.89,172.21,147.24,263.77,324.06,177.97,234.94,283.81,274.83,205.13,225.7,501.52,187.01,343.69,103.57,60.83,234.85,200.9,380.51,128.6,178.33,240.43,145.5,52.81,157.9,148.47,129.07
2002-06-09,269.98,187.08,101.51,378.48,128.6,105.24,58.6,191.55,277.4,114.33,94.96,253.5,114.69,115.17,130.62,196.93,161.75,107.43,286.64,109.18,138.22,68.01,143.41,240.71,167.41,211.42,171.81,146.23,261.76,320.4,177.84,231.28,278.61,275.88,207.51,224.51,500.22,186.86,345.51,102.99,60.11,232.7,202.19,380.64,128.6,179.49,242.04,144.82,52.64,156.81,149.74,127.94
2002-06-10,266.69,187.86,101.08,379.85,127.7,106.09,58.65,191.57,279.13,113.79,95.42,250.57,115.19,116.99,129.64,198.63,163.83,108.21,285.07,109.31,138.5,67.85,144.12,241.07,168.89,214.56,172.23,144.44,260.85,330.87,178.88,232.53,276.73,277.39,203.64,227.36,500.87,188.03,343.75,103.72,60.61,232.15,201.14,383.6,127.49,180.0,243.05,142.95,52.7,155.83,147.55,127.57
2002-06-11,265.32,190.41,101.86,382.48,126.73,106.34,58.35,191.18,278.07,112.31,94.42,254.38,115.86,117.91,131.95,199.83,162.4,110.11,285.64,107.75,139.34,68.7,144.1,239.96,172.57,214.53,171.61,146.95,264.52,332.08,177.9,229.69,273.66,278.58,202.7,228.02,498.81,187.69,351.65,101.9,59.87,236.2,205.47,380.96,127.68,182.48,244.57,144.66,52.43,156.19,147.2,127.13
2002-06-12,266.74,189.75,102.05,377.58,128.98,106.94,58.34,190.2,281.53,112.47,96.63,251.05,113.89,118.19,131.32,199.26,163.42,110.53,288.38,107.66,138.82,67.45,142.79,239.63,172.38,213.67,173.25,146.7,266.19,328.11,179.04,231.46,276.01,282.76,205.38,228.89,504.85,187.75,347.0,100.58,60.3,236.39,207.17,376.3,129.46,182.99,247.1,143.05,52.91,155.58,147.86,128.44
2002-06-13,266.59,188.64,104.01,378.11,128.1,107.46,58.3,186.94,282.37,109.81,95.33,253.13,113.92,118.69,130.42,196.34,163.6,112.16,286.46,107.74,141.31,67.11,141.54,239.11,167.53,215.06,172.19,145.08,268.63,325.97,179.3,229.63,281.57,283.27,205.32,227.64,503.66,188.31,347.03,99.6,61.04,238.37,210.26,371.71,128.34,183.97,248.92,142.24,52.53,155.26,148.07,131.32
2002-06-14,265.14,188.86,104.87,377.58,127.9,106.98,57.63,184.23,282.75,109.64,94.52,252.07,114.69,118.58,130.96,195.05,159.1,110.15,286.11,106.75,141.27,68.76,138.47,239.94,166.05,212.59,173.77,147.16,268.04,323.64,179.26,229.75,281.65,281.01,205.39,227.57,508.5,187.31,350.11,98.79,60.91,240.01,210.92,368.91,129.18,181.74,251.05,143.29,52.27,152.54,145.79,131.97
2002-06-15,261.24,189.56,105.29,386.88,127.32,105.71,57.57,181.66,279.72,109.38,95.57,250.78,114.04,120.77,128.68,192.54,158.56,110.27,284.69,108.12,139.81,69.21,137.29,238.65,165.03,212.45,175.01,146.76,268.2,324.74,177.62,230.35,283.02,277.67,204.89,228.07,510.03,187.49,350.67,97.69,61.22,239.72,212.41,365.64,128.58,182.87,246.12,142.8,52.06,153.67,141.71,132.07
2002-06-16,259.8,186.72,104.07,391.29,125.82,106.6,58.3,187.84,284.32,108.29,94.99,245.98,114.06,121.45,126.63,195.36,155.66,110.8,284.85,108.14,138.2,70.14,138.51,236.94,164.41,212.94,179.19,148.4,267.48,327.23,178.1,228.98,281.82,278.38,203.44,224.65,500.77,186.5,351.83,97.62,61.1,238.81,208.85,361.38,127.31,183.17,246.94,143.05,51.76,152.32,141.12,131.73
2002-06-17,256.93,187.33,105.54,395.11,124.33,106.07,58.78,185.8,280.03,106.88,96.32,245.58,113.57,120.56,124.86,194.9,155.93,113.55,283.69,109.31,139.37,69.99,136.72,233.47,165.46,209.07,181.01,147.94,266.81,327.73,180.53,228.09,279.21,278.94,201.24,223.99,500.26,184.58,349.9,97.88,62.09,239.55,209.27,367.3,127.86,183.0,246.75,141.97,51.58,152.02,141.14,132.57
2002-06-18,254.94,184.32,104.91,396.63,126.81,107.66,58.65,185.67,283.68,104.92,97.56,242.73,112.58,119.93,123.22,193.64,155.56,112.9,281.7,110.31,136.27,69.73,134.29,230.6,165.16,208.03,181.6,147.43,270.63,327.0,181.17,231.7,274.89,280.41,202.26,222.81,494.96,184.52,354.16,97.99,62.11,241.07,206.57,377.82,124.88,185.39,248.21,142.72,50.79,149.26,141.81,132.61
2002-06-19,256.77,184.57,104.72,396.27,126.94,109.41,58.74,188.86,279.88,105.67,96.74,243.25,113.5,119.81,121.9,190.08,155.84,112.6,286.17,108.68,135.51,69.55,134.55,232.51,166.77,208.47,182.08,147.89,269.42,323.91,182.85,234.88,277.91,280.46,205.55,225.37,491.24,185.94,357.09,99.62,61.72,243.8,207.4,374.79,123.79,184.33,247.39,141.83,50.88,149.26,140.68,131.24
2002-06-20,257.1,184.83,105.6,399.69,127.72,110.8,58.93,190.71,277.72,106.03,97.12,245.58,114.3,122.44,121.69,191.93,157.27,111.26,286.04,110.09,136.08,69.08,133.09,230.82,164.8,213.8,183.69,145.91,271.82,320.46,185.15,237.24,274.39,278.81,204.34,227.74,485.24,186.45,354.43,98.58,62.82,245.28,206.96,373.98,123.56,183.77,244.19,146.58,50.94,149.4,139.46,130.76
2002-06-21,258.27,184.06,106.18,393.88,127.21,110.59,58.79,189.35,277.77,105.89,97.96,246.56,112.83,122.18,122.37,189.29,156.19,110.49,286.27,110.58,133.03,68.17,132.86,231.89,165.47,212.95,182.93,145.85,275.36,320.07,184.64,235.63,277.96,279.28,207.18,226.66,483.05,185.95,357.54,99.0,61.99,240.58,207.38,376.17,125.48,184.44,241.86,145.8,51.12,149.33,141.74,130.59
2002-06-22,257.0,186.02,105.86,393.18,125.91,110.03,59.75,186.82,279.91,105.64,97.41,245.22,111.82,122.06,123.6,192.18,156.3,109.68,286.02,111.36,133.22,68.01,134.24,225.93,168.34,213.88,182.39,146.3,271.84,311.94,185.94,236.96,275.33,280.62,207.11,224.32,482.19,186.35,354.9,98.8,61.15,242.63,206.86,380.42,124.82,187.06,241.55,147.79,51.77,150.58,140.65,129.69
2002-06-23,259.67,188.07,106.97,396.73,125.68,112.2,61.33,186.96,282.56,106.31,98.52,247.12,113.22,122.6,122.46,193.6,155.33,110.43,285.4,110.14,134.64,68.84,134.17,225.48,168.16,212.52,184.54,143.92,275.34,306.84,186.49,239.84,271.45,280.33,205.11,224.95,477.5,188.34,349.77,96.91,61.5,240.96,203.76,381.32,125.89,188.62,237.25,146.97,51.87,148.82,139.79,130.63
2002-06-24,258.3,188.74,105.21,396.86,124.72,111.98,60.67,189.08,281.15,107.0,100.06,252.72,113.35,124.46,120.45,191.04,156.72,112.68,285.61,111.21,134.34,68.21,134.87,226.97,169.07,213.39,186.33,142.5,278.99,311.62,185.68,239.57,274.54,280.54,201.25,227.76,469.8,186.52,351.31,95.8,60.85,237.68,205.29,383.07,127.5,191.1,239.79,147.3,50.75,150.13,138.37,131.93
2002-06-25,257.33,187.04,106.04,395.27,125.71,111.7,61.28,189.46,281.91,106.92,99.84,260.76,113.16,123.52,120.59,191.05,158.23,112.63,284.5,112.29,134.36,68.45,136.34,228.97,167.76,211.17,186.74,143.13,278.87,312.66,185.16,238.8,274.16,281.03,199.19,226.34,476.59,185.63,349.93,95.22,62.29,233.39,203.72,380.19,127.74,187.52,243.61,147.32,51.12,149.46,135.82,134.15
2002-06-26,259.48,187.06,106.61,393.86,127.63,113.01,61.41,189.28,284.12,106.56,100.2,258.24,110.92,123.58,120.95,188.6,157.58,114.61,281.74,109.95,132.5,69.05,138.43,228.21,170.18,209.36,182.02,143.27,278.92,312.29,184.56,240.0,276.58,274.33,199.45,228.35,474.54,183.61,347.07,95.77,61.92,231.15,205.32,385.03,126.85,191.88,242.75,147.84,52.2,149.22,136.37,134.22
2002-06-27,260.73,184.98,104.37,396.09,129.31,112.99,60.84,188.09,279.0,106.24,99.43,256.44,113.04,121.56,119.16,187.71,154.16,113.16,280.58,109.13,132.29,69.43,138.57,229.43,168.37,207.49,182.46,143.41,275.0,311.64,184.95,242.85,273.37,270.04,198.17,228.87,470.37,181.38,352.95,95.4,62.63,231.72,202.37,385.84,127.36,194.76,243.89,145.75,51.64,147.43,136.58,135.61
2002-06-28,261.02,184.32,105.3,392.59,130.53,111.4,60.94,189.64,280.48,106.39,100.05,255.18,112.12,120.27,118.41,186.93,152.89,114.24,277.57,108.16,134.07,69.32,139.51,233.36,170.84,210.87,184.16,140.5,276.86,307.51,186.34,237.84,271.54,267.11,198.8,229.11,463.58,182.64,348.36,96.67,61.66,235.81,201.65,382.29,127.5,196.02,240.89,143.86,51.79,146.33,138.31,137.33
2002-06-29,261.55,185.99,103.71,394.37,130.85,111.46,60.78,184.73,276.4,106.18,100.56,254.83,113.69,121.8,119.0,186.15,155.18,113.46,277.11,107.16,133.91,69.38,140.16,231.94,173.79,211.1,183.21,139.03,278.23,307.66,185.48,241.79,271.46,271.23,196.96,225.91,463.7,183.27,347.94,97.87,60.89,236.29,202.64,386.26,128.43,197.5,241.64,146.47,51.39,145.64,140.18,136.1
2002-06-30,265.23,186.93,102.89,392.95,130.9,111.77,61.11,185.11,280.02,106.49,100.2,255.13,114.22,121.91,119.97,186.0,154.27,114.1,276.67,106.02,132.58,68.92,143.33,232.98,171.96,207.69,184.83,137.28,281.57,306.75,186.31,237.26,272.87,275.28,197.62,223.52,459.06,183.17,344.91,96.92,61.87,236.03,205.03,388.28,128.69,197.99,242.34,145.73,50.83,146.65,140.24,133.87
2002-07-01,266.17,184.69,102.25,390.05,131.73,112.58,60.45,186.23,273.6,106.55,99.18,257.49,112.65,122.45,120.11,183.49,151.79,114.24,277.2,106.51,134.1,68.59,145.36,230.87,172.67,208.46,189.15,134.94,282.34,306.03,187.79,236.48,274.34,276.01,198.49,219.69,461.89,183.53,346.53,96.6,61.89,237.57,200.78,386.59,130.72,195.93,236.75,144.81,51.57,145.25,139.4,133.22
2002-07-02,264.25,184.87,102.68,387.2,132.42,111.94,60.72,185.85,273.77,105.42,98.86,259.76,111.77,122.58,119.94,182.63,151.91,112.74,277.12,106.96,132.45,67.99,145.68,230.32,173.01,209.92,187.21,133.49,284.0,306.96,185.89,235.28,277.9,276.9,194.31,222.25,465.8,182.66,347.97,94.05,62.85,239.76,201.27,384.94,131.22,195.52,239.02,144.12,51.83,144.33,138.15,131.82
2002-07-03,265.03,186.76,103.76,386.38,133.06,111.77,60.94,190.53,274.4,105.3,99.33,261.38,113.09,123.1,119.82,183.51,149.85,110.15,274.89,105.32,130.59,69.01,144.26,224.38,172.53,211.31,188.34,134.99,276.32,304.54,182.09,238.48,277.26,273.94,194.21,222.65,467.11,182.09,345.21,95.93,63.24,240.89,198.98,391.19,128.91,194.32,235.79,143.66,52.42,143.06,137.25,132.86
2002-07-04,263.26,187.54,102.7,388.5,132.09,111.74,61.02,192.44,275.12,105.39,98.38,258.96,112.19,122.73,121.04,186.32,151.02,109.71,273.5,107.64,129.89,69.44,144.1,222.26,174.04,210.46,187.49,133.68,279.69,303.83,179.71,240.73,275.56,275.66,196.74,223.33,465.76,181.54,345.13,95.28,63.67,242.53,197.62,390.32,128.36,193.87,234.19,146.55,52.58,143.17,138.13,134.02
2002-07-05,263.27,187.86,102.1,391.66,132.13,112.74,60.9,192.74,277.97,104.83,97.6,258.72,111.6,121.12,122.06,187.38,150.92,108.34,276.23,106.27,128.68,68.48,143.04,220.47,174.2,213.2,185.19,130.86,280.75,304.85,180.67,242.32,280.29,275.54,195.62,218.0,469.84,183.58,347.81,94.5,63.68,241.48,197.98,385.05,127.49,190.94,229.98,148.75,52.34,142.75,136.89,134.45
2002-07-06,264.46,187.54,104.12,397.07,131.06,112.02,61.16,192.11,279.86,104.01,98.58,258.23,110.88,119.56,123.46,185.56,149.6,109.93,278.67,106.3,126.95,68.65,141.55,223.31,172.82,208.47,184.07,127.82,284.28,301.49,177.47,240.19,285.54,276.43,199.23,218.24,477.22,185.42,343.45,93.68,63.99,240.25,198.28,387.28,126.07,190.06,229.2,150.85,52.81,142.25,139.05,133.99
2002-07-07,263.82,189.03,104.02,396.33,131.34,113.44,60.67,193.07,279.26,104.5,97.32,261.23,110.51,119.76,124.38,188.94,149.52,110.16,279.06,105.73,128.48,67.99,143.4,223.6,173.91,204.05,182.93,127.66,284.4,298.42,179.44,240.48,289.83,277.35,195.63,218.36,476.82,183.09,343.23,93.26,64.79,241.31,197.39,380.12,127.13,188.3,232.6,148.85,52.27,143.3,139.52,133.33
2002-07-08,261.22,189.52,105.07,395.86,131.61,112.07,60.65,192.51,278.83,104.26,98.07,261.1,113.2,120.92,126.83,192.44,151.42,108.27,285.22,105.96,129.32,67.96,143.2,223.26,173.8,204.75,183.44,127.16,278.51,295.7,180.73,242.96,283.45,277.35,194.04,221.19,482.74,184.2,346.63,93.86,63.85,246.5,195.52,381.06,124.72,188.06,233.29,147.92,51.95,141.07,139.84,134.1
2002-07-09,257.37,188.75,106.17,395.64,130.42,110.63,60.16,192.07,274.53,104.24,97.09,262.19,111.47,119.94,127.73,193.66,150.59,107.43,281.44,107.13,129.92,67.8,143.01,227.37,173.85,205.58,181.73,125.08,280.76,299.95,178.97,244.59,280.53,281.2,192.4,218.46,479.88,186.1,344.86,93.87,64.55,247.2,196.26,380.6,123.7,186.54,232.84,148.73,51.51,139.7,140.37,134.98
2002-07-10,259.01,185.79,105.79,386.13,128.51,112.33,61.06,193.02,279.34,103.48,97.29,261.05,111.07,121.2,127.0,197.53,148.38,109.01,285.33,107.53,130.6,67.88,141.03,229.77,173.52,206.46,178.88,125.53,276.52,301.63,177.76,246.45,280.41,275.16,192.93,220.65,478.71,186.35,343.5,94.33,64.73,248.14,194.3,380.25,123.88,190.53,233.54,149.53,52.33,138.91,138.85,135.1
2002-07-11,259.05,185.73,103.95,391.61,128.13,111.98,61.79,193.2,276.02,104.62,97.39,264.89,110.36,118.79,127.03,195.63,148.11,109.23,286.18,109.45,128.86,68.59,144.73,233.76,173.87,207.51,182.66,125.3,276.77,304.66,176.43,248.23,284.85,281.55,192.37,219.98,476.18,187.98,342.19,94.71,65.26,246.96,196.23,371.79,124.05,189.69,234.3,148.96,52.87,139.72,137.85,135.05
2002-07-12,261.46,186.61,103.47,395.15,129.08,112.84,61.65,195.9,275.74,105.99,96.13,266.31,110.51,118.1,128.42,195.23,147.31,109.74,280.38,110.36,131.01,68.88,145.54,233.25,173.6,209.65,184.21,124.04,277.64,304.1,178.24,245.89,286.93,283.55,191.66,218.2,483.97,193.22,339.99,95.29,65.67,246.25,199.0,367.02,124.61,188.87,236.22,148.29,53.23,138.89,137.51,135.91
2002-07-13,259.74,191.4,102.16,396.35,128.72,110.2,63.04,195.83,272.69,107.21,96.35,271.09,111.12,119.2,128.25,193.95,145.45,107.22,279.48,109.41,130.07,71.28,144.97,231.78,174.56,213.32,184.99,124.71,274.74,308.06,179.28,245.2,286.79,285.68,191.45,217.86,478.37,192.26,341.76,95.5,66.52,248.53,200.99,365.3,124.08,188.22,234.61,148.95,53.18,138.91,139.15,135.7
2002-07-14,257.13,193.78,102.73,394.58,131.52,110.56,63.71,196.02,274.16,108.95,96.31,268.65,110.41,117.61,128.22,193.47,145.7,106.99,279.51,109.1,130.55,71.3,146.95,234.11,179.02,215.93,185.24,125.1,278.97,311.32,176.08,243.31,287.16,285.46,188.56,215.91,479.46,190.36,341.31,96.88,66.73,244.5,203.89,361.23,123.42,188.57,234.36,149.44,52.7,139.09,139.04,136.6
2002-07-15,256.6,192.68,103.52,395.57,131.37,109.62,63.98,196.35,275.32,110.4,96.53,269.56,109.2,117.95,127.61,196.99,146.05,107.47,283.33,108.81,129.38,70.43,145.69,229.9,175.85,215.62,183.25,124.13,282.56,309.51,176.2,242.45,287.16,286.67,187.48,214.77,479.35,193.1,338.53,96.8,67.23,251.02,199.16,361.54,123.18,188.35,234.66,150.46,52.95,138.89,138.73,134.51
2002-07-16,258.26,192.96,102.32,395.34,132.53,109.29,64.18,200.58,274.47,111.21,96.75,272.38,109.75,120.32,126.54,193.87,145.92,108.04,284.99,109.19,128.2,70.35,145.73,230.14,176.75,219.7,179.34,124.73,283.99,307.07,175.74,244.35,284.96,283.06,188.37,212.72,478.32,198.0,341.34,96.41,66.26,248.89,200.5,355.9,122.16,186.76,231.82,148.77,53.27,139.23,139.89,135.49
2002-07-17,259.64,194.77,100.86,391.32,131.95,108.16,63.75,201.93,272.98,110.66,95.83,270.2,108.54,118.68,125.43,192.92,148.62,108.96,283.16,108.19,128.26,71.12,146.84,233.34,175.09,220.46,184.0,124.54,285.34,303.69,177.19,246.06,285.97,280.63,189.45,214.8,482.53,196.82,344.33,95.24,66.33,249.77,200.08,353.32,123.64,183.43,231.65,147.74,53.72,139.89,140.45,135.88
2002-07-18,259.4,194.29,102.09,394.21,131.82,109.79,63.32,202.52,275.81,111.16,96.09,270.54,107.34,119.51,126.72,193.98,148.81,109.32,289.25,107.08,127.54,71.94,147.19,230.92,176.69,221.42,184.88,124.05,282.34,306.26,177.56,245.15,277.15,282.12,190.15,215.79,484.25,195.51,343.16,94.64,65.65,250.18,198.96,349.11,124.7,185.83,230.05,146.23,53.3,141.24,138.0,137.12
2002-07-19,260.82,198.92,104.12,394.52,132.44,109.05,63.25,202.94,278.79,112.73,95.42,270.81,107.24,119.29,124.71,195.86,145.09,109.87,286.97,106.01,127.75,72.17,148.7,233.66,173.2,223.25,185.95,124.85,284.63,309.48,180.42,240.37,276.19,280.18,192.95,216.62,484.49,194.17,338.32,93.68,64.82,252.1,199.95,347.33,124.05,187.42,228.53,145.26,53.04,143.32,137.16,138.67
2002-07-20,263.81,197.82,104.25,394.77,132.4,109.66,62.85,202.82,277.71,112.96,95.92,267.36,108.73,119.14,125.65,198.59,142.9,109.78,283.2,106.86,125.88,73.27,148.86,234.13,171.91,224.58,187.67,125.74,283.72,311.44,179.91,239.78,276.9,284.47,191.06,218.19,484.36,197.45,337.11,93.14,66.13,253.2,201.1,340.55,123.7,185.09,226.73,147.57,53.69,143.56,136.04,137.66
2002-07-21,265.39,196.96,103.52,390.7,131.76,109.62,62.65,201.19,273.97,113.86,95.24,266.54,109.82,117.95,127.91,199.51,145.7,109.58,282.79,107.7,127.1,74.04,148.44,235.7,174.67,224.73,189.41,126.21,284.82,311.45,179.73,242.77,273.9,287.53,192.79,216.44,483.63,199.0,334.18,93.32,66.8,253.1,201.14,335.6,124.0,186.99,222.85,146.42,54.55,139.36,137.76,136.69
2002-07-22,266.5,196.68,102.73,386.9,131.38,109.7,62.6,202.53,273.2,115.79,92.82,269.78,108.93,118.16,127.3,202.19,145.31,110.57,286.51,108.02,126.99,74.71,149.09,236.14,176.42,224.68,187.55,126.04,282.11,304.61,179.57,240.04,273.01,285.02,191.41,219.21,480.05,198.98,333.94,91.28,67.66,251.43,202.58,336.97,123.39,184.48,220.89,143.74,54.7,139.71,139.56,136.13
2002-07-23,266.88,195.82,104.26,383.58,130.68,110.84,62.62,205.47,269.57,116.2,94.26,268.56,108.22,117.75,127.43,202.58,144.06,109.8,282.67,108.28,126.63,74.7,153.07,234.85,174.0,229.57,186.48,125.1,287.64,305.39,179.51,234.33,268.83,287.66,190.35,219.58,482.86,197.13,332.97,89.47,68.49,252.83,198.29,336.21,123.43,187.18,222.16,143.95,54.88,139.36,136.47,134.14
2002-07-24,262.64,196.11,103.9,383.36,129.74,111.15,61.9,208.09,269.52,115.55,93.86,267.84,107.98,118.31,126.14,200.72,144.49,109.4,286.34,106.46,127.46,74.68,151.34,235.17,173.4,229.17,184.53,125.48,283.09,307.95,181.55,236.57,269.16,285.34,189.85,218.48,486.89,200.28,329.7,89.02,68.9,250.32,199.79,328.15,123.8,188.21,225.04,144.95,54.66,138.71,138.77,131.84
2002-07-25,260.04,198.91,104.19,382.03,128.24,109.89,61.21,209.19,267.73,116.16,94.35,264.01,106.65,119.65,124.17,202.53,146.33,108.27,282.35,105.98,125.07,75.29,151.87,233.96,174.1,229.75,188.87,123.54,282.46,309.46,183.77,237.88,267.2,288.89,190.14,220.31,491.62,197.86,330.46,89.65,68.53,250.51,198.72,332.46,122.37,187.92,222.41,144.43,55.46,136.89,139.0,133.3
2002-07-26,261.76,197.48,104.84,377.54,129.47,111.59,60.23,213.11,270.75,117.86,94.39,265.14,106.3,120.87,122.91,204.08,145.8,105.94,279.86,105.66,124.82,75.75,150.73,233.57,172.67,230.38,186.98,123.03,283.3,314.13,181.46,242.38,263.2,281.94,190.3,225.91,482.72,197.7,331.16,91.19,68.16,250.6,198.85,331.93,122.85,189.6,221.35,144.96,54.36,135.67,138.84,132.54
2002-07-27,263.69,198.15,104.96,375.98,129.1,112.73,59.99,210.13,272.54,120.6,93.57,264.92,107.13,120.07,124.24,204.12,144.29,107.05,279.53,107.16,124.48,76.3,150.28,233.38,172.18,231.97,188.37,123.12,285.99,309.93,179.18,238.65,264.97,279.63,192.94,227.22,480.19,200.96,334.17,91.96,68.19,249.36,202.42,332.78,122.12,191.24,223.6,147.06,54.74,135.69,140.28,133.39
2002-07-28,267.36,196.06,105.56,380.34,128.31,113.2,59.99,208.89,279.61,120.24,94.31,265.66,106.8,118.18,124.24,200.54,146.35,108.33,279.71,107.55,126.67,76.27,151.81,233.24,173.56,232.1,187.77,124.0,287.16,313.94,180.03,237.23,263.52,277.16,192.28,225.67,482.54,202.71,336.45,89.78,67.13,249.02,199.29,332.81,121.88,195.19,221.78,147.81,54.6,137.18,140.35,131.57
2002-07-29,267.48,199.75,105.97,380.59,127.17,113.0,59.29,203.96,275.91,120.29,93.7,265.66,107.01,119.02,123.0,202.04,148.18,109.29,284.47,109.32,125.66,76.67,152.64,233.49,175.24,227.9,188.29,122.87,288.64,312.33,181.4,240.72,265.0,277.35,193.44,223.43,483.06,202.5,334.29,89.7,67.46,248.13,198.42,329.15,121.66,198.08,219.58,148.92,54.97,138.78,143.73,131.26
2002-07-30,266.75,200.15,106.75,386.38,125.49,112.8,58.56,201.98,276.34,121.01,92.72,264.46,105.33,119.07,123.19,204.47,146.86,108.12,285.78,109.57,126.97,76.77,150.69,235.3,175.98,228.06,188.9,122.07,284.54,311.85,178.22,236.14,267.71,281.43,196.46,223.88,492.08,202.23,334.0,88.93,66.81,244.86,198.76,327.09,120.68,195.75,220.52,148.12,55.34,135.97,143.66,132.33
2002-07-31,263.68,202.44,107.01,387.55,125.37,113.84,58.96,202.7,276.3,122.03,92.4,263.31,104.8,119.8,123.18,205.19,146.35,108.42,281.41,109.66,126.36,76.0,150.16,235.62,177.64,229.84,193.45,123.61,283.98,308.84,179.6,235.75,270.34,274.4,197.27,221.01,489.91,202.92,333.27,89.72,66.44,245.83,197.66,327.23,120.01,195.2,220.08,146.22,55.97,137.75,142.02,132.64
2002-08-01,266.91,201.69,108.29,386.29,125.29,115.45,59.08,202.22,276.13,120.19,92.02,265.01,105.3,117.97,120.42,203.73,144.57,106.89,279.16,108.92,126.42,76.21,150.35,235.39,175.01,231.42,195.02,122.03,278.88,311.58,177.68,231.48,270.65,277.82,197.92,224.5,483.99,200.35,335.34,88.97,66.13,247.67,198.01,328.11,121.3,196.88,218.35,144.87,56.39,135.83,139.58,133.79
2002-08-02,266.99,202.48,108.18,383.44,125.88,114.9,58.43,204.36,278.05,121.08,92.55,264.7,104.86,118.28,118.9,201.46,146.89,106.87,279.92,107.64,126.23,75.34,151.42,233.16,173.6,228.31,192.51,121.96,280.58,309.94,178.38,234.49,270.3,277.8,195.57,222.98,482.61,200.09,333.83,88.79,67.95,248.23,195.39,330.72,121.52,198.54,216.81,147.45,57.25,135.34,138.59,132.82
2002-08-03,268.01,201.67,107.74,383.87,127.59,114.72,58.91,204.88,280.43,122.24,93.61,263.62,104.72,119.0,117.15,202.95,146.85,107.79,284.39,108.0,126.3,76.3,146.75,229.57,173.04,230.36,190.75,121.07,282.56,301.06,179.2,238.62,273.78,283.52,196.03,224.67,482.51,198.06,335.54,88.69,68.21,249.83,193.97,332.04,121.49,199.48,217.53,147.29,56.72,134.41,138.74,133.03
2002-08-04,268.68,202.14,107.81,389.14,128.26,114.76,58.37,200.79,277.53,122.14,92.79,267.26,104.28,116.77,119.39,200.33,148.72,106.79,281.27,107.21,126.32,75.67,147.99,231.8,171.6,226.52,189.94,120.59,284.64,302.93,179.98,239.62,276.69,282.35,197.06,223.6,478.85,195.63,340.05,86.47,68.29,249.3,196.78,335.74,121.8,200.66,219.4,147.27,56.34,133.59,137.58,133.17
2002-08-05,267.27,201.36,108.74,381.67,130.49,116.05,58.96,200.2,278.76,122.91,93.61,265.16,105.43,115.76,118.75,197.33,148.71,107.27,288.19,104.95,124.99,76.05,147.7,234.65,172.31,223.49,186.96,118.04,284.69,301.22,180.78,239.41,275.6,277.36,195.6,226.5,470.32,191.5,337.82,84.82,69.35,251.83,193.51,330.58,124.37,202.77,216.74,146.87,55.36,135.11,138.45,132.85
2002-08-06,263.96,200.45,109.22,382.39,131.62,116.66,58.33,202.83,275.45,124.74,91.82,262.73,104.71,118.05,120.18,198.11,149.96,106.28,286.74,106.47,127.45,77.35,149.34,231.67,171.33,218.8,185.57,118.1,283.38,302.34,178.32,242.0,272.39,272.65,193.85,224.47,475.45,193.79,336.07,84.13,69.06,250.85,194.08,335.27,124.68,203.23,215.0,146.48,55.1,135.88,140.96,131.96
2002-08-07,267.05,200.55,109.85,384.34,130.93,115.34,58.33,206.92,274.09,125.45,91.56,260.35,106.26,117.12,118.08,196.9,151.55,105.35,288.44,105.56,128.68,76.37,148.82,235.27,170.74,220.4,186.63,118.46,283.98,297.8,178.95,239.53,273.27,278.67,196.61,224.36,478.41,193.01,339.41,84.9,70.0,249.04,194.6,332.12,123.31,205.06,216.34,147.03,55.4,134.56,142.85,133.69
2002-08-08,264.06,197.94,110.12,387.14,131.42,113.69,57.58,207.52,270.86,124.93,91.58,262.14,105.15,116.35,117.16,198.78,150.21,105.25,286.35,105.29,127.58,75.55,147.55,235.67,171.6,222.18,185.71,118.04,277.65,294.56,176.65,240.44,273.62,283.91,199.98,224.18,481.68,190.85,334.94,85.38,68.72,250.9,195.46,333.9,122.86,202.2,215.72,147.59,55.97,134.02,142.33,133.31
2002-08-09,260.99,196.67,108.01,395.61,129.89,114.59,57.77,205.89,273.79,123.61,90.38,262.05,105.21,116.43,119.01,197.68,149.68,104.72,284.56,105.31,125.92,74.93,147.38,236.28,170.37,227.15,185.71,116.58,280.95,293.25,179.11,240.17,273.27,284.26,203.86,222.77,485.73,188.23,333.78,86.82,67.62,250.86,195.38,336.49,121.65,203.25,215.8,150.14,55.91,134.33,143.36,130.36
2002-08-10,262.02,193.73,109.81,395.46,130.78,114.9,57.62,204.88,272.51,121.16,88.82,263.1,105.91,115.64,118.44,199.22,152.13,104.71,276.95,106.0,124.93,76.3,147.74,237.23,169.01,229.39,187.51,115.34,286.18,288.75,177.23,237.67,273.88,278.46,201.66,226.39,485.17,188.59,327.78,87.17,67.96,256.35,198.54,341.44,119.64,206.9,216.26,152.14,55.98,136.89,143.26,133.71
2002-08-11,263.57,190.33,108.66,394.66,130.96,114.16,59.12,203.08,274.75,118.83,89.82,256.49,105.49,116.2,119.83,198.09,153.36,107.07,270.74,106.13,124.68,75.64,148.37,238.06,168.25,229.52,186.66,117.27,284.78,292.39,177.78,238.18,272.88,275.58,200.67,224.92,474.81,186.74,327.69,86.64,67.29,255.63,196.92,342.38,118.21,205.95,215.24,153.96,56.31,137.71,144.56,134.59
2002-08-12,264.25,187.61,109.21,397.28,131.31,112.75,59.38,202.37,271.73,119.34,90.3,258.48,105.58,116.45,117.85,198.2,153.44,106.28,268.42,106.79,124.94,74.93,146.59,233.6,168.17,229.98,185.14,116.75,281.81,288.83,177.82,242.47,276.0,279.21,197.53,225.22,477.09,187.18,319.79,86.54,66.51,256.74,194.43,343.4,117.67,206.54,216.47,154.55,56.37,139.24,143.59,134.46
2002-08-13,268.81,186.2,108.21,393.59,131.35,112.32,59.45,202.73,274.48,118.71,90.83,262.36,104.8,113.73,116.67,198.66,153.75,106.29,271.25,105.11,125.11,74.18,146.57,229.46,167.56,226.61,183.7,117.71,280.95,289.52,178.49,235.75,273.06,277.83,196.07,227.9,482.79,188.01,324.8,86.97,65.65,256.27,194.52,339.28,116.71,207.08,214.89,153.27,55.92,138.28,142.89,133.44
2002-08-14,269.05,187.46,109.63,395.73,131.6,111.54,59.03,200.95,275.0,120.21,89.73,266.97,106.89,113.02,115.92,200.83,154.6,107.57,268.43,105.05,125.09,73.58,146.24,229.99,168.07,226.45,182.28,119.24,284.14,285.71,178.28,236.39,267.35,278.03,195.24,230.75,485.94,188.08,332.66,86.18,64.81,253.4,195.09,333.63,118.65,206.49,212.43,153.74,55.74,137.69,146.73,135.7
2002-08-15,267.6,185.11,111.54,402.61,132.2,111.74,59.46,198.68,279.12,119.63,88.34,269.13,107.15,113.13,116.5,200.43,156.06,109.36,271.64,105.63,125.94,74.28,146.47,232.66,169.0,224.07,183.47,120.56,281.48,286.3,178.99,237.66,269.74,276.63,196.43,229.56,485.98,187.68,329.8,86.56,65.74,249.41,200.08,335.34,119.09,205.33,211.07,154.32,55.06,137.98,147.44,134.87
2002-08-16,269.62,186.46,111.37,408.44,131.74,112.41,59.74,198.09,275.46,121.06,86.81,269.5,106.69,114.49,116.72,199.86,156.63,109.96,270.83,105.94,126.26,74.32,145.32,228.52,168.72,227.64,184.55,119.67,278.8,288.94,176.93,236.93,273.04,271.46,198.68,228.14,487.02,188.8,331.49,86.31,65.77,249.86,198.55,330.91,119.68,202.81,208.89,156.65,55.76,136.92,146.23,134.71
2002-08-17,267.02,185.62,110.33,409.35,131.79,111.94,58.81,199.98,273.84,120.58,85.36,274.7,107.52,114.03,115.01,202.1,156.39,108.57,272.24,103.94,126.83,73.68,144.32,225.59,165.86,225.41,184.32,120.78,279.2,289.48,177.14,238.23,268.76,270.66,194.65,229.35,493.71,191.41,331.05,86.55,65.03,246.89,198.41,331.42,116.22,203.89,208.45,155.7,55.33,136.69,145.3,136.26
2002-08-18,269.76,187.74,111.37,401.26,130.13,112.87,58.69,202.68,275.38,121.32,85.38,272.42,108.61,114.5,114.58,201.28,157.68,107.69,268.86,103.99,126.63,71.77,145.01,225.02,167.48,223.34,183.65,121.5,280.94,283.86,176.22,236.6,270.81,272.21,194.48,231.14,491.06,191.63,333.13,87.57,64.7,246.64,198.55,335.32,117.57,208.3,205.03,158.34,55.56,135.59,146.07,136.59
2002-08-19,272.78,188.07,109.84,403.75,130.24,112.74,58.72,203.39,274.88,119.06,86.22,271.8,107.54,115.11,113.91,203.63,158.13,108.55,267.28,104.52,124.64,72.21,144.07,220.71,169.54,224.9,183.4,121.44,274.94,283.52,177.91,235.52,269.99,270.44,194.23,232.21,495.52,189.99,335.36,86.89,64.93,248.24,200.84,335.73,117.1,206.88,202.18,157.96,55.54,138.26,146.2,134.36
2002-08-20,275.6,189.93,109.27,407.59,131.17,112.32,57.97,205.65,272.98,117.52,86.63,267.16,105.59,116.11,113.64,201.06,161.18,109.85,266.48,102.63,123.63,72.35,143.5,220.45,170.73,225.7,183.93,120.44,281.24,282.99,178.12,234.0,264.56,271.08,194.48,235.11,489.83,188.39,332.52,88.09,65.54,247.08,199.02,334.0,117.26,210.67,205.93,159.79,55.33,140.35,148.04,134.29
2002-08-21,277.85,190.56,108.62,409.54,130.94,111.69,58.29,206.42,273.93,117.27,87.2,267.25,104.25,115.66,113.9,202.71,160.81,109.86,268.79,104.28,122.77,71.37,143.74,217.38,169.87,225.54,180.51,121.61,283.8,287.02,176.0,235.07,270.14,272.27,192.41,232.02,489.22,191.2,336.86,89.0,64.85,246.93,201.19,338.65,117.36,209.92,206.8,160.45,55.74,139.66,148.73,137.63
2002-08-22,278.98,188.99,108.82,407.61,131.36,110.96,58.58,206.32,272.91,116.38,86.63,267.83,105.37,115.43,114.63,200.1,162.58,110.35,267.07,104.53,123.71,71.61,142.19,212.2,170.21,228.53,179.72,119.56,283.15,285.14,175.15,232.0,272.71,269.7,194.11,231.23,488.01,191.76,340.23,88.42,64.61,244.89,199.92,336.35,115.84,209.27,203.65,163.97,55.69,138.51,148.49,137.45
2002-08-23,278.07,191.17,108.85,410.3,131.68,110.77,58.12,209.92,269.09,116.13,86.87,267.74,106.68,114.04,114.66,200.02,165.59,111.52,263.55,104.27,123.49,72.17,142.01,210.16,170.15,229.07,178.11,118.28,284.81,287.02,175.58,231.94,273.24,270.47,191.97,230.26,490.49,195.07,340.6,88.48,66.13,246.78,201.78,340.75,118.33,208.92,207.45,163.41,55.27,136.15,151.94,140.02
2002-08-24,279.57,191.71,108.83,411.53,131.51,112.39,57.57,210.44,270.6,116.84,87.38,270.34,105.82,113.27,114.87,199.83,167.84,111.16,264.21,102.74,123.7,73.33,141.1,208.13,169.41,228.28,179.18,113.97,283.93,287.02,175.25,227.27,271.64,272.63,192.58,231.76,480.44,193.6,336.1,89.3,66.82,245.35,202.05,341.09,117.28,210.28,211.95,165.44,55.49,135.54,149.52,139.06
2002-08-25,274.38,195.73,109.01,418.39,129.82,113.21,58.19,211.58,274.34,117.59,87.09,271.84,105.55,113.35,115.96,201.83,169.12,110.32,262.58,101.71,123.0,72.42,142.24,210.02,170.46,226.65,180.6,114.63,285.31,285.64,178.12,227.49,272.02,273.96,193.06,231.25,485.31,193.94,332.89,89.91,67.62,241.84,203.4,338.81,117.64,210.19,214.44,166.64,54.83,137.44,150.12,139.89
2002-08-26,272.41,196.94,108.46,414.28,131.11,115.98,58.64,212.15,274.82,116.44,87.22,272.93,104.73,111.89,117.89,204.23,169.42,109.32,263.54,101.93,122.74,71.31,142.55,209.65,171.99,227.77,180.36,115.57,286.74,285.41,176.08,226.14,272.7,269.62,193.09,231.05,484.37,190.96,337.31,89.74,67.93,246.71,203.22,337.95,117.76,210.49,210.89,166.09,54.27,136.57,149.04,138.45
2002-08-27,271.71,198.63,107.23,409.9,131.76,115.38,58.23,212.38,273.58,117.45,87.43,273.31,104.97,111.42,117.71,205.85,169.75,108.98,265.22,102.45,123.32,72.39,141.03,207.3,171.58,227.28,178.87,113.9,287.13,286.47,176.24,221.15,275.45,268.75,194.45,229.62,491.77,189.26,331.12,89.13,67.75,246.81,201.48,330.78,117.81,209.89,208.73,165.78,53.81,135.88,149.99,139.48
2002-08-28,268.21,197.99,107.3,407.74,134.59,115.65,57.87,208.53,274.34,119.73,86.06,274.32,105.12,114.08,118.5,205.11,170.18,108.59,265.93,101.65,123.11,71.45,141.54,208.83,175.36,227.5,177.27,113.5,289.24,290.13,174.49,223.78,277.06,267.43,194.13,231.98,492.3,188.84,335.19,89.01,67.15,250.57,201.79,331.57,121.01,209.69,207.91,165.06,53.41,132.8,149.47,140.17
2002-08-29,274.01,197.95,107.02,409.16,135.17,115.66,57.25,205.9,277.45,119.58,85.44,276.59,105.65,114.85,120.11,205.38,171.75,106.74,265.46,101.59,122.39,72.06,142.42,208.63,173.08,226.1,178.52,114.26,292.82,295.14,173.98,221.83,277.43,264.29,195.4,232.97,492.62,189.26,336.67,89.26,67.08,249.09,197.89,334.69,121.81,209.75,201.86,166.11,53.5,133.27,149.32,140.7
2002-08-30,274.56,197.33,107.36,402.58,134.57,116.45,56.84,202.1,275.98,121.43,85.38,273.59,106.2,114.63,119.09,207.52,172.14,108.48,258.4,101.15,121.41,72.19,143.81,209.43,173.31,226.48,178.23,113.47,287.37,296.19,171.36,221.18,276.8,265.47,195.83,231.8,504.18,190.18,338.63,89.12,67.5,249.1,199.43,333.81,120.18,209.38,202.56,164.58,52.65,133.44,146.31,141.05
2002-08-31,276.71,194.08,107.02,403.51,134.84,116.93,58.26,203.45,276.76,121.83,85.56,268.8,107.12,114.99,117.52,208.13,173.26,108.13,261.6,101.45,121.65,72.07,142.3,208.67,170.7,227.96,179.12,111.91,282.97,294.68,171.93,222.21,276.43,261.97,196.59,232.16,499.37,192.68,330.84,88.76,67.28,249.17,200.26,333.1,120.0,212.76,203.45,164.06,52.83,134.64,147.44,142.11
2002-09-01,279.79,193.04,107.75,402.96,133.46,115.98,58.48,201.64,276.96,121.16,87.23,266.71,106.88,113.52,117.2,209.06,175.04,108.65,261.32,102.91,122.29,72.45,142.89,208.85,173.9,226.45,176.6,111.74,282.17,301.38,174.96,226.53,276.75,266.69,197.45,231.0,497.46,192.89,329.89,87.44,68.5,252.7,197.2,334.48,120.01,214.94,205.53,163.23,52.52,134.28,146.19,143.34
2002-09-02,278.58,193.01,108.61,407.46,133.28,116.53,57.96,200.26,280.53,122.58,87.68,270.75,107.02,113.0,118.28,211.07,174.42,110.78,264.25,103.69,123.71,71.94,141.74,209.49,173.09,226.34,176.61,112.25,280.21,305.67,174.6,226.86,277.41,267.01,197.23,234.34,494.76,191.59,324.19,88.6,67.7,248.71,197.54,335.9,119.94,215.66,201.8,164.07,52.62,134.77,147.43,142.26
2002-09-03,276.48,194.28,109.89,406.16,133.14,116.38,56.68,201.85,279.54,122.73,88.7,269.83,107.98,113.99,118.83,207.09,173.26,109.31,261.25,102.25,123.24,71.5,142.0,210.13,174.25,227.17,177.33,111.01,276.28,304.79,172.36,224.25,272.39,267.98,192.51,231.48,498.31,189.39,320.19,86.22,68.04,245.92,199.08,336.1,121.8,214.3,199.45,164.11,53.21,134.37,147.84,144.0
2002-09-04,277.28,197.6,110.75,400.35,133.45,116.47,56.83,201.92,275.34,122.93,88.77,269.53,107.22,114.86,120.39,206.65,173.16,110.24,258.69,101.82,125.3,71.72,141.41,207.11,172.31,227.55,173.91,110.36,273.54,302.64,172.61,220.52,270.7,267.57,189.84,231.42,499.45,188.68,312.63,87.54,67.33,249.94,198.84,334.35,120.2,212.34,201.15,163.73,53.16,135.48,146.74,144.67
2002-09-05,275.92,199.53,110.94,403.76,134.36,117.7,57.4,202.94,279.67,123.57,89.63,268.55,107.85,115.25,119.63,205.53,172.2,108.85,255.76,101.22,124.36,71.2,141.36,210.64,171.46,224.66,172.93,111.07,268.36,305.13,173.22,222.77,272.15,266.67,189.71,232.54,499.19,186.05,308.25,87.2,67.65,245.96,200.42,339.09,121.81,214.35,200.99,162.39,53.03,132.14,147.81,145.68
2002-09-06,276.25,199.31,111.98,392.96,132.52,117.34,57.39,203.86,280.52,121.67,89.05,260.77,108.11,113.69,119.5,207.76,168.45,108.3,253.55,101.21,125.94,71.25,141.16,209.27,168.87,224.97,171.4,112.34,268.72,309.28,175.04,222.11,273.4,268.78,191.27,230.34,497.88,187.31,300.24,85.54,67.61,248.35,199.13,339.2,122.78,214.96,197.68,163.61,52.55,133.58,146.1,147.09
2002-09-07,273.83,194.15,111.01,387.59,131.81,118.93,57.84,203.9,283.32,121.39,89.14,263.73,107.38,114.04,117.77,206.92,168.41,109.52,255.96,101.39,124.89,73.04,138.67,208.94,169.74,225.83,170.36,112.68,272.94,311.27,174.53,221.23,274.55,269.59,191.28,225.48,505.57,189.02,305.93,85.47,66.46,248.21,197.94,335.92,124.87,214.84,199.08,162.03,52.37,131.61,145.55,144.71
2002-09-08,271.13,194.45,110.43,388.22,132.12,118.83,56.75,203.28,278.95,119.66,89.94,267.7,106.37,114.46,116.72,207.97,168.46,108.68,256.94,101.55,123.72,73.24,139.72,207.7,170.73,230.26,168.07,110.49,268.25,310.55,173.72,221.18,272.07,271.14,194.75,225.02,505.6,188.04,302.97,85.11,67.06,250.8,199.16,334.87,125.0,214.32,199.48,162.64,52.27,131.29,143.14,143.62
2002-09-09,268.49,190.0,108.64,387.02,131.08,119.2,56.87,201.71,276.72,118.24,90.64,266.15,107.53,116.23,118.33,209.99,166.21,109.0,254.39,102.94,123.62,73.67,139.19,204.38,170.6,228.44,170.58,111.5,269.41,314.88,173.0,220.54,273.32,277.98,196.96,224.23,511.35,183.83,301.61,83.89,66.61,250.43,200.63,336.71,125.73,209.19,202.28,166.14,52.79,131.11,142.81,145.28
2002-09-10,264.54,189.37,108.81,388.62,131.67,116.88,56.37,203.21,280.34,119.6,91.16,266.81,109.06,118.5,117.24,208.92,164.5,109.56,251.61,104.5,123.69,73.43,139.21,203.88,172.65,229.28,173.08,110.83,273.15,317.66,172.82,220.23,270.69,276.93,201.35,224.84,513.25,184.62,305.95,85.36,66.74,250.58,202.01,334.62,126.68,206.84,205.43,166.13,52.31,129.65,143.96,144.47
2002-09-11,265.36,191.46,107.35,385.3,132.85,115.65,55.55,201.61,279.22,119.47,90.27,264.5,111.27,116.95,116.81,207.24,166.42,110.85,251.19,103.88,124.69,72.3,138.89,204.76,174.7,228.21,171.64,109.46,269.41,316.59,175.0,220.3,268.77,279.77,203.93,221.17,512.25,185.05,302.79,85.28,66.94,254.98,205.38,335.34,126.16,209.31,204.47,169.3,52.43,127.31,145.47,143.09
2002-09-12,266.81,189.83,107.36,384.42,133.1,114.08,54.64,200.58,277.2,119.64,91.0,266.76,112.37,117.16,115.53,210.12,165.06,112.38,251.9,105.56,124.41,72.35,137.26,200.13,176.23,229.6,172.61,109.3,268.94,319.76,171.52,220.08,271.04,280.26,206.07,221.76,520.25,182.29,305.73,84.14,66.02,255.3,202.84,335.91,123.0,210.04,205.34,168.77,52.95,127.64,145.75,142.04
2002-09-13,267.26,192.48,108.04,378.92,133.06,114.47,54.54,202.23,280.31,118.68,91.03,266.7,111.27,116.53,116.4,209.87,164.12,113.13,254.95,105.72,125.6,71.44,137.88,199.79,176.33,227.84,174.52,109.7,267.25,318.06,170.67,220.09,270.71,283.29,206.86,224.49,527.7,182.23,301.43,83.77,66.31,259.09,202.3,334.18,122.81,207.99,209.05,168.51,52.66,127.49,146.31,143.55
2002-09-14,267.73,193.57,108.13,381.21,132.24,114.89,55.17,204.99,278.67,118.74,91.62,263.08,107.43,115.42,117.99,209.43,161.91,112.2,258.05,105.19,126.56,70.16,137.45,200.71,174.84,228.4,173.61,108.96,275.08,319.78,173.24,222.62,275.43,284.89,210.09,224.28,532.98,182.77,302.5,82.26,67.22,260.37,206.56,334.08,123.88,213.28,210.08,170.72,52.46,127.87,145.39,145.5
2002-09-15,266.16,195.05,108.02,375.96,134.25,117.39,55.24,201.45,281.59,120.85,90.94,264.56,109.83,113.53,118.36,207.26,160.51,112.88,258.84,105.87,126.27,70.48,137.03,201.19,174.23,229.44,173.34,107.45,274.6,318.97,172.05,225.06,274.53,283.88,206.76,222.07,531.05,181.97,303.66,81.69,66.49,261.92,208.89,339.02,125.47,209.83,207.31,167.89,53.13,127.22,145.09,149.58
2002-09-16,261.75,195.21,109.35,372.5,136.26,119.2,54.7,200.49,283.5,119.65,90.77,268.94,110.15,113.59,118.35,213.33,163.88,111.38,260.4,103.59,123.13,69.51,138.31,199.24,176.94,232.27,173.09,105.26,277.71,318.92,174.33,224.57,275.11,288.9,206.57,221.01,541.31,182.33,303.84,82.01,65.59,264.44,208.41,337.61,123.6,206.85,208.46,168.56,52.55,126.51,144.38,150.73
2002-09-17,260.92,197.07,109.82,373.64,135.64,119.18,54.0,202.29,287.3,120.14,91.69,269.85,109.47,113.77,116.75,215.06,163.58,110.53,262.69,103.8,122.25,69.8,137.57,201.37,175.14,234.15,174.87,104.83,278.65,317.94,173.71,226.42,276.37,285.97,207.44,221.72,539.68,180.5,306.72,81.67,64.47,261.9,211.6,338.13,124.17,207.51,209.66,168.03,53.06,127.05,143.14,148.84
2002-09-18,261.92,197.37,108.76,372.34,136.35,122.02,53.98,201.7,284.65,120.94,91.58,269.04,110.26,114.96,114.02,214.86,163.7,111.06,262.24,104.6,122.76,70.07,135.95,204.99,172.18,237.7,174.85,103.94,278.27,319.86,174.36,222.69,279.48,287.14,207.41,220.76,534.64,184.42,300.2,80.4,64.22,261.53,207.44,339.66,126.15,209.73,210.45,167.58,53.17,126.43,141.22,148.4
2002-09-19,254.72,200.12,108.12,368.33,135.74,121.74,52.88,201.17,284.73,121.0,92.54,273.22,111.25,116.6,112.96,209.81,164.18,107.42,266.18,105.01,122.6,70.34,137.86,206.75,173.83,232.96,172.17,103.55,279.54,315.21,167.13,224.73,279.63,286.44,208.61,222.42,543.11,182.31,304.15,81.27,64.5,261.37,207.43,337.34,126.19,212.57,211.93,166.77,53.28,125.0,140.9,147.46
2002-09-20,254.59,201.08,107.84,368.27,131.88,122.07,52.3,201.17,287.0,121.45,93.37,273.78,109.83,117.72,113.02,209.91,165.63,107.6,265.4,104.22,121.88,71.6,138.94,203.17,172.85,232.9,169.42,103.04,282.64,316.96,164.29,227.15,281.97,290.23,211.49,222.75,537.39,182.87,303.44,82.43,64.27,261.18,205.59,337.94,127.49,212.6,214.17,166.81,53.77,125.42,140.8,147.22
2002-09-21,250.7,199.4,108.16,364.65,131.31,120.89,51.73,204.1,286.93,121.77,93.31,274.43,111.99,117.67,113.42,210.67,165.34,108.05,262.98,101.76,122.47,71.85,137.93,198.91,173.44,232.2,166.51,103.96,282.48,314.49,167.26,229.44,280.32,289.17,212.95,223.11,543.42,181.4,307.22,83.02,64.93,265.09,204.2,339.73,127.2,211.81,216.91,163.98,54.01,124.07,140.71,145.1
2002-09-22,249.53,204.6,107.47,368.08,129.9,121.28,52.02,203.26,285.69,121.28,91.02,275.11,113.6,120.02,112.46,211.16,166.31,106.63,259.73,101.51,123.76,72.02,137.77,199.62,174.94,234.84,166.55,103.4,279.94,316.34,167.03,233.25,280.51,288.49,212.51,221.89,531.16,180.11,311.55,80.96,65.46,266.39,201.39,341.46,129.44,210.64,215.87,167.04,53.89,123.8,140.15,147.75
2002-09-23,251.31,204.33,107.21,367.92,128.96,122.09,52.72,205.64,282.88,121.69,89.21,277.3,112.25,119.08,112.68,208.81,167.06,105.38,258.85,100.19,124.88,71.86,139.73,198.16,174.21,237.04,167.76,103.77,283.35,315.8,167.25,232.5,282.01,291.53,214.85,222.13,542.68,181.93,311.09,80.21,66.24,265.62,199.87,342.2,127.15,209.04,218.2,163.49,53.84,125.0,140.85,148.29
2002-09-24,249.27,200.43,109.11,366.29,127.39,122.03,53.16,207.17,280.18,122.02,88.51,274.46,113.42,119.48,113.11,209.5,164.71,104.91,259.35,98.85,123.91,71.35,139.47,198.37,172.75,234.23,163.21,104.66,282.6,313.64,169.24,230.26,280.65,292.97,211.53,222.55,540.91,180.46,319.57,79.71,66.42,264.05,199.57,341.09,125.55,205.37,216.8,162.78,53.85,126.3,139.4,148.15
2002-09-25,250.68,200.11,109.91,361.68,126.87,122.83,52.77,204.68,277.01,122.38,89.15,277.35,111.64,118.8,112.74,207.14,161.69,107.09,261.3,100.82,124.37,71.86,141.13,199.37,174.31,234.9,164.52,105.56,279.95,310.32,172.18,228.73,280.9,290.19,211.12,219.99,538.72,179.56,318.71,79.73,66.75,260.34,199.74,343.13,125.3,205.96,215.29,165.29,54.66,127.18,140.83,150.11
2002-09-26,248.03,198.09,111.26,370.21,128.08,121.75,53.32,203.93,277.51,123.38,89.06,276.2,111.26,117.52,114.48,208.99,161.63,106.58,265.61,101.93,123.48,71.84,138.28,200.93,173.64,235.75,162.44,106.84,279.74,312.11,170.09,227.12,286.12,294.78,208.84,219.62,535.76,181.32,328.25,78.66,66.42,258.99,201.97,345.87,124.59,206.72,215.68,165.68,53.81,127.54,142.06,150.78
